,g,ga,ppda,oppda,dc,odc,openplay_shots,fromcorner_shots,freekick_shots,setpiece_shots,penalty_shots,openplay_goals,fromcorner_goals,freekick_goals,setpiece_goals,penalty_goals,openplay_xG,fromcorner_xG,freekick_xG,setpiece_xG,penalty_xG,openplay_shots_against,fromcorner_shots_against,freekick_shots_against,setpiece_shots_against,penalty_shots_against,openplay_goals_against,fromcorner_goals_against,freekick_goals_against,setpiece_goals_against,penalty_goals_against,openplay_xG_against,fromcorner_xG_against,freekick_xG_against,setpiece_xG_against,penalty_xG_against,diff0_time,vantaggio1_time,vantaggio_multiplo_time,svantaggio1_time,diff0_shots,vantaggio1_shots,vantaggio_multiplo_shots,svantaggio1_shots,diff0_goals,vantaggio1_goals,vantaggio_multiplo_goals,svantaggio1_goals,diff0_xG,vantaggio1_xG,vantaggio_multiplo_xG,svantaggio1_xG,diff0_shots_against,vantaggio1_shots_against,vantaggio_multiplo_shots_against,svantaggio1_shots_against,diff0_goals_against,vantaggio1_goals_against,vantaggio_multiplo_goals_against,svantaggio1_goals_against,diff0_xG_against,vantaggio1_xG_against,vantaggio_multiplo_xG_against,svantaggio1_xG_against,timing_1_15_shots,timing_16_30_shots,timing_31_45_shots,timing_46_50_shots,timing_61_75_shots,timing_76_plus_shots,timing_1_15_goals,timing_16_30_goals,timing_31_45_goals,timing_46_50_goals,timing_61_75_goals,timing_76_plus_goals,timing_1_15_xG,timing_16_30_xG,timing_31_45_xG,timing_46_50_xG,timing_61_75_xG,timing_76_plus_xG,timing_1_15_shots_against,timing_16_30_shots_against,timing_31_45_shots_against,timing_46_50_shots_against,timing_61_75_shots_against,timing_76_plus_shots_against,timing_1_15_goals_against,timing_16_30_goals_against,timing_31_45_goals_against,timing_46_50_goals_against,timing_61_75_goals_against,timing_76_plus_goals_against,timing_1_15_xG_against,timing_16_30_xG_against,timing_31_45_xG_against,timing_46_50_xG_against,timing_61_75_xG_against,timing_76_plus_xG_against,shot_zones_out_of_box__shots,shot_zones_penalty_area_shots,shot_zones_six_yard_box_shots,shot_zones_out_of_box_goals,shot_zones_penalty_area_goals,shot_zones_six_yard_box_goals,shot_zones_out_of_box_xG,shot_zones_penalty_area_xG,shot_zones_six_yard_box_xG,shot_zones_out_of_box_shots_against,shot_zones_penalty_area_shots_against,shot_zones_six_yard_box_shots_against,shot_zones_out_of_box_goals_against,shot_zones_penalty_area_goals_against,shot_zones_six_yard_box_goals_against,shot_zones_out_of_box_xG_against,shot_zones_penalty_area_xG_against,shot_zones_six_yard_box_xG_against,att_normal_shots,att_standard_shots,att_slow_shots,att_fast_shots,att_normal_goals,att_standard_goals,att_slow_goals,att_fast_goals,att_normal_xG,att_standard_xG,att_slow_xG,att_fast_xG,att_normal_shots_against,att_standard_shots_against,att_slow_shots_against,att_fast_shots_against,att_normal_goals_against,att_standard_goals_against,att_slow_goals_against,att_fast_goals_against,att_normal_xG_against,att_standard_xG_against,att_slow_xG_against,att_fast_xG_against,res_savedshot_shots,res_missedshot_shots,res_blockedshot_shots,res_goal_shots,res_shotonpost_shots,res_savedshot_xG,res_missedshot_xG,res_blockedshot_xG,res_goalshot_xG,res_shotonpost_xG,res_savedshot_xG_against,res_missedshot_xG_against,res_blockedshot_xG_against,res_goalshot_xG_against,res_shotonpost_xG_against
0,2.176426684416307,-1.3122405189100412,0.8424216654952981,2.4788691250379937,1.9287611776346805,-0.7686280384835406,0.5683763642582444,1.2039443948834505,-0.5993795645021166,0.03881178607108685,0.5725754220465153,2.2181684510214668,1.26197963240006,-0.347247326542416,-0.4402796314232057,0.8509901146515682,2.1603980725671197,1.2039443948834505,-0.4517530596924974,1.752292437983786,0.5726014920860131,-1.0813625198549826,-1.3633115563250089,-1.3002981183391227,0.6152870175871011,0.007128907991211643,-1.1658710707081081,-1.174837915460184,-1.1710813298150766,0.1413002935617577,-0.1608168802256692,-0.8866836779627404,-1.2178565019541412,-0.7979246405025378,0.5112097940308179,0.007150345206231327,-0.6110076156494739,1.3173991448359814,1.5377663085015771,-1.1721081035895238,0.07557615784957482,1.2535171548573711,1.4149625285927132,-0.20056614001632228,1.6551761873170516,2.2305255282690055,1.5291449963988042,0.48680421666035206,1.6369189954370995,2.110291320084019,1.7501560418592133,0.3054828714949348,-1.4893541475324334,0.9791226923230226,1.718030893058468,-1.5049393125891453,-1.3880512498015496,-0.9255974852584401,1.8673838566180725,-1.2271518805926385,-0.8377527996584292,0.6363613711037859,1.2979098524484964,-1.2149084816859754,1.075527316819171,0.44009268668331875,0.6730914341825628,0.45697391471892623,1.1145324742301193,-0.1850779362147235,1.6525495884943056,0.7459788695366233,-0.23889941979649176,1.7532782752131773,3.366762092370349,1.757372242082591,2.7265994960930033,0.8046838000333916,1.9141098317043037,0.4013548190762641,3.0149242338592805,1.449651590469314,-0.756037420149237,-1.7377621506059475,-0.7717053199543679,-1.7168699896327895,-1.176311651210742,-0.18260141822997708,-0.7302098570240193,-1.2448569693632223,-0.2364282945090347,-1.3233182780291983,-0.43057665693732133,-1.2150918524374867,-0.26897196322349787,-0.9334896066537521,-0.750622889059409,-1.932044258111916,0.15629765661366155,-0.5233470816708762,-0.6461660978383155,1.4172283532162213,1.2102644655495036,0.30118938896583597,1.925278460587684,2.042521262243726,0.22093267495691102,1.7080801921994797,2.3385356887218487,-1.339984092016452,-0.7828464940941398,-0.4617976981092964,-0.9129209481298183,-1.1175484101040223,-0.9857057735971849,-1.4089669017398059,-0.8807354808380188,-0.3130006523591552,0.3688360692472561,0.7738273452935971,1.2975414746328169,0.745290155699208,1.6789395760639991,0.9415915645608471,1.9719917710572283,3.195404807127523,1.8420362183027368,1.3348592112932034,1.8748380830540912,2.3708712476697653,-1.0210972038628217,-1.296721273157902,0.17495473852771834,-1.9229165473891676,-1.4336299119550158,-1.0694654300886997,1.558277708257034,-0.9694615876168605,-0.8839462902393191,-0.5958622485201286,-0.0610677724332616,-0.9441932349842593,0.21617247540558285,0.2698818031287727,0.4136205258282535,2.1254052167329274,0.3759965198128871,1.246679495863982,2.4494701167252053,0.8132373545319294,2.467673456583892,0.009130872211787969,-0.919554033242119,-0.3492565914123371,-0.5399466580717052,-0.962966944935344,-0.4193015764409663
1,1.2593929690723573,-0.8843360018741582,-0.14900444426120635,0.5558909775153218,1.188589904498973,0.08314973503383943,0.044182088921260056,1.7227439631300812,1.0840630395007413,1.2315642360605787,3.6883568706388608,0.38670122323776,0.9195820577178733,-0.347247326542416,1.9078784028338913,3.167574315647504,0.5999040767619,1.7227439631300812,0.7035765335048255,1.6091843915455917,3.6883359183267292,-0.29110504822345173,0.2028559864991261,-1.8116513109443957,-0.2446815261286472,-0.6582358378552107,-1.0809038922077774,0.597546870794404,0.4602757465442341,0.1413002935617577,-0.911295654612125,-0.3991216405593525,1.0342011459628488,-1.5180464676427583,-0.9003468195937824,-0.6582409528755457,-1.7685670005630738,1.4334799901820758,1.9316996754118696,-0.8019307485234815,-0.09787731918223595,0.9377886960627109,0.8695632638402692,0.4330983926163458,1.36203935464863,1.9065902855743366,0.5272091173231447,-0.4383440683955203,1.175157085196149,1.9559927976298006,0.8491439965398029,0.41824238055914165,-1.7117005135818983,2.196364882148837,2.628969860745885,-1.1025271635202878,-1.2450584794025672,-0.16109218769984632,0.8579871773650602,-0.636092488564074,-1.348254192693588,1.7367991074700795,2.294611685805741,-0.7322754828100065,1.0166864319599744,0.8217659901785864,0.44423217301544987,0.13386104572574586,0.04742691379702618,1.0997606292428617,1.3191822363484802,1.6260662998888193,0.04696313380614806,1.5038281141056113,-0.14900140538088577,1.2754288260364348,1.9171515518540672,1.8818699802796601,1.1159602973727192,1.688584149680839,0.7342872839723061,1.1359907125433855,-0.6371769610578354,-0.7165587139535636,-0.8347752235116426,0.8119866083233228,-0.18634640019180088,-0.28823860232996384,-0.7302098570240193,-0.6862673036233148,-1.933862203804669,0.8061594107534196,-0.1673420195083913,-0.9569539778680661,0.4561520521496013,-0.6756640517066432,-1.087124207394396,1.2668272166615986,-0.6516045188179528,-0.9125840095348311,0.3247414313447806,0.6159317349682245,1.5293549084439113,-0.44292557200858224,1.7522197225573304,0.36608002522626243,0.4944138034695614,1.8157103194587467,1.228812759910617,-1.0656514970143025,0.3864517409457095,-0.3618723847626172,-0.9129209481298183,-0.7017164435536885,-0.3243696315671248,-1.0660298443575433,-0.15564036963596894,-0.1615867516821426,0.10827511798323992,2.523867649265271,0.1411119375595372,-0.6578233403604259,0.008790259560544621,2.798250987638574,1.0066811138963474,1.393363828284207,0.3263927228962718,3.899597290774436,0.8400318178073989,1.2916118026563685,-0.15868017099465848,-0.4595177327210042,-1.1393393948024575,-0.15717077733453352,-0.9525460488828628,0.015499498986792693,-0.9667093190113081,-0.46112966901625946,-0.27917360277718434,-0.24100399438032713,-1.2053731957458707,0.032264185665961544,0.7304651619914145,-0.21067085109098108,0.9178330891286028,1.2235359592790684,2.1560766619222087,1.5148560951057515,1.1298035265152293,0.8469106626992717,1.8416870963542582,1.5255077951389457,-0.5190444947535738,0.2697301312621248,0.5372301004055468,-0.8586223099242326,-0.3167549056689211
2,2.237562265439237,-0.4564314848382751,-0.6370911444490232,0.9566719942334736,3.3637871153467667,-1.2300076658054546,1.3153532066134472,1.2039443948834505,0.8250718696541478,-0.3587723639254104,0.006069704120634417,2.8774966530236012,-0.10761066632868721,-0.347247326542416,-1.6143586485517543,0.18910891436701507,2.553125181142655,1.2039443948834505,0.8555754867981414,-1.3474318015886877,0.0060730982873897265,-2.040960878264699,-1.2589003868033999,-1.3002981183391227,0.7586151082063924,0.3398112809144228,-0.3161992857048016,-0.11140704370743117,-1.1710813298150766,-0.42390088068527304,-0.1608168802256692,-1.0671854143065294,-1.1921233117419407,-0.5759847805345759,0.2779299855886828,0.339802365224834,-1.279819704710665,0.7977991704296541,2.536090594507113,-1.345979285514483,0.15266659208593517,2.253323941040462,2.5918767314795663,-1.4282911719921167,1.2154709383144193,2.5544607709636744,3.0320488150122933,-1.3634923534513927,0.8879016674702923,2.724627693347684,2.962295124769107,-2.187598816662797,-1.5919755472475712,-1.4553616873286066,1.280780188568508,-1.389964412855186,-1.8170295609984966,-0.16109218769984632,4.559108334626106,-0.636092488564074,-1.6722149018005534,-1.1872272777990251,3.031320381303504,-0.6218162200080395,0.6048002379455986,2.1303601735909328,1.5885284788510146,0.7262346388799099,0.9366815474912703,0.992690748788063,0.9858148842026548,1.6260662998888193,2.6197261162299066,2.7510789196434406,1.0229197605361926,0.7934854099902786,0.26218065360312176,2.864860745064947,2.1503235401840697,1.471465848716425,1.3665145296930212,1.6676139115907298,-0.8748978792406387,-2.218328473736481,-1.9700334875425871,-2.1383460892921415,-1.409244651450493,-1.4502476274298186,-0.7302098570240193,-0.6862673036233148,-0.2364282945090347,0.27378998855776515,-0.43057665693732133,-0.18254035415980455,-0.7758116423356656,-2.2923126676221646,-0.09838774523020631,-0.5459236998674154,-0.1964853394923064,-0.7167042717332214,-0.6250594124212917,2.7102297144800342,0.7848105416902932,0.7972660296154481,2.9636308887698055,0.12658841993805334,0.47776635066247947,2.577298164329329,1.0436190827693608,-1.8886492820207512,-1.339655177446449,-1.4610508315760888,-0.2574905238314872,-0.28588447700335456,-0.5448150122438115,-1.5928925016270752,-0.5735434600508585,-1.206072014847234,1.3804256447428482,1.0238331030038363,0.23748106564897717,1.0004017004373233,2.9095759145402287,-0.5437359739013343,1.4893364424767879,1.393363828284207,2.884996554330922,0.08332186456263979,0.09042238323637362,1.191415436007555,-1.9473969799064044,-1.1204678962238184,-1.8562271038916445,-0.9721303635135955,-0.182811867967418,-0.6354794584585027,-0.9667093190113081,0.047202249584341584,-1.1069692159757267,-0.44275534390796584,-1.0182303217473854,0.04147037312626654,1.007391993229939,1.080814407124607,0.9954042527132719,2.185529833896518,0.3759965198128871,1.8912238018533205,1.7455595651630653,2.5756068533994063,1.5837937843831424,0.5533205053543581,-0.788707613768877,-1.3034431997925149,-0.984854830651471,-0.5027991264912599,-0.5656610880398053
3,1.4427997121411473,-1.0982882603920996,-0.6116699621475749,1.6272094645119204,1.0828511511938719,-0.5379382248225835,0.8304735019267367,1.7227439631300812,0.17759394503766396,0.03881178607108685,0.8558282810094558,1.4123228707966358,1.26197963240006,-1.144208403852879,-0.4402796314232057,0.8509901146515682,2.0904673155765465,1.7227439631300812,0.229461133381074,0.26633540548681006,0.8557988249551192,-0.6580103029095197,-0.3191998611089189,0.23376145947669597,-1.5346343417022696,0.672493653837634,-1.1658710707081081,-0.8203609582092664,-0.35540279163542127,0.1413002935617577,0.2144225069675587,-1.063068565655512,-1.2668601843683234,-0.3430603347101964,-1.2369999412189057,0.672524191679094,-0.9608477853122507,0.9470459715889183,1.629504215864248,-0.4766233758896866,0.44175572047228645,0.8325458764644909,1.8742461199631926,0.4330983926163458,1.508607770982841,1.9065902855743366,0.8611877436816978,0.1784214549750613,1.8152044914769996,2.1865658729736954,1.7512618143733127,1.223360215320156,-1.4038363144364852,0.8613250610495568,2.373906949793408,-0.9875522637863287,-1.1020657090035848,0.6034131098587475,0.5215216176140562,-1.4241716779354934,-1.5964063711202081,0.07534838704734799,1.7753053494990825,-0.9056867218568134,0.7813228925231882,0.22199365611459435,1.2452395871003452,0.5108260595511229,1.4702343277078167,1.3139003901524593,0.9858148842026548,1.3327038231047539,0.9045507946140675,0.256577308567782,1.2573039937196082,1.516400534059513,1.0441272385190883,2.0159581255,1.7828164618521127,1.4084410655876756,2.4723826619519187,2.1104216114383845,-0.5183165019664338,-0.9568418755188304,-1.150124741298016,-0.09117646237528872,-0.9433786509709913,0.0286729499699965,-0.372764472466807,-0.9655621364932685,-0.5193339460583071,-0.2585794336378893,-2.009984481510901,-0.18254035415980455,-0.18821880689399303,-0.8639466673676861,-1.2890071201487647,-0.9398306748693318,-1.3000533065419388,-0.4823564412394967,-0.5406326707531963,1.9999895301238553,1.5293549084439113,-0.44292557200858224,1.7522197225573304,1.3240464463790989,0.20971179864429468,2.2897316924649043,2.4935187563093613,0.16884518049537028,-1.0241302568801403,-1.2612002048827302,-1.240636160278984,-0.8056744351912719,-0.9857057735971849,-0.09149254932767599,-0.9334816749411174,-1.4611573334123311,0.5834156761705634,1.4405093658542347,2.0684944993483367,0.4901786109610927,1.1515240024313291,0.7559256222530745,0.5240257853159069,2.294384317705865,1.7137645195834919,2.0273002100625623,2.0662330131565496,2.408848630024423,-0.8294489743365632,-0.591707765421567,1.4892488718578942,-0.9721303635135955,-1.4336299119550158,-0.4184864726434043,0.5482828973496973,0.047202249584341584,-1.3004645231657834,-0.7700645445393999,0.802828409760906,-0.5783683607341342,1.0865139450123749,0.2698818031287727,1.4608312342212868,1.4039098107698402,0.1216993566544126,2.5486472541471494,2.4053992090433445,2.26223374996689,1.637513309668278,-0.1241988691819903,-0.7100846177469539,-1.1531323086620158,-0.7883221652727566,-0.9618445242764224,-0.20638251261851576
4,1.993019941347517,-0.8843360018741582,1.086465015589206,1.4884775741094833,0.9469013255158847,-1.052553962989334,1.6822891993493365,1.2615887913552983,0.4365851148842575,-0.09371626392774557,0.2893225630835749,2.0716510727987703,0.2347869083534996,1.2466748280785098,0.14675987714106856,0.5200495145092916,1.8908377454575684,1.2615887913552983,0.24811511636100758,-0.4743990567434054,0.28934472452339094,-1.1236977415495288,-0.5802277849129415,-1.129847054137365,-0.8179938886058127,-0.6582358378552107,-0.5711008212057935,-1.174837915460184,-0.35540279163542127,-0.9891020549323039,-0.1608168802256692,-0.6026285262369065,-0.7232421140959294,-1.3144858190393236,-0.7645578736652227,-0.6582235012666314,-1.5421998319577475,1.3505651006491513,2.1475535750887422,-1.0094544172726263,0.44175572047228645,1.8060419577480264,2.1325931401090874,0.15587015958955353,1.36203935464863,1.7446226642270022,2.69807018865374,-1.0551095917661018,1.0179792894306474,1.547662929310203,1.9154031076238511,0.025227038774169874,-1.4893541475324334,0.6649956755937801,1.4265304233984946,-1.1025271635202878,-1.2450584794025672,-0.16109218769984632,1.1944527371160643,-0.24205289387836434,-1.0125112552196214,1.0243665551424068,0.9787240836732893,-0.90122449323182,1.9581405897071194,0.9308155054629486,1.931817370601684,1.2647560872018773,1.8852198234317974,0.7785509878784654,1.3191822363484802,1.6260662998888193,1.4762759018193472,0.256577308567782,2.6636093928201023,1.2754288260364348,1.3451300661153864,0.6049121361184837,0.9476503632299165,1.0510091529287273,3.169966268310453,1.1642988826056104,-0.8748978792406387,-1.1370542466927804,-1.5285441626416643,-0.6330743047944556,-0.8269121508511158,-1.1861546671798515,-1.4451006261384438,-0.6862673036233148,-1.0851452491568518,-0.2585794336378893,0.6223618927783987,-0.9569539778680661,-1.0236569645796658,-0.857574575203923,-0.5168373331881663,-0.13193254592033296,-0.6241274366789936,-0.7390611699477634,1.021262050106567,1.7996653755618561,0.572083579760688,3.525687553188315,1.2330435084662696,0.6055716305144715,1.4422135654157011,1.9148769092398166,0.5212571911702201,-1.682899835769139,-0.541562731308139,-0.1620217580692587,-1.240636160278984,-0.9096324268288554,0.11652112978624868,-1.6260243511262027,-0.8394381617402598,-0.16324570995454454,1.5336967925452107,1.065500729288876,1.8757562431694565,1.1279574728063808,1.942647362880334,0.7559256222530745,0.041370456735466396,2.744894562416694,1.940190686606135,0.8463571365184767,1.2286281609480298,0.8148059357920103,-1.1328920044198059,-1.1204678962238184,0.055473453679520536,-1.2437835589066162,-0.5676789584251404,-1.2864584159037982,0.043285491896028795,-0.46112966901625946,-0.6275212536609045,-1.175590821501055,0.4396874543620997,-0.9560557365053378,1.2447578485772461,1.020745325347138,1.8099014703522978,1.9450313652421554,2.410373825080683,1.269901509348963,1.3888107596601043,1.3311958743575285,1.6551433826164328,2.65467319602894,-0.15933289553865315,-1.7083045118488267,-0.5515457480705231,-0.4633207248566115,-0.3097087577678032
5,0.46463041577426784,0.1141078712095689,0.0391123047695154,0.9682329851003431,1.1583788321260868,-0.8218641493283768,0.7518443606261891,-0.9288982745749194,-0.987866319272007,-0.7563565139219077,0.8558282810094558,0.6797359796831531,-1.4772009650574345,1.2466748280785098,0.14675987714106856,0.18910891436701507,0.8152066337767078,-0.9288982745749194,-0.837139067120959,-1.1637658239422788,0.8558582596486353,-1.0813625198549826,-0.528022200152137,-1.641200246742638,0.04197465510993557,1.0051760267608452,-0.061297750203809676,0.24306991354348642,-1.1710813298150766,-0.9891020549323039,1.7153800557404704,-0.2750129295567393,-0.7300000539409368,-1.7941246418555161,-0.20519765073210183,1.005141308479868,-1.53191041520296,1.1128757506547675,0.5934054974152596,-0.6000158275783674,0.19121180920411535,0.5694388274689406,-0.04900391890068949,-1.1114589056757826,0.6291972729775763,0.7728169361429957,-0.14074813539396164,-0.7467268300808111,0.5831928691594741,0.6316182097422673,0.10526688411308589,-1.211308396502126,-1.5406648473900022,0.15453927340876117,0.7342168079560578,-0.613883839650961,-0.673087397806638,-0.9255974852584401,1.8673838566180725,0.34900649815020013,-1.0584611263990056,0.8845048081479724,1.5383542653501026,-0.3915616457253139,1.7816179351295296,0.16746889847241325,-0.07070116461055423,-0.08154753360304104,-0.011856728449256757,0.029061824694874037,1.6525495884943056,-0.13410856081557276,-0.8106245270017715,1.7532782752131773,-0.14900140538088577,-0.17040142210203385,2.531323563326001,-0.2498439474844529,-0.528825807964431,1.4839827365552893,-0.1342609631494906,-0.22836884061275334,-0.8154676496949378,-1.016912665910147,-0.5194257057252691,-1.4760265041131597,-1.3510114013905554,-0.34105719437995724,-0.015319087909594756,-0.12767763788340744,0.8951943116880549,-0.5247641447357165,-0.1673420195083913,0.3337353949790365,-0.8230430236596652,-0.24636016440089242,-0.1720232960734149,0.21443630666874028,-1.0157626721866366,0.7278850608514691,-0.8150195811745061,1.216904198654222,0.2529931368662802,0.0531510686410299,0.540808556344855,0.12658841993805334,-0.28933921015021447,0.7617468963589651,-0.09373311802096818,-1.2485398936824021,-0.7086053363138318,-0.06209644472257946,-0.2574905238314872,0.7536954393724802,-1.2061511542738717,-1.2982272882975328,0.007923800766520783,-0.43704670851827954,0.5374343318298548,-1.1012158375331962,0.526588449917297,2.148403651758842,0.5362058331932145,-0.35807003159356166,1.0066811138963474,0.4923433388625489,0.692914036117354,-0.460000676389044,0.13656396880932073,1.4185637357470586,-1.0370678896566765,-0.7238977981221298,-0.900376825106062,-0.5646505704240645,-0.27902864058184856,0.4494854706169897,1.0532803028033657,0.047202249584341584,-0.35479321923306245,-0.06873494804503108,0.4947101001677316,-0.3229916823875279,0.49309930664410756,0.17977818046256885,0.10333587148957697,0.4419159361523909,0.6302936829713617,0.5260357697324173,0.13544270957013047,0.6563495185579549,0.3315858364615088,1.3263876605073555,-0.5166916930057472,-0.09104400877138469,-1.2616016863519735,0.18907102683754293,0.41385410610532897
6,0.8925794829347775,0.1141078712095689,0.21197634441936727,1.1185258663696502,1.203695440685416,-0.21852155975356596,0.515956936724546,1.6650995666582333,-0.8583707343487101,-1.816580913912567,0.2893225630835749,1.0460294252398945,0.9195820577178733,-1.144208403852879,-1.6143586485517543,0.5200495145092916,1.5050576766986927,1.6650995666582333,-0.5097523140832894,-1.6864586094769758,0.28931500717663283,-1.0813625198549826,-0.632433369673746,0.06331039527493833,-1.1046500698443955,-0.32555346493199955,0.3635381422978436,-0.46588400095834875,0.4602757465442341,-0.9891020549323039,-0.1608168802256692,0.16165853462346927,-0.1096104536283938,0.2105570601509987,-0.9822441142762637,-0.3255717417198036,-1.2695302879558774,0.6983013029901447,0.9333753894063339,-0.3588396720050368,-0.1749677534185963,0.7536137617658257,1.013089386143544,0.15587015958955353,1.0689025219802086,0.4488816934483269,1.0281770568609743,-0.1299613067102295,0.631277946777044,1.1486501296823082,1.74410044004627,0.11780370017191637,-1.2156970816253994,-0.35591712877625786,0.4062787795885878,-0.4126777651165324,-0.5300946274076557,1.3679184074173414,0.5215216176140562,0.34900649815020013,-0.48292088569067676,1.5425076469411874,0.09818791247041318,0.08584156177988998,-0.04244949550556344,1.148914536031673,-0.12791597990233247,0.45697391471892623,0.9959651897375532,0.29673652583187093,0.9858148842026548,1.9194287766728846,0.6186882410114277,-0.4917731747549156,0.5541512941693613,0.5525137019672005,0.8727300374638267,1.658400499274813,0.7939411732815715,0.9223295762770412,1.3239681822074745,1.0497648676192424,-0.5777467315121345,-1.4374081986493639,-0.6455655128398184,-0.5728634334145482,-1.176311651210742,-1.238973259229845,0.3421262966476175,-0.4069724707533611,-0.8022395976075795,0.8061594107534196,0.8855965302073286,-0.4406782287292251,0.8564861294144015,-0.6332235108435408,-0.1396393279995432,1.0354699573180604,-0.5238320623295434,-0.5160587011589071,-0.3295658165829581,0.9983687573138593,1.103900984584701,0.7972660296154481,0.6273379253600319,1.0845548410908896,0.6547677589797908,1.2623683346914512,1.6449725096790861,-1.9115103316042636,-0.2817186790770615,0.03782886862409977,0.07022468831767838,0.12994748954697935,-0.3243696315671248,-1.6262534637490702,0.0029507784928263993,0.07216802523326048,0.26154626578560236,0.3988187087282385,0.815695834185617,1.765736334651669,0.9757188112204392,0.013261853021983716,0.5240257853159069,0.9428535835733779,1.0205782277185704,0.618757876661951,1.325235022280234,2.9406618257652446,-1.2925988623583544,-0.9001511750562137,0.413917308224114,0.1144824180584871,0.10583844987587379,-0.6354794584585027,1.0532803028033657,0.5555341681849426,-0.2751983386092104,-0.5574674436230892,2.947351616196315,-0.14414006931429088,0.7700261378826323,-0.3007744737571849,0.9178330891286028,0.862788256297525,0.3759965198128871,1.1858563761369394,1.1231864997751682,2.054430895464525,0.97771645091587,0.9202379129383318,0.31743617063447466,-0.47186820123743967,-0.7329610936663464,0.4229356173728083,-1.108557061853484
7,0.6480371588430577,0.18542529071554942,-0.7692812924165578,1.9046732453167952,1.460489555854947,0.7574738057350986,0.3718035110068753,0.1663452583901895,0.4365851148842575,-0.6238284639230752,1.9888397168612177,0.16692515590371523,0.2347869083534996,0.4497137507680469,-0.4402796314232057,2.5056931153629507,0.5826896860919185,0.1663452583901895,0.692801692224839,-0.7109762808885454,1.988809750259011,0.14635890928686,1.9256402836056745,-0.7889449257338499,-1.677962432321561,-0.6582358378552107,0.7034068562991661,-0.46588400095834875,-1.1710813298150766,-0.9891020549323039,-0.5360562674188971,0.2727563083443471,1.0851552437073564,-0.7130257416107105,-1.4611025990526871,-0.6582235012666314,-0.11711561141967129,1.3118714855337865,-0.5722055608398524,-0.40931840224131527,0.32612006911774594,0.6220602372680507,-0.39346661242854897,0.3142862927477205,1.0689025219802086,-0.03702117059367631,-0.6417160749317913,1.7203352634015152,1.208360726260342,0.2502236928071091,-0.3117597798420527,1.5868127980427607,-0.2921044841891598,2.2356307592399927,0.15121586863611114,-0.01026561604767505,0.18486922458725594,1.7501710561966382,-0.48787506163895594,-0.04503309653550951,0.2780288148092369,1.745566883062429,-0.33623546237453944,-0.12004725057667082,0.6636411228047951,-0.9230262543712087,-0.29956042577766717,1.2647560872018773,1.233099758722685,0.18966664537707217,0.9858148842026548,-1.3075584679518342,-0.8106245270017715,0.7554776307829137,1.2573039937196082,1.516400534059513,0.8140068790569656,-1.1656475852091996,0.22858313018900409,1.698883506957242,0.7726164312787507,1.10824081894032,0.19484625258197602,0.18450314191618689,0.489692751191126,-0.3922308192748259,0.33775285034763863,0.8209518307198974,-0.372764472466807,0.15161719498654624,1.1780999632373272,-0.7909488558335438,-0.43057665693732133,0.8500111441178776,0.4955123404380796,0.025210359173518514,0.05154113160275298,-0.25867315181756273,0.11863763421521535,0.15153330568243362,0.3880614875958521,0.45203015396295243,-0.8106416727817457,0.549227709290642,0.8869260324055623,-0.831378001214783,0.8470519530160002,1.0302489664833703,-0.6695715634108239,-0.7455968028451281,1.1103030293037113,0.23767949531745824,-0.2574905238314872,0.6497374477348967,-0.5448150122438115,-0.44129860003608007,0.4283606592432712,-0.22466277251915936,0.43014452836820105,0.35715108244319865,1.2011723465433768,-1.5507137469438295,0.2724980463768795,1.498589391484165,1.0066811138963474,-1.3096976399807672,0.6699740696394115,0.8578143281771219,1.48463545828581,-1.1015117040930034,0.11282148750087437,0.8183192500511032,0.413917308224114,-0.021344179638023215,0.6831390855624574,-1.2864584159037982,-0.9667093190113081,1.5721980053861446,0.28292833570706094,-0.3201110576770086,-0.7329519689308658,0.9620556961337297,0.21617247540558285,-0.3308090146459195,1.344474488844283,0.6222897876431627,-0.641192132821011,0.36148548451489904,-0.07520491614387555,1.5945832015288868,0.9991429618841755,-0.9877242737111406,0.2691196680315069,-0.6765064723590088,0.28342859459553055,0.025247125424226177,2.9225585190639642
8,-0.08558981343210187,0.0427904517035884,0.8170004831938489,-0.1030855018962555,-0.23133049702667016,0.7574738057350986,-0.9386821773355858,0.2816340513338852,-0.8583707343487101,0.5689239860664166,-0.27718315484230605,-0.27262697876437436,0.9195820577178733,-1.144208403852879,0.7337993857053429,-0.14183168577526145,-0.7252782116133352,0.2816340513338852,-0.5273097770266477,0.4805350509861066,-0.27724332573999305,0.2169176121111038,0.7771174188679756,-0.10714066892681931,-1.2479781604636868,0.672493653837634,0.023669428296520974,0.24306991354348642,-0.35540279163542127,-0.9891020549323039,0.5896618941607866,0.6041288203887724,0.24946717579312758,-0.3533059912876392,-1.2690024590448874,0.6725067400701796,-0.3177592381380286,-0.29667737140495015,0.145508655585749,1.0321297833946375,-1.1385981813731005,-0.6671643028101452,-0.2499404901252742,1.4628032581444315,0.042923607640733386,0.2869140721009925,-0.6417160749317913,0.48680421666035206,-0.6116102630701361,-0.33480847114454393,-0.368420438881283,0.7496374312156832,-0.25789735095078054,0.46866629013800365,0.11477830992861446,1.1107396563584275,0.4708547653852206,-0.16109218769984632,0.18505605786305218,-0.04503309653550951,0.5458868376155992,0.2413385461933438,0.6611829344366787,0.672611395291857,-0.9250627683935116,-0.48682819323375986,-0.24234561048588893,-1.0508861405825822,-1.1975295733749156,-0.07800805575992473,-1.3477565808181222,0.4526163927525579,1.4762759018193472,-0.9906734969700474,-0.3833856385643014,0.3115419939441224,-0.8637220357929687,-0.46527434608616575,0.9564578365388889,-0.6082227743979928,-0.8162738637549772,-0.5876427030712371,0.6702880889475825,-0.6564879235622468,0.04820342629020313,0.39051050866397075,0.8618521008870781,0.0286729499699965,-0.372764472466807,-0.4069724707533611,0.3293830085895101,0.007605277459937894,0.6223618927783987,-0.18254035415980455,0.6484059895919067,0.26796739802543473,0.32971865170861653,0.8188888185591694,0.7908699581262011,-0.32436521933466406,-1.1527265478468873,-0.3310551775066808,0.46572009879588544,-0.19488725168377616,0.021632342253794203,0.12658841993805334,-0.7223612740984718,-0.45859747591000494,0.005401797639656359,-0.26551476159136644,0.4421326092809404,1.1370073154375713,-1.240636160278984,0.44182146445972975,0.11652112978624868,-0.06855147772230379,0.7547181947802758,0.1699769879784578,-0.9952771461937696,0.06547769844791967,-0.7262102152454225,0.10751129385391985,-0.07911233604490035,0.3845937376375291,-1.4065955290058552,0.04183309415171989,-0.5723847353313655,0.1527966711349726,-0.9748570363196829,-0.7142018907231096,0.4002938317902621,0.3336224634823728,-1.1393393948024575,-0.021344179638023215,0.29827199510473495,0.015499498986792693,-1.4717067244649766,0.047202249584341584,1.012471638833048,0.08043822164088285,-1.5559562703781238,-0.19803169020875572,-0.9706568013309517,-1.4120524866403654,0.25847819865891525,-0.09920561831992437,-0.8954892959794855,-1.1516498218035853,-0.6621794201287746,0.1074969109666586,-0.1593303910401226,-0.4918411848491112,0.9013888520841542,-0.6377344822557113,2.053943059733042,0.179891005879441,0.836128106442364
9,-0.6358100426384715,-0.38511406533229464,-0.8913029674635113,-0.36898829183426,-0.08027513516224004,0.3670756595396327,-1.1483598874703795,0.1663452583901895,-0.987866319272007,0.9665081360629139,-1.1269417317311274,-0.27262697876437436,-0.7924058156930609,-0.347247326542416,-1.02731913998748,-0.8037128860598145,-0.004249351156712457,0.1663452583901895,-0.4982140666544968,-0.02371346088282724,-1.126953971963099,0.07580020646261616,1.1947620969544115,-0.27759173312857693,2.048567923780015,0.007128907991211643,-0.5711008212057935,0.24306991354348642,-0.35540279163542127,0.1413002935617577,0.2144225069675587,-0.17219359968547804,0.5403587707599509,-0.30442773033308834,0.5734828203849293,0.007115181516627771,0.7369059792276956,0.4771949309023458,-0.8258338929601777,0.07303390890534597,-0.1749677534185963,-0.351435844015485,-0.7379293059564085,-1.1906669722548662,-0.10364480869347736,-0.5229240346356795,-0.8087053881110678,-0.4383440683955203,0.5516715021261503,-0.24306942562760822,-0.7249798824257507,-0.5995791804095221,0.6656952464854591,1.5681108486903523,-0.9054733338812923,0.07596555875279438,-0.1011163162107087,1.3679184074173414,-0.82434062138996,-0.24205289387836434,0.47935079834687633,1.6037976957877336,-0.5991433057626525,-0.6268748429858952,-1.1604263078302979,-0.5413529508759409,-0.8717085786954495,-0.7816254164215986,-1.0789622888823498,-0.6133574580339186,-0.3476545243806463,-0.7208335143837035,-0.8106245270017715,-0.9906734969700474,0.5541512941693613,-0.6523448381481901,0.42972270131320434,-0.4810016724599301,0.07746657866294884,-0.3464644087970655,-0.04650506874257944,-0.3520739386993187,-0.756037420149237,0.18450314191618689,0.5527626547484007,1.3538844507424896,0.687152350707265,0.39840309431995025,-0.7302098570240193,-0.4069724707533611,-0.5193339460583071,0.5399746996555924,-0.9570459317951813,0.3337353949790365,-0.7854266382934063,0.3425709296108811,0.08383393890060042,0.473027571862997,-0.08693356295757658,-0.048839976631084636,-1.6592869978554592,-0.5131680452903163,1.635718389408714,-0.9390022126581944,-0.9301907169131507,0.36608002522626243,-1.4608810486646486,-0.5892298039079686,0.8636674798767541,-0.26551476159136644,1.0546221609684805,-0.4617976981092964,-0.2574905238314872,-0.07796849372818761,-0.9857057735971849,0.35800467703838845,0.24635530999743363,-0.7051930288642191,-1.0412584905344784,-0.05952518040719987,-0.9189484714243025,-1.295602202205714,-0.1670149316503453,-1.286399743132425,0.5240257853159069,-1.3096976399807672,-0.09696598051118784,-0.5413075941639949,1.2200290850392896,-0.6405746099203302,-0.030914684643819492,1.5673961020209592,-0.5419329705614685,1.6085749927201005,-0.7601125036540015,0.23249248480189116,0.5482828973496973,0.047202249584341584,-0.42801067122857683,0.4719277182566752,0.5171028954652295,0.8021100931385287,-1.128900704895823,-1.1117070777530194,-0.6335901825647797,-0.6403271727922396,0.8845908461298362,-0.40502422289692025,-0.15648297091012023,-0.25151364952955524,-0.19959151788667184,1.6292004226271477,-0.2806210038661857,0.699526540530221,1.6952164994133463,-0.7165611536749334,-0.7775097149998569
10,-0.3912677185467517,0.3280601297275104,1.6152256074593419,-0.1917197652089239,-1.288718030077681,1.502779357562806,-1.2794084563046257,-1.6782754287089412,-1.505848658965194,-1.816580913912567,-0.8436888727681869,0.16692515590371523,-1.1348033903752477,-1.144208403852879,-1.6143586485517543,-0.472772285917538,-0.31173765890557653,-1.6782754287089412,-1.1991118706183401,-1.4806641436500307,-0.8436823457270978,0.49915242340807914,0.35947274078153957,0.4042125236784536,0.3286308363485183,0.007128907991211643,0.44850532079817423,0.24306991354348642,-1.1710813298150766,-0.9891020549323039,0.5896618941607866,0.9354501653467328,0.6393768616073813,0.557994701723351,-0.18178327010642636,0.0070802782987990556,0.11954097394044244,-1.1479369039429757,-0.11351602402649813,1.0321297833946375,-1.890229915177614,-0.9302713518056954,-0.5656979591924787,0.23507822616863702,-1.1296237230329527,-0.5229240346356795,-0.6417160749317913,0.7951869783456429,-1.3255730925491949,-0.37308927392058333,-0.5805177278053812,0.013131984120121728,0.44334888043599396,-0.8271076538701216,0.1876534273436078,0.73707123222306,0.6138475357842029,-1.307850134037737,-0.82434062138996,0.7430460928359098,0.6275557358938896,0.014974508749899392,0.1802797824589563,1.3157424473932193,-0.748540113815922,-1.3046995578664764,-1.729930808072123,-1.2124425750791723,-2.4424860605468575,-1.3093116809901106,0.9858148842026548,-1.0141959911677687,-1.3823496342070511,1.2543779529980454,-0.8521541049311327,-0.6523448381481901,0.14717141342351137,-0.6985266761549991,-1.3240315460552552,0.07976637790048798,-1.2807379716184586,-1.011336048959108,0.9080090071303858,1.0254942073946207,0.6158325583056754,-0.3922308192748259,0.2212863502277632,0.39840309431995025,2.129353219433679,0.43091202785649996,-1.0851452491568518,0.27378998855776515,-0.1673420195083913,0.07559752040961597,0.9583468538370201,1.0993796334901516,0.07459234210982957,-0.7152203073403947,0.6574445942819371,1.6564907999920746,-1.9125672228597452,-0.8591824940792241,-1.767913001464969,-0.19488725168377616,-0.0648970267613826,-1.0708696065029921,-1.5049565539389362,-0.3735576212442622,-1.417364407102432,0.1002620317448329,0.5906149248415562,1.0370820020908922,-0.9129209481298183,0.8576534310100636,-0.3243696315671248,0.43520912350190705,0.6535630946567863,1.0707213381782439,-1.393782130479912,-2.3929122523694315,-0.34073370288766264,-0.4027117956223107,0.18459545077143455,-1.6577316277479703,0.041370456735466396,0.04183309415171989,-0.38166836165331003,-2.0386341771223457,-0.0835389434346707,0.06592750356776393,0.48014726075953645,0.5098758404164565,0.7723611627687074,-0.15717077733453352,0.3944887677191656,-0.20149348682830578,1.0532803028033657,-0.46112966901625946,0.8192568337868331,0.3612411344919081,0.9012976187754165,0.8410859674638331,-1.3662665602431299,-2.313088713302404,-1.331730654826802,-0.3998287041378773,-0.641192132821011,-0.6618096668422703,-1.7707706731875437,-0.5227078029201626,-0.47154895645006656,-0.4386607176503657,0.9039921001591759,1.8186080947655392,0.050544847284897776,0.13519699595136644,0.682049231441035
11,-0.14672539445503183,0.827282066269374,-0.47947981418004115,-0.1030855018962555,-0.11048620753512606,1.1656173222121764,0.12281123022180772,-0.17952112044089752,0.17759394503766396,-0.226244313926578,-0.8436888727681869,0.09366646679236697,-0.10761066632868721,-1.144208403852879,0.14675987714106856,-0.8037128860598145,0.5635613560096994,-0.17952112044089752,-0.17755534573245849,1.6583201197497233,-0.8436823457270978,0.6684933101862643,0.2028559864991261,-0.10714066892681931,-0.8179938886058127,0.672493653837634,0.7034068562991661,0.597546870794404,0.4602757465442341,-0.42390088068527304,0.5896618941607866,1.3772268665058518,0.6613106359179832,0.22650796567197468,-0.9551919339740716,0.6724361782663753,-2.247024879660695,-0.24692843768519537,-0.33476627119529256,1.794919484742846,-1.2542338327276412,-0.062018090120379794,-0.4508770613498589,1.5024072914339732,-0.836486890364531,-0.5229240346356795,-0.3077374485732382,1.1035697400309337,-0.2759150473199746,-0.30526084964125194,-0.3635312326384724,2.500288479923476,-0.6170722499537626,0.11527339631760584,-0.4317850706838356,1.800589054762183,0.8998330765821675,-0.5433448364791432,-0.48787506163895594,1.1370856875216195,0.42825331755858126,-0.1694279909483974,-0.52428604164029,1.991671692478492,0.5459593530864021,-0.5413529508759409,-0.07070116461055423,-0.13539967843523779,-0.6639767931583691,0.992690748788063,-0.6810218765264716,0.4526163927525579,-0.23889941979649176,-0.4917731747549156,-0.14900140538088577,0.3115419939441224,0.6012351790879154,0.5247466154619345,0.135072185893315,0.2937615497907419,-0.6978816350543533,1.4055344209649858,0.6702880889475825,1.0855649977859374,-0.20407618793889565,1.11304096522286,0.687152350707265,-0.49951297052993743,1.4144624503192542,0.9895016935964073,1.4610056147865997,0.8061594107534196,1.1488311676362586,-2.247643350715169,0.755974152718758,3.1106192356004003,1.0100246872345378,1.0372590782476174,1.1145038988620313,-0.8228228674269021,0.2825280605107329,-0.38568903784177144,1.103900984584701,-0.44292557200858224,-0.41101450282208984,0.8450632358026806,0.11225388856840178,0.270053216409754,0.8879708264237499,-0.26551476159136644,1.0175015820783264,0.3376048086641375,0.7256551126160095,0.6497374477348967,0.5574118911396221,0.6264833335448609,1.402562398701582,0.6432194836869274,0.2002378066646574,-0.26786331183239914,0.3338501937384171,-0.9129348850985411,0.008790259560544621,-0.729401916209107,1.4893364424767879,-0.859187395269938,0.5970207224001652,0.11147704091513447,0.9417451753618415,-0.3677592844954466,0.5600006897288108,-0.01888429038579478,1.1308050173133009,0.38613561345150776,0.49070554033359615,0.6664784564320881,2.063275113710702,-0.46112966901625946,1.3151649312130624,0.47434906116817166,1.2014051518341402,0.7219214774480813,0.6909041861001967,-0.5110162599783271,0.2972637804512498,-0.15933023548351496,-0.641192132821011,1.2267916831819865,0.2224169907803784,0.6190737914322909,0.08604488023238303,-0.32356578541615927,1.3429373407836667,0.31412262137489577,2.3005499756615286,1.0286655805383664,-0.2736907830097707
12,-0.3912677185467517,0.39937754923349095,0.9593591040819619,-0.46532988239150813,-0.6844965826199605,-0.058813227219057226,-1.4890861664394195,-0.2948099133845932,-0.987866319272007,0.9665081360629139,-0.27718315484230605,-0.4924030460984192,-0.45000824101087405,-0.347247326542416,0.7337993857053429,0.18910891436701507,-0.3674818621504224,-0.2948099133845932,-1.2218601780374878,1.0286596172607088,-0.27718366927523247,-0.756792486863461,0.7249118341071711,-0.10714066892681931,-0.6746657979865214,1.3378583996840563,0.023669428296520974,1.6609777425471568,-0.35540279163542127,-0.9891020549323039,0.9649012813540145,0.4819646668805164,1.4169474700055191,-0.03326999763432728,-0.8374134657718778,1.3378454228534389,1.1073249824000477,-0.5841156551190886,-0.1674794989457163,-0.442970889065501,-0.6760555759549386,-0.7460964175088103,-0.6805188570350985,-0.5570024396221981,-0.39678164136189886,-0.1989887919410107,-0.3077374485732382,0.48680421666035206,0.12541286222718384,-0.6682169442904626,-0.5295958623185957,0.866541090078326,-0.17237951785483244,-1.2197664247816746,0.15121586863611114,-0.12524051578163428,0.4708547653852206,0.9856657586380444,0.5215216176140562,-0.24205289387836434,1.175598776709652,-0.2779647927309507,0.3094188957943222,0.39158844584085734,-1.0427445381119047,-0.595877708518122,-1.50107154690501,-0.8893297060859919,-1.6125150690988963,-1.1487068603079125,-0.3476545243806463,0.4526163927525579,-0.5247619733991316,-0.7412233358624815,0.31976706098594554,-0.8933165461712682,-0.3408586648820082,0.03327677884490236,-0.5936623215897798,-0.5458103418890938,0.22874696309795298,-0.5310244521276656,-0.8154676496949378,-0.5363463427796135,0.3635529440765766,-0.9943395330739002,0.2212863502277632,-0.6051501546299242,0.3421262966476175,-0.9655621364932685,0.6122886601387825,0.007605277459937894,1.4120658050651886,0.07559752040961597,0.2572016327243081,0.10019174933598769,1.9659816331302329,0.3100808550129882,1.3296106392045988,-0.1685015130162101,-1.680393683272483,-0.7134921998523156,-0.27882426795773274,-0.9390022126581944,-0.49754387183726667,0.36608002522626243,-1.3237735287858632,-0.694327754352039,0.7110008806481518,-0.7455968028451281,-0.578683310198293,2.236185762251043,0.07022468831767838,-0.4938004602785215,2.100529555876429,-0.37732353481017294,0.10962147845508549,2.2225585013798566,-1.6543430817439282,-0.26786331183239914,-0.34073370288766264,-0.27515602325325306,-0.6065279096775702,0.013261853021983716,0.041370456735466396,0.04183309415171989,-0.7488024528125691,-0.17870997081678255,1.2672626868301258,0.3361420690644233,-0.7495955453672888,0.5539391846499775,-0.6614142554096664,-0.15717077733453352,0.29827199510473495,1.100464428062285,-0.46171191355763963,-0.9694615876168605,0.6045550273507583,1.3066418218581433,-0.33844733802926885,0.14945844918190496,-1.4058275361343477,-1.2318452413079577,-1.3705162366191366,-0.3998287041378773,-0.38689496966253645,-0.9255377229514954,-0.6073231027017876,-0.8037893323438354,0.41646562847291174,-0.6543903479468505,1.2284318840592945,0.2352106828181886,-0.2488471466454557,0.8799146499210022,0.39537043385977555
13,-0.6969456236614016,0.3280601297275104,1.772836937728324,-0.4884518641252479,-0.1558028160944551,0.47354788122930525,-0.8862627498018874,-0.4677431028001367,-1.1173619041953038,1.0990361860617464,-0.8436888727681869,-0.27262697876437436,-1.4772009650574345,-1.144208403852879,-0.4402796314232057,-0.472772285917538,-0.05444416492505543,-0.4677431028001367,-1.0503331627183468,1.1673919623950568,-0.8436823457270978,-0.6297868217798221,-0.21478869158730993,0.7451146520819688,0.4719589269678097,2.33590551845369,-0.061297750203809676,-1.5293148727111014,0.4602757465442341,0.1413002935617577,3.2163376045133822,-0.2946023804879016,-0.14343734561116037,-0.17128273686950735,0.5331790952758957,2.335923904643422,0.8809578137947215,-0.8273326644156673,-0.874401020387474,0.6002562024842548,-0.42551166468676743,-1.0355141714039156,-0.9388658771809931,0.6707225923535963,-0.836486890364531,-0.6848916559830139,-0.6417160749317913,-0.4383440683955203,0.21481225776496535,-1.1599292196031508,-0.8933275647037316,1.5575675593791976,-0.1552759512356428,-0.748575899687811,-0.723285540343809,0.21968418342024343,0.32786199498623825,-0.5433448364791432,-0.15140950188795188,0.34900649815020013,-0.04584891661139905,0.17312735541191127,-0.14073354596031404,0.16695702544514984,-1.689994271563067,-0.48682819323375986,-0.24234561048588893,-0.8354775612537952,0.16599419828959208,-1.3093116809901106,-1.3477565808181222,-0.7208335143837035,0.04696313380614806,-0.4917731747549156,-0.617769871747717,-0.17040142210203385,-1.130862484865089,0.10764744129407078,-0.10302047710454813,0.49237849267754785,0.27387444180505577,-0.8775797534071752,-0.22116535423792968,0.004290770742236785,-0.014866477267071559,-0.3922308192748259,-0.5357459005514272,-0.7636059307799044,-0.015319087909594756,0.7102068607264537,-0.2364282945090347,-0.2585794336378893,0.09589261792053867,0.8500111441178776,0.9760537348161475,0.44196270908826885,-0.27165274755121677,-0.13084873587530488,0.5808847772787948,-0.5171683710621088,-0.7939128957574823,-0.6224357659604978,-0.8106416727817457,-0.44292557200858224,-0.41101450282208984,-1.3103612117912011,-1.0284281444969172,-0.1678903529905526,-0.12775573212490043,-0.44840315825946614,-0.1889172318516766,-0.2619470714159379,-0.2574905238314872,0.6497374477348967,0.11652112978624868,-0.4756953347795236,0.3798587758261062,0.3555782724205325,-0.8573331131716435,-0.4762014432575984,-0.5334719590665425,-0.7853791127294836,-0.34282012286123525,-1.4720656854401977,0.5240257853159069,-0.4086771505591091,-0.06291190770555384,-0.6604150434744519,0.4900569996606565,-0.4607509497241448,-0.6857128021918694,0.4658124961829356,0.2944360233759162,-0.5646505704240645,-0.0865950953529874,1.100464428062285,0.5482828973496973,-0.46112966901625946,-0.3131788367403539,1.4430986812247015,-0.1724966064318415,-0.0503609686521349,-0.891534849548516,-0.8113616688656733,-0.8275180915264526,-0.7004517899558302,0.8845908461298362,0.49234398802194895,-0.0874761317844463,-0.2371031677195928,-0.8164162120079188,0.9573381092691282,-0.6598833135466671,-0.31817527413877283,0.9135799827622991,0.7963473386733083,-0.7302774560173904
14,-0.08558981343210187,1.3265040028112374,0.12046008813415078,0.2360368968652581,-0.44280800363687234,0.5090386217925293,-1.0173113186361336,-0.4100987063282889,-1.505848658965194,-1.0214126139195725,-0.5604360138052465,-0.12610960054167783,0.5771844830356865,-1.144208403852879,0.7337993857053429,-0.472772285917538,-0.202017036079155,-0.4100987063282889,-1.5810785971345618,-0.7588296317295035,-0.5604255781644756,-0.8132394491228561,-1.1022836325209864,-0.9593959899356075,1.4752555613028493,1.0051760267608452,1.1282427488008193,-0.11140704370743117,-0.35540279163542127,1.2717026420558193,1.3401406685472426,1.1419929817939287,-0.6684318969565936,-1.0216343265919963,3.6367167521422332,1.0052111149155254,0.9632731478330219,-0.700196500465183,-0.9769316227339885,0.01694643086503652,-0.9073268786640196,-0.6934750077097002,-0.8527502037990282,-0.8342306726489903,-0.836486890364531,-0.1989887919410107,-0.6417160749317913,1.7203352634015152,-0.7418548523682587,-0.3499425756137356,-0.751572548417475,0.33131501324397633,-0.08686168475888432,-0.9056394080524323,-1.051223568711279,-0.4126777651165324,1.1858186173801322,-0.16109218769984632,0.18505605786305218,1.1370856875216195,1.7800329625428684,0.7365590108984977,-0.2841964872995079,0.3141314907073476,-1.1604263078302979,-0.8685014967290275,-0.5856345022365583,-1.4278511544079593,-0.9011113621435008,-0.9881020396257142,-1.0143892286722969,0.4526163927525579,-0.23889941979649176,-1.2401236580776132,1.0229197605361926,0.3115419939441224,-0.9167792923589633,-0.020123019310901782,-0.6528925186999682,-1.479520233832616,0.23938338788511357,0.6174270706549595,-0.5183165019664338,-1.0769834563014637,-1.0239849341834666,-1.0545504044538077,-0.7686789007911781,0.1343101340699833,0.6995716812048297,-0.12767763788340744,-0.2364282945090347,2.403267677340383,1.4120658050651886,0.8500111441178776,0.16572638618010072,-0.07647203047527183,0.03371234951198543,1.2226871390980856,2.3392373605161243,1.9421849475701023,-1.7226070541065308,-0.5678019056254071,0.8911740226550958,-1.4350788533078065,0.021632342253794203,1.3240464463790989,-1.5835115394998518,-0.7387244233996876,1.6203786590124112,-2.323009224107488,0.5163737670612483,0.4375301220108167,-0.5852057359806527,1.4814013808355644,1.6596387945230557,-1.2763162758260966,1.878057550097232,0.9221523674508467,-1.0565856053147147,-1.1845510901032759,-0.1479954467087827,-0.9129348850985411,-0.2549175272557903,0.013261853021983716,1.0066811138963474,-0.4086771505591091,-0.16037998266397674,-0.6534379176128403,-0.3196164719827994,-0.15098813069233377,-0.8294489743365632,-0.591707765421567,-0.900376825106062,0.2503090157549974,1.1642229486346103,1.100464428062285,-0.46171191355763963,1.0638660867855436,0.978442129064964,1.3129482237655588,1.0086273289325298,1.2438597528343138,-1.1684616807870407,-1.4120524866403654,-1.2153739094497982,-0.09920561831992437,0.8845908461298362,-0.7470636193459795,-0.32644070481443677,-1.2217966722767564,0.07486614739692816,0.995057639944954,1.111337492261931,0.2768670372678544,0.5532574078340773,1.7372505437304548,0.9321593892561834
15,-0.6358100426384715,0.39937754923349095,1.4525300407300694,-0.38825660994570993,-0.2615415693995562,1.733469171223763,-0.794528751617915,0.39692284427758084,-1.1173619041953038,-0.226244313926578,-0.5604360138052465,-0.6389204243211157,0.5771844830356865,0.4497137507680469,-1.6143586485517543,-0.472772285917538,-0.4699731172693626,0.39692284427758084,-1.1008470159703554,-0.8346786899901228,-0.5604255781644756,0.28747631493534764,2.2388737921705015,-0.27759173312857693,-0.10135343550935581,-0.6582358378552107,0.44850532079817423,0.9520238280453216,-0.35540279163542127,-0.9891020549323039,-0.1608168802256692,1.0836528467342665,1.6520090648114232,-0.4312095772409488,-1.4652106958613762,-0.6582235012666314,0.12983039069523,-0.2635114155917803,-1.1280293525077993,1.480829607717113,-1.02296253001856,-0.5356107783123701,-0.9962763261023031,1.700427457881682,-0.2502132250276881,-0.8468592773303484,-0.9756947012903444,0.1784214549750613,-0.9332350011819336,-0.5659287634685847,-1.0175923573787327,1.9435539478429504,0.7683166462005968,0.15453927340876117,-1.4155991557862457,1.3981769056933258,0.7568403061831852,1.3679184074173414,-1.160806181140964,0.34900649815020013,0.4585606420333472,0.16317220341703478,-1.4148872173532636,2.222085427333517,-1.689994271563067,-0.7594519814446653,-0.24234561048588893,0.24156533539013933,-0.5454095086658033,-0.7739622787161167,-0.6810218765264716,-0.7208335143837035,-1.0964870806044114,0.7554776307829137,-0.8521541049311327,-0.41137313012511195,-1.115267214351008,-1.6003690877899601,-0.6142901185539289,0.47735755508301997,-0.2289321895637325,-0.08117817792619576,1.5617415321330947,0.8452818362206705,-0.20407618793889565,0.20987789452424846,0.10481985010788773,0.8737704227698908,1.4144624503192542,-0.4069724707533611,0.6122886601387825,-0.2585794336378893,-0.6938112943662513,1.108149018687298,1.4483791165403803,0.29370751722305544,-0.3221611155361938,-0.0033677774231840292,0.9928140598523792,1.460538178826417,-0.941659693676649,-0.5131680452903163,0.8911740226550958,-0.19488725168377616,-1.1032494549435043,1.0845548410908896,-1.2595392390931108,-0.7522886123320291,0.6397214438817707,-0.17407056325731662,1.0175015820783264,1.33685794213093,1.0533703247651751,0.12994748954697935,0.5574118911396221,0.1388600808218536,0.7749663892193953,1.4445069799293988,-0.8726602279518797,-0.22619568554735928,-0.1479954467087827,-0.27515602325325306,-0.5186253140721252,-0.35807003159356166,-0.9239402004254146,-0.4086771505591091,-0.3543613388243024,-0.7710908865242357,-0.9384700164783683,-0.2692618047429162,0.0329680585316,1.699586134721522,1.608730156706092,0.6577888088445284,-0.182811867967418,0.015499498986792693,1.0532803028033657,2.588861842587347,0.6365499673474977,0.027974048513895143,1.3382813592943745,2.51906977303529,-1.0893397290046052,-0.5110162599783271,-0.2845199464337687,-0.6403271727922396,-0.8954892959794855,-0.6800592859398347,0.009453187497019873,-0.4140831280927968,-0.7082189041953932,-0.9195015555246917,1.8339586432872514,1.093431351319744,0.1131794705800338,0.16256505501721857,-0.016224969203135254
16,-0.20786097547796178,1.112551744293296,0.28315565486342337,-0.569378800193336,-1.0017128425352637,0.5267839920741415,-0.9124724635687366,0.5698560336931243,2.2495233038104123,0.9665081360629139,-0.27718315484230605,-0.4924030460984192,1.26197963240006,-0.347247326542416,0.14675987714106856,-0.14183168577526145,-0.3161269677258252,0.5698560336931243,1.9023181530117341,-0.15324244942306306,-0.27718366927523247,0.03346498476806986,0.41167832554234407,-1.3002981183391227,1.0452712894449752,1.0051760267608452,0.9583083918001581,-0.11140704370743117,-0.35540279163542127,0.7065014678087884,1.3401406685472426,0.6703989896643319,0.06912630032201564,-1.1209550122465826,1.11874106352186,1.005193663306611,0.8398001467755712,-0.4956731062839691,-1.0686695300966593,0.16838262157387202,-0.5026020989231278,-0.6934750077097002,-0.9675711016416481,0.7103266256431381,-0.39678164136189886,-0.8468592773303484,-0.8087053881110678,1.4119525017162244,-0.3366803609320341,-0.6325781294112554,-0.9184400867170276,1.314966673927639,0.3920381805784251,0.19380515049991648,-1.051223568711279,-0.1827279656486139,0.7568403061831852,1.7501710561966382,-0.48787506163895594,0.9400658901787646,0.7265206000392311,0.8258182752883061,-0.9772889983190165,0.055168738603466265,-0.8662218835343152,-1.3046995578664764,-0.41399005636122366,0.13386104572574586,-0.5454095086658033,0.8856208683332641,-0.6810218765264716,-0.7208335143837035,-0.5247619733991316,-0.4917731747549156,-0.14900140538088577,1.2754288260364348,-0.264037318636583,0.042688030188218165,-0.3875676793494482,-0.18774819792820815,-0.45249103890006065,0.08640563822886603,-0.3400258133293313,-0.4162047619969801,0.8681121725347741,-0.21159820513510358,0.5706858505873895,0.29276591021996345,0.6995716812048297,1.268796526466361,-0.5193339460583071,-0.7909488558335438,1.4120658050651886,2.14070051696498,0.0797443543659721,-0.04893775179410344,0.9580476263150909,-0.05937597913035452,1.6923492164803524,0.9182037182938658,-0.8994463228426014,0.0695931316173176,0.3593566178310828,-0.9390022126581944,-0.15142639577655942,0.6055716305144715,-0.6779029323561676,-0.16433722139366128,0.048810521813138316,-0.9056241499297153,0.720536950957095,1.5367085688242883,0.3979399004668439,1.169527405922814,0.9983026524929955,-1.269771540391649,0.799997546437923,1.613441069147473,-0.9033144575123522,1.398841739569195,-0.8225793433348625,-0.27515602325325306,-0.4307227184666802,0.5702596799453018,-0.4412848718449741,-0.4086771505591091,-0.3078477261748545,0.06590987013607509,-0.4802421506629095,0.02863182707211174,-0.2704749715516426,0.4658124961829356,0.5333985930723117,2.0160547858096316,0.29827199510473495,0.8834714422471867,2.568272519164371,1.5721980053861446,0.5266348697060386,0.8889181886366835,-0.1261999802778234,1.7137410987622825,-0.45636411474512006,-0.45094717820085795,-0.43966227360310695,-0.21945485264710554,1.3931851724467852,-0.11277245255350705,-0.6846806573829645,-0.49509681064275207,-0.09369278466301707,1.3004260136748593,-0.5232843449633108,0.9107622361198969,1.639120035632019,0.7883778348435074,1.1662513723996712
17,-0.8192167857072614,1.540456261329179,1.8185950658709327,-0.9239158534440093,-0.3974913950775433,1.2543441736202368,-1.0435210324029827,0.22398965486203734,-0.7288751494254134,0.43639593606758414,0.006069704120634417,-1.2249899372119017,1.6043772070822468,-1.144208403852879,0.14675987714106856,-0.14183168577526145,-1.3973534806206973,0.22398965486203734,-0.6570304789221701,0.2844375404050888,0.006058017842766223,0.00524150363837233,1.0903509274328025,-0.4480427973303346,-0.53133770736723,-0.6582358378552107,1.977914533804126,0.9520238280453216,-1.1710813298150766,-0.9891020549323039,-0.5360562674188971,1.9411760001592548,1.6471633694095031,-0.5816634645489936,0.828950152301219,-0.6583297216564116,-1.4547397895420533,-0.3740646016356797,-1.3330905572008283,1.6042220594057939,-2.275682086359416,-0.5356107783123701,-1.1110972239449228,1.6608234245921403,-0.9830553066987419,-1.1707945200250172,-0.9756947012903444,0.1784214549750613,-2.2096622108488395,-0.9581873520593758,-1.0686997363260946,1.0462740686955951,-0.7025900830497107,0.07600751922645053,-1.4155991557862457,1.4269206306268154,0.7568403061831852,0.2211604610794506,-1.160806181140964,1.728145079550184,0.748455187114517,0.9527850688220554,-1.163737442942437,1.9794204488376905,-0.9250627683935116,-2.0135214072148306,0.043728465973002235,-0.8893297060859919,0.10671055604330913,-0.6133574580339186,-0.3476545243806463,-1.6009209447358994,0.04696313380614806,0.0071271474602161424,-0.617769871747717,-1.1342882541943462,-0.7170337273170008,-1.5640321000223532,-0.366114297148556,-0.6416364586852804,-0.1851120228655744,-1.6724410329377837,-0.042874665600827234,0.30464472269882026,0.3635529440765766,-0.09117646237528872,0.04658660004795001,0.1871287261199767,2.129353219433679,2.3859758579461756,0.04647735704023769,0.007605277459937894,1.6753004424941187,0.07559752040961597,2.8291484037541106,0.6508874687403137,1.1497855997296058,1.3008083012213847,1.638676143140334,0.9572766715228944,-1.427113458268197,-0.0760971626095909,-0.49155122988733796,-0.44292557200858224,-0.49754387183726667,-1.0708696065029921,-1.3857700022299775,-0.8001370388993398,-0.8779895204208147,-0.8599020507626904,0.6277355037317102,1.2369326287842506,-0.2574905238314872,1.5853593724731478,0.5574118911396221,-0.7515775359859573,1.4940817750456419,1.6187781137871897,-1.0106042609740058,0.06547769844791967,-1.1116867276031823,-0.27515602325325306,-1.13394348331024,0.5702596799453018,0.041370456735466396,-1.760207884691596,-1.3149059610602678,0.029713969708407773,-0.9246487767698924,-1.1784597480909524,0.04893874432545488,0.5539391846499775,-0.30297040086507293,-0.021344179638023215,1.7415235843211938,-0.4184864726434043,1.0532803028033657,1.5721980053861446,1.8626377832751324,0.7703224623992968,1.1211584276064719,1.5254982108829298,-0.693729970092427,-1.0216034550868156,-0.3620911100184378,-0.8207010242830114,-0.8954892959794855,-0.5614877996014846,-0.40533957545161364,-0.6144325335036112,-1.4656439999860245,-1.5457432357174308,0.8287435485379057,1.6442341747131917,0.22399716831487443,2.089839696171802,1.8553583546067944
18,-0.5135388805926117,2.7528523929308477,0.9746118134628318,-0.5385494912150165,-1.0168183787217067,1.2365988033386248,-1.2138841718875026,-1.5053422392933977,-0.7288751494254134,-1.0214126139195725,0.5725754220465153,-0.4191443569870709,-1.1348033903752477,-0.347247326542416,-1.6143586485517543,1.1819307147938447,-0.8795789186133739,-1.5053422392933977,-0.9642468894235705,-1.4294782107656638,0.572571774739255,1.0353985648723323,1.0903509274328025,1.4269189088889993,-0.10135343550935581,-0.6582358378552107,3.0824878543084244,1.3065007852962391,0.4602757465442341,-0.9891020549323039,-0.1608168802256692,2.3879841761205043,1.3232085812234988,1.8278653942061294,-0.9385204577415032,-0.6582235012666314,-0.8991112847835254,-1.3745709353329694,-0.6963215531540541,1.099434757043009,-1.5625955696730824,-1.0618248763034706,-0.7666345304170634,-0.6758145394908234,-1.1296237230329527,-0.3609564132883451,-0.47472676175251477,0.1784214549750613,-0.9746029367248541,-1.004781913589633,-0.7202580542793346,-0.15395879785190925,0.44334888043599396,-1.3768299331462959,-0.504660188098829,1.7718453298286931,1.9007824693750437,0.2211604610794506,0.5215216176140562,2.5162242689216034,1.2502536468499337,-0.7280405583123449,0.2500768476532013,2.0881423647021635,-0.5131765743791359,-0.9230262543712087,-1.1005678398625625,-1.320146864743566,-1.849649638084028,-1.5769863821271075,-0.3476545243806463,0.15925391596849256,0.6186882410114277,-0.24232301364734973,-0.8521541049311327,-1.3752599622174244,-0.1460666964972791,-0.5059478931108208,-0.3498962692817597,-0.6000846517351112,-1.3112363556671434,-1.45230624471266,0.9674392366760867,1.0254942073946207,1.309601497435697,0.7517757369434154,1.0365518510668914,0.8209518307198974,0.3421262966476175,2.9445655236860833,1.4610056147865997,2.403267677340383,1.6753004424941187,1.6244247678261392,0.7471200116037415,1.7190395219124628,2.066940298849342,2.485300947073893,1.0929603265509025,1.2320174438115525,-1.068299806178792,-1.369098523873404,-0.3851877489225354,0.0531510686410299,-0.5840732408524435,-0.3523947906383648,-1.14957999270545,-0.732274260305858,-0.9718693506762576,-0.1283484640902917,1.6671117126560204,1.5367085688242883,2.6919463855110033,1.7932753557483148,2.7618656979064893,1.0073400605405514,1.792544601263023,1.9957858543487332,-1.148548293996132,-1.5595597266686345,-1.0153175995137425,-0.9129348850985411,-0.7823331008884601,-0.5437359739013343,1.4893364424767879,0.04183309415171989,-0.7531090608200723,-0.8810337669499699,-0.7963049207905086,-0.9199679293889828,0.9592678345751827,1.1708260039192706,1.2502863021614987,0.38613561345150776,3.088558400923222,0.4494854706169897,0.5482828973496973,1.5721980053861446,2.377416457562546,0.2331948306906938,1.0822096406220594,1.6628240828456515,-1.4058275361343477,-1.291914323085427,-1.5256585637884748,-0.5200779384650585,-0.8954892959794855,-1.1470572989850998,-1.5042468270073759,-1.406385808572862,-0.15925010270501536,-0.795951328770017,1.7060426802651103,1.273521917523301,1.7277091746043938,2.0493954924504805,-0.35970899182907784
19,-0.8803523667301913,2.110995617377023,0.6746418623057359,0.2784271967104471,-0.9110796254166057,1.076890470804116,-1.1876744581206533,0.05105646544649382,-0.21089280973222635,-0.49130041392424284,-0.5604360138052465,-0.8586964916551605,-0.7924058156930609,-0.347247326542416,0.14675987714106856,-0.14183168577526145,-0.7129113663566918,0.05105646544649382,-0.6488753128714077,-0.37947758477620996,-0.5604703759558571,0.4427054611486841,0.46388391030314857,-0.27759173312857693,-0.2446815261286472,-1.3236005837016331,2.147848890804787,1.3065007852962391,-1.1710813298150766,2.402104990549881,-0.911295654612125,1.403107667227447,0.8198387934642538,-0.4080775868036222,1.7199172631711925,-1.323597347739494,-1.3158326633524213,-0.12531993303690603,-0.815041197976334,0.8189973668414616,-1.6204133953503528,-0.7724071224083653,-0.8527502037990282,0.551910492484971,-1.422760555701374,-0.3609564132883451,-0.9756947012903444,-0.1299613067102295,-1.6100918677969502,-0.40017753418625623,-0.8498542797894438,0.5489573096738757,-0.7196936496689004,1.1754520777787991,-0.8690357751737956,0.3346590831542027,1.3288113877791146,0.6034131098587475,0.8579871773650602,1.9251648768930387,0.32886392586369534,1.3468802193575908,-0.23343145177002156,0.505421449684261,-0.3366539198015462,-1.631848103719563,-1.7871456233639014,-1.2124425750791723,-0.6046931509120862,0.1361317051496728,0.3190801799110043,-0.7208335143837035,-0.5247619733991316,-0.4917731747549156,-0.8521541049311327,-1.3752599622174244,-0.05078353985879488,-1.4713335982094964,-0.7391628023028306,-0.6425618809941138,-0.6760350277782396,-0.36084364785565987,0.0759857934905744,0.06436156113355349,0.5527626547484007,0.3302996372840633,0.16305310016782545,0.7153146466199106,0.3421262966476175,1.268796526466361,1.4610056147865997,0.8061594107534196,1.6753004424941187,2.3988383915344005,0.2276503888696549,0.9965443151012987,1.365383391195227,1.0901497763797627,0.3158496306806673,1.4572494771361926,-1.068299806178792,-0.8045486337441334,-0.06609730602812756,-0.9390022126581944,-0.757131978882797,-0.11290318535015574,-1.2022023115445017,-0.6983057690868039,-0.23002386401111677,-0.539847356593516,0.9061398454078647,0.6373807487041752,1.0533703247651751,1.6893173641107313,1.8800841751997426,-0.6094422839713107,0.9244979415409293,1.6327591832260855,-1.1638754087763683,-0.26786331183239914,-0.9189484714243025,-0.6578233403604259,-0.9581382920993501,-0.5437359739013343,-0.4412848718449741,0.04183309415171989,-0.7339289766834244,-0.8031357850628312,-1.0632416363711998,0.24413515908612973,0.416264517584117,0.0692423980812471,1.1308050173133009,-0.5646505704240645,2.126390674778916,0.8834714422471867,1.558277708257034,0.047202249584341584,1.4629320835014623,0.22307368082498913,1.4923669642345232,-0.24906662215835268,-0.9310958254397339,-0.751292587088204,-1.06023158228046,-0.8808256414466019,-1.658380785454909,-0.4120267434443965,-0.526948542531013,-0.8500314568863475,-0.7768903561337189,-1.7404229139531175,0.25993849072091924,1.4353561278765528,-0.21431098239711058,1.6969307087324175,-0.3543364815123857
20,1.3816641311182172,-0.7417011628621971,-0.865881785162063,1.4345262833974242,0.5843684570412525,-1.0170632224261096,1.7478134837664594,1.6074551701863855,2.379018888733709,-0.09371626392774557,1.9888397168612177,0.6797359796831531,1.26197963240006,0.4497137507680469,0.7337993857053429,2.5056931153629507,0.9653273461182637,1.6074551701863855,2.8881935392836957,0.18277317216804495,1.9888252520689989,-0.31932852935314926,-0.3714054458697234,-0.27759173312857693,0.04197465510993557,1.6705407726072676,-0.8260023567067855,-1.174837915460184,-0.35540279163542127,-0.42390088068527304,1.3401406685472426,-1.2809532610370957,-1.7616619465456809,-0.11510684076364162,0.7563211709192411,1.6705675097794737,0.4899599771127944,1.2731778704184216,1.1600219840670503,-1.951724048349825,2.4461070106176552,1.8060419577480264,1.3575520796714033,-1.5471032718607418,2.3880182689881053,1.4206874215323333,0.5272091173231447,-0.7467268300808111,2.0409023048308828,1.6651281480953901,1.3011291361999826,-0.9846597988371165,-0.3947258839042975,1.0576544465053332,1.7544684517659646,-1.389964412855186,-1.3880512498015496,1.7501710561966382,1.8673838566180725,-1.0301320832497836,-1.2295127710024014,0.04838957670338693,2.0501751688526,-1.1725216273691943,2.664231208017478,0.33104317139895656,1.1308099565167886,1.9648339700204347,1.7073688966929486,2.652273895837444,0.6524475320568296,0.15925391596849256,1.1904133482167074,1.7532782752131773,0.7885355273527769,1.2754288260364348,1.2434267481077015,-0.4348642522635312,1.3120502379303223,2.31286746000998,1.2875616373620147,2.0301486133081355,0.01655556394487358,-0.3561339716056634,-0.3932858986107197,0.08945615176443358,-0.7104456507312404,-0.18260141822997708,-1.4451006261384438,-0.6862673036233148,-1.0851452491568518,0.007605277459937894,0.35912725534946865,-0.4406782287292251,-1.2868088873128707,-0.42141958822137715,-1.8299067235209372,-0.8762964207471977,-0.44801753770872965,0.039113766028298746,1.9077428376215677,1.5811299342214933,0.7848105416902932,1.0453043499402541,1.4926316155118,-0.11290318535015574,2.1092263100612576,1.7042766185501803,0.26963150918358597,0.2145672796623952,-0.37452012630244635,-1.3611255182294095,-1.240636160278984,0.025989497909395868,-1.2061511542738717,-0.3852148038650516,-0.41256561685253235,-1.6115277878009477,1.564351022105683,2.1905266389849523,2.9358166521532962,0.10751129385391985,0.6241084287986594,2.4269191030230286,0.5240257853159069,0.4923433388625489,0.8669261250765057,2.7187268957809354,1.422610763700279,0.31556514886257025,-0.19062154258236824,-0.1510743230863576,-0.7808955402578641,-0.5646505704240645,-0.9525460488828628,-0.20149348682830578,0.5482828973496973,-0.46112966901625946,-1.2220418325514861,0.21368236285369588,-0.8305021434458132,-0.9594158310255537,2.0359773664016023,1.4712634386781571,2.236542870067978,1.3437851936062497,1.3931851724467852,0.8147527566190151,1.3870036914850565,2.3423686672927677,1.4076331157480442,1.4150378642044281,-0.9542951955194574,-1.691957058190812,0.044436272049893574,-0.7467619029642751,1.5013713683592382
21,1.687342036232867,-1.2409230994040608,-0.809955184098875,1.7158437278245888,1.4453840196685042,-0.6976465573570921,1.223619208429475,1.6074551701863855,0.0480983601143672,-0.3587723639254104,1.1390811399723964,1.3390641816852875,1.6043772070822468,-1.144208403852879,0.7337993857053429,1.5128713149361213,1.6419017501337725,1.6074551701863855,0.13578686651091965,0.86571627281866,1.1391001685378783,-0.3616637510476956,-0.632433369673746,0.5746635878802112,-0.10135343550935581,-0.9909182107784219,-0.8260023567067855,-0.46588400095834875,-1.1710813298150766,-1.5543032291793346,-0.911295654612125,-1.092160747613701,0.47497917093743136,0.2706168623556414,-0.8279109509587588,-0.9909104245030628,-1.3775691638811467,2.2902671820222964,1.7859982931299807,-1.3179355464943283,0.5959365889450071,2.1217704165426867,1.7881304465812278,-0.3193782398849475,1.948313019985473,1.5826550428796677,1.1951663700402508,0.1784214549750613,0.7544886192685559,2.3972585451246298,1.8274455209601865,-0.19900154552705637,-1.1985935150062097,2.039301373784216,2.373906949793408,-1.3612206879216961,-1.3880512498015496,1.3679184074173414,0.8579871773650602,-1.621191475278348,-1.5207627484306185,1.5018010588407444,1.7582902007177106,-1.4356489338406986,0.8990046622415814,1.9122611430222083,0.5586618035990063,1.695573245859451,0.8773979052449874,0.8856208683332641,1.3191822363484802,1.6260662998888193,1.762138455421987,1.2543779529980454,1.0229197605361926,0.5525137019672005,-0.30312917478267387,1.5624808420398146,0.681885835049105,1.732066958623122,1.9901203684706672,1.7231280525835109,-0.5183165019664338,-0.6564879235622468,-0.3932858986107197,0.3302996372840633,-0.4775126504914895,-0.49951297052993743,-0.7302098570240193,-1.2448569693632223,-1.0851452491568518,-0.5247641447357165,-0.9570459317951813,-0.4406782287292251,-0.9473667351404432,-1.2665461611574675,-0.14383226082589634,-0.806435065836949,-1.1161362258064969,-0.5772923644962052,0.3247414313447806,1.6175525077782205,2.0611723132679245,1.2933426702650601,1.4926316155118,1.3240464463790989,0.7566592493276013,1.5882118323232783,1.618108210432306,-0.19693161284082908,-0.3373995474122924,-1.0613495781893718,-1.5683513724281495,-0.7017164435536885,-1.2061511542738717,-0.6867754624829471,-0.93924518592574,-0.8955468515823275,1.1658460378195408,1.2321712344290354,1.2975414746328169,0.4901786109610927,1.2394265980367742,1.684255333791938,1.0066811138963474,0.9428535835733779,1.8475696547477194,1.0141480889810301,0.9034172395216407,0.044927278479414474,-0.30241634313935234,-0.5476444211880461,-0.1834891160168751,-0.7004771681205748,-0.7601125036540015,-1.7204443875339952,-0.9667093190113081,0.047202249584341584,-0.8812476821123988,-0.5568888055783937,-1.2542325724146584,-1.2255886455071006,1.3634407762508995,0.45008904846118036,1.6935447249752942,1.6444082794242025,0.6302936829713617,2.2538274746681886,0.628680155680645,1.330876690135656,1.4382663429501468,0.5575220661636323,-1.384567808478092,0.3201357384183105,-0.655218902218346,-1.497143704981835,0.27779702411227014
22,2.7266469136226763,-0.38511406533229464,-1.292957647826403,0.9836476395895032,2.0798165394991104,-1.5494243308744722,2.140959190269198,2.183899134904864,1.2135586244240382,0.1713398360699193,0.8558282810094558,2.4379445183555117,2.2891723564466204,2.0436359053889728,0.14675987714106856,0.5200495145092916,2.5737100143084346,2.183899134904864,0.8739460151187624,0.8550085347551923,0.8558582596486353,-0.756792486863461,-1.6243394801290314,0.5746635878802112,1.1885993800642667,-0.32555346493199955,-0.48613364270546294,-0.46588400095834875,0.4602757465442341,0.1413002935617577,0.2144225069675587,-0.7022388147068264,-0.9138614650762772,-0.14780009430099078,1.0119615393413246,-0.32558968822509016,-0.9865713271992196,0.0073438902157732825,1.7158457757349972,-0.2074034812962013,1.4246587569858808,1.3850706793551462,2.1038879156484325,0.551910492484971,1.6551761873170516,0.9347845574903302,3.7000060677293996,1.7203352634015152,1.6487498982042113,0.984986578158668,3.2613177094706214,1.048933274316801,-0.6341758165729522,-0.35591712877625786,1.0621548363235278,-0.8438336391188795,-0.38710185700867333,0.9856657586380444,1.1944527371160643,-0.636092488564074,-0.6787020417277575,0.14713485350028035,1.1986031788952167,-0.8734509454408965,2.4288676685806916,1.0398650207473108,2.675609969394801,2.287946839013615,1.233099758722685,2.384599194700447,0.9858148842026548,1.6260662998888193,2.6197261162299066,2.7510789196434406,1.960456693269855,1.757372242082591,2.2556919422552517,2.300155695146962,2.366896209138038,2.4309134003439454,1.0039636677083155,1.9758521914465688,-0.042874665600827234,-0.2960631812143467,-0.45635580216799443,-0.9341286616939928,-1.5839444016303061,-0.9748802989798779,1.057017065762042,-0.12767763788340744,-0.5193339460583071,-0.5247641447357165,-0.6938112943662513,-0.4406782287292251,0.3131270732269027,0.14399522313864635,-0.8485901042570917,-0.5632917665385253,-1.4128617467449567,-0.637905796639726,0.767981825102281,2.910553869042033,1.9548088323031219,3.0296109125387027,1.925278460587684,2.282012867531935,1.5071192462676404,2.5837663242140696,1.68473492107689,-0.08262636492326678,-1.0798111252153713,-1.3611255182294095,0.07022468831767838,-0.28588447700335456,-0.9857057735971849,-0.4814927968910893,-0.6471551165902772,-0.9221545074634526,2.4073423350186767,2.148859012699912,0.3338501937384171,0.3626228385920351,2.645868127723894,2.0555872184074833,1.0066811138963474,0.4923433388625489,2.921132336927301,1.4658169092901332,0.5937688380565314,0.6851854259117691,-0.7655662311611436,-0.9001511750562137,-0.5419329705614685,-0.15717077733453352,-0.3752454131962792,0.015499498986792693,-0.9667093190113081,0.047202249584341584,-0.783897483976182,-0.3889283861959472,-0.4572272795542983,0.14428076331906609,2.2337822458576917,1.921781552009176,1.7711158885599634,2.6665267712052425,1.1388880092883107,2.5336981794632196,2.2189718382869197,2.606143273739175,1.8127839198774,1.8318594947481879,-0.8266462090466086,-1.3663415003663113,0.08785285615458971,-0.28336086569260677,0.554401156187977
23,1.5650708741870072,-0.8130185823681776,1.1068019614303655,0.8449157491870661,1.7172836710244783,-0.023322486655833065,1.0139414982946813,0.2816340513338852,-0.08139722480892957,-0.7563565139219077,3.12185115271298,1.192546803462591,0.2347869083534996,0.4497137507680469,-1.02731913998748,3.167574315647504,0.7202238100463502,0.2816340513338852,0.33411947824450655,-0.8523849870632139,3.1218826828028545,0.2592528338056501,-0.4758166153913324,0.7451146520819688,0.4719589269678097,0.672493653837634,-0.9109695352071162,0.24306991354348642,-0.35540279163542127,-1.5543032291793346,0.5896618941607866,-0.09070824118098521,-0.10210712222527775,-0.32441627322229827,-0.8416562782442241,0.6724536298752896,-0.6470205742912303,0.44955663439137095,1.3165160613327829,-0.17935974227604654,0.557391371826827,0.7799244666653807,1.3288468552107484,0.3538903260372623,1.2154709383144193,0.7728169361429957,1.5291449963988042,1.4119525017162244,-0.0021838311181477856,0.9049316944030331,1.866063710464355,1.06596081452964,-0.01844741828212584,0.42940041304684834,1.4994055408134879,-0.21147169058210372,-0.24410908660969102,-0.5433448364791432,0.5215216176140562,-1.2271518805926385,0.07925579131099539,-0.1873713975891603,0.9645057369993387,-0.17716583948488684,1.3108908562559571,0.603666959609862,1.188024771808567,-0.24310396809963122,0.6995469785061386,1.3674353303798585,0.9858148842026548,1.3327038231047539,1.4762759018193472,0.5060274696753478,0.7885355273527769,1.757372242082591,1.0848728976106312,0.42011360302736567,0.8769270852339582,0.08465659816780333,0.4433702217154732,2.3669190339380513,0.5514276298561809,0.24457393230750357,0.4266228476338513,0.9324083510831377,-1.1180784011508045,0.1343101340699833,-1.4451006261384438,1.5480913593363148,0.04647735704023769,-0.7909488558335438,-1.4835152066530413,-1.2150918524374867,-0.25815700625929217,0.6516230845658358,0.2110817645409934,0.41612300449198336,-0.6721672721352073,-0.4865858338836923,-0.24513907491486275,1.9999895301238553,-1.2360955966409561,0.30118938896583597,2.4444546746787448,-1.0708696065029921,-0.06777911458668616,2.195414166250476,-1.4674295679720277,0.6260661721656194,-0.04043491629106084,-0.5617230114559756,-0.5852057359806527,-0.7017164435536885,-0.5448150122438115,0.2950693142171723,0.04231348994869642,-0.23266189831144332,0.736686823972926,0.3988187087282385,1.2011723465433768,2.148403651758842,0.8878162156149944,1.684255333791938,0.5240257853159069,2.294384317705865,0.33837058459926683,1.8083948505188456,1.2445650914171882,1.6044103320053498,0.25655765964556826,0.025179053847726163,0.6528798779205096,-0.4288239727275542,-0.663895731039571,-0.20149348682830578,0.043285491896028795,-1.9861254248180626,-0.171355895245763,0.024814319997661823,0.8051272099573451,-0.4165561566392191,1.2447578485772461,0.45008904846118036,0.2972637804512498,1.5241590450970213,1.9017794987637342,0.932720571652984,0.183186313698661,0.7314118140450323,1.4157764033166995,1.654791182954201,0.07979572245991921,0.49462756602651675,0.43431768093914636,-0.6201335116247125,-0.10382294497633858
24,1.4427997121411473,-0.1711618068143531,0.15604974335617927,0.8795987217876754,1.5058061644142762,-0.7863734087651526,1.027046355178106,3.163853874926277,1.7315409641172252,-0.226244313926578,1.9888397168612177,0.9727707361285461,1.26197963240006,1.2466748280785098,-1.02731913998748,2.1747525152206744,1.5698108142482166,3.163853874926277,1.8030856206505068,-0.40471276957358443,1.9888103933956198,-0.6721220434743684,-0.9456668782385729,-0.4480427973303346,-0.53133770736723,1.0051760267608452,-0.40116646420513224,-0.46588400095834875,-0.35540279163542127,0.1413002935617577,1.3401406685472426,-0.43758121495836766,-0.5976423234606997,-0.3459564694279795,-0.43002891973771895,1.0051587600887824,-0.33319336327020993,1.217901277396472,0.5934054974152596,-0.8524094787597599,1.0777518029222592,1.4903134989533662,0.8695632638402692,0.39349435932680404,1.36203935464863,1.258719800184999,1.0281770568609743,0.1784214549750613,1.2181918626766555,2.2413857213948147,1.124782871825163,0.1076831853861699,-0.873625749241607,-0.0810559891381707,0.9892797189085345,-0.613883839650961,-0.5300946274076557,0.9856657586380444,1.5309182968670685,-0.24205289387836434,-0.3922941871183616,0.3131223952172979,0.9891860313759615,-0.2714168112425888,1.8404588199887262,2.0213106583065703,0.8447358800578976,2.3956511286780087,0.3438451250284409,0.992690748788063,0.3190801799110043,1.6260662998888193,1.1904133482167074,2.5016287585358747,1.0229197605361926,-0.41137313012511195,1.0917230652348062,2.3990736436938107,0.9203078765666842,1.9853054109103507,1.5066422391395153,1.5607807250419943,-0.756037420149237,-1.016912665910147,-0.8347752235116426,-0.9341286616939928,-0.06987990007192543,-0.49951297052993743,1.7719078348764665,-0.6862673036233148,-0.8022395976075795,0.27378998855776515,-0.1673420195083913,-0.6988161032986456,1.2140257789920275,-1.126330140771562,0.0506896526118321,-0.7100579191475509,-0.6964709174441531,-0.11435995731615618,1.1901155334427576,1.4354396399945848,1.635718389408714,1.0453043499402541,1.1465141394510927,1.0845548410908896,1.4992530846753176,1.9124523849316106,1.2542053476856423,-0.837041001179178,-0.5230024418630621,-0.2619470714159379,-1.896066584577315,0.44182146445972975,0.11652112978624868,-0.8561257936659141,-0.12910393110524387,-0.08862664025778871,0.8439766274345797,3.0655467909707887,2.0684944993483367,0.2350670662229775,0.6241084287986594,1.8699212760997106,2.454647099637669,0.4923433388625489,1.3052894642137165,2.3222579082363515,2.5751698547957993,0.797504609088118,-0.8933317175119827,-0.9442145192897345,0.6528798779205096,0.38613561345150776,-0.3752454131962792,0.4494854706169897,-0.46171191355763963,0.047202249584341584,-0.4921277457334182,0.07166814669049694,-0.054545965533081095,-0.1142146218756996,1.0865139450123749,1.170918029790811,2.2753284518603127,1.4039098107698402,0.8845908461298362,1.1492028923340167,2.5489994390248407,2.211128382733849,1.650074602679413,-0.01573046883274617,-0.14338090158944602,-1.0511977319566252,-0.7463932743332002,0.19411829834736566,0.428697005346849
25,0.5869015778201278,-0.5277489043442556,-0.9319768591458295,0.5790129592490608,1.3849618749227322,-0.875100260173213,1.6429746286990625,-0.06423232749720185,0.3070895299609607,-0.3587723639254104,0.5725754220465153,0.5332186014604565,-1.1348033903752477,1.2466748280785098,0.7337993857053429,0.8509901146515682,1.2683344335885898,-0.06423232749720185,0.08970180993916646,-1.1393256183386002,0.572571774739255,-0.6297868217798221,-0.841255708716964,-0.10714066892681931,0.9019431988256839,1.0051760267608452,-0.5711008212057935,-0.46588400095834875,-0.35540279163542127,0.7065014678087884,-0.1608168802256692,-0.78795980265436,-0.42510073361455014,0.21054057361560335,1.1124376314295796,1.0051762116976968,0.6082882697928512,0.8364927855450189,0.18867943552112348,-1.0823681387250286,1.8293835367267726,1.3061385646564811,-0.04900391890068949,-0.5173984063326563,0.7757656893117871,0.4488816934483269,0.19323049096459152,0.1784214549750613,1.2374007621849041,1.5690013739821225,-0.020757008416591848,-0.1462943614184688,-0.18948308447402207,0.11527339631760584,0.07834075122111779,-0.6713712895179407,-0.5300946274076557,0.2211604610794506,0.18505605786305218,-0.636092488564074,-0.5005756472792913,0.8789780054081426,0.5198032569947242,-0.7152383278534872,0.4871184682272055,2.239409688875295,0.2725877271401152,1.2109039423696804,1.8852198234317974,0.9391558085606635,-0.3476545243806463,0.7459788695366233,-0.5247619733991316,1.7532782752131773,0.31976706098594554,0.3115419939441224,0.6595037579834861,1.2243507610316235,0.4358125236867261,0.7480296185290786,0.9539584846510288,0.9732106890353447,-0.45888627242073293,-1.3773374082580472,-0.3932858986107197,0.7517757369434154,-1.0598451510908666,-0.49951297052993743,-0.372764472466807,-1.524151802233176,0.3293830085895101,-0.2585794336378893,-0.43057665693732133,0.07559752040961597,-0.4769303834029788,-0.5465791680710428,-0.1610169708151974,-0.156910790444039,-0.8532291711850841,0.20046686533518848,1.4433957584470436,1.05300261764895,-0.17246078699293016,0.549227709290642,0.6273379253600319,-0.3523947906383648,1.5043481193823065,1.2228531982518875,-0.28749018053202174,-0.17407056325731662,-0.6900450468687549,-0.6616483248026549,1.0533703247651751,-0.9096324268288554,-0.3243696315671248,0.12436733443572727,-0.4865667629462174,-0.14374165207607373,1.4417341038637932,0.02381007216287983,1.7793871150800167,1.6381805622826113,0.2724980463768795,0.3845937376375291,1.9719917710572283,0.04183309415171989,1.0571052670360648,0.16454417932377835,1.64337296405001,1.0250089569166996,-0.5260059442533206,-0.32732770002044137,-0.7808955402578641,-0.7004771681205748,-0.27902864058184856,-0.20149348682830578,-0.9667093190113081,-0.9694615876168605,-0.5666557939533776,0.7341755576922996,-1.1169193672949453,-1.0820676699786818,0.9282700414475036,1.020745325347138,2.0814005428986397,0.562165170479572,1.3931851724467852,1.1038186894467965,0.773724482296437,1.522042185849509,0.6210144912410719,1.2247388809890989,0.8102957511895162,-0.7312454202640989,-0.7806646017770157,-0.6480322850534619,-0.046936550255261965
26,0.46463041577426784,-0.2424792263203336,0.430598512211827,1.9393562179174044,1.188589904498973,-1.0170632224261096,2.140959190269198,1.6650995666582333,-0.5993795645021166,0.701452036065249,-0.5604360138052465,0.4599599123491083,0.2347869083534996,-1.144208403852879,1.3208388942696172,-0.14183168577526145,0.9713282368544981,1.6650995666582333,-0.4417252546629091,1.2664724961019875,-0.5604404368378546,-0.9543568547713437,-0.4236110306305279,-1.8116513109443957,-0.6746657979865214,0.3398112809144228,-0.061297750203809676,-0.8203609582092664,-0.35540279163542127,-0.9891020549323039,0.5896618941607866,-0.6179392505709667,-1.1333146793189286,-2.156921454536155,-0.6284515219402887,0.3398372684426627,0.23786926662049931,1.6545863622698747,-0.6207726882671487,-0.48223212369371754,1.906473970963133,2.0691490067435767,-0.2499404901252742,1.1459709918280974,1.2154709383144193,0.2869140721009925,-0.6417160749317913,0.1784214549750613,0.9388980864922852,1.292807600262617,-0.261832294041209,0.5384268551293018,-0.48024371700024565,0.2723369046822271,-0.5775353055138223,-0.7576024643184102,-0.24410908660969102,1.7501710561966382,0.18505605786305218,-0.43907269122121917,-0.2592037058809611,-0.15323564318534436,0.038922334558135804,-0.7379816239902072,1.3108908562559571,1.5305878395269406,1.4740988482674582,2.287946839013615,1.5888016122003827,2.4381341349278465,0.9858148842026548,-1.3075584679518342,0.6186882410114277,0.256577308567782,0.5541512941693613,0.7934854099902786,0.5094044296381763,0.6006720866788643,1.6374253638998526,0.1291457350895804,0.17837934227802904,1.083595865142626,-0.5777467315121345,-0.4162047619969801,-1.5285441626416643,-0.6330743047944556,-0.8269121508511158,-1.2917918512798383,-0.372764472466807,0.9895016935964073,-1.3680509007061243,0.007605277459937894,-0.43057665693732133,0.07559752040961597,-1.0363390874370175,0.5920910879227054,-1.5580216171414125,-0.4872997634999079,-0.7645828524104641,-0.39152595599329093,1.992169579289663,1.6539750813349476,0.6784470607254907,0.549227709290642,0.2812204492993246,0.6055716305144715,1.4737076778825502,0.5523858650333168,1.1575282378699456,-1.2714009432659148,-0.48588186297290814,-0.7615736381493341,-0.5852057359806527,0.3378634728221463,-0.9857057735971849,-1.6677935574605178,-0.35833194416137293,-0.9055817835789852,2.2080898428756055,1.1488359818589557,1.9721253712588966,-0.14760025088419543,0.6241084287986594,0.1989277953297564,0.5240257853159069,-0.859187395269938,1.2874648571067557,0.250960812906408,-0.18609421478462698,-0.2926358108028044,-0.7975076027488535,-0.9882778635232555,-1.2588206796506554,-0.9721303635135955,-0.182811867967418,-0.6354794584585027,-0.9667093190113081,1.5721980053861446,-0.6439289968435277,-0.8618188739951309,-1.0990836749358843,0.5403009006232681,2.2733432217489096,2.252161501785257,1.615973561390625,0.4419159361523909,2.410373825080683,0.6515636162569037,1.3189980095395333,0.46031385453191453,0.44146133702764995,1.8709050250746184,-0.8155838860701027,-0.7511484702565558,-0.7207563213932532,-0.4088467994682732,-0.5076593950518219
27,0.9537150639577076,0.6846472272574129,-0.4083005037359842,0.5057933504255525,0.7203182827192396,0.4025664001028569,0.7256346468593399,-0.17952112044089752,1.343054209347335,-1.2864687139172375,-0.27718315484230605,1.4123228707966358,-0.7924058156930609,1.2466748280785098,-1.6143586485517543,-0.14183168577526145,0.20604887984574752,-0.17952112044089752,0.7034732483467615,-1.219065667530197,-0.27718366927523247,0.41448198001898656,-0.005966352544091922,-0.4480427973303346,-0.6746657979865214,0.672493653837634,0.10863660679685162,1.6609777425471568,-0.35540279163542127,0.7065014678087884,0.9649012813540145,0.7990659717610114,1.537643488851552,0.32466561061101845,1.7618581931458206,0.672524191679094,-0.8939665764061316,-0.48461778767957914,0.7067287947456177,0.678778671740688,-0.29060340477313684,-0.351435844015485,0.7834475904583043,1.6212193913025985,-0.10364480869347736,0.4488816934483269,0.5272091173231447,1.7203352634015152,-0.8666441914848364,-0.3724109382548096,0.4080272019357844,1.2601352121393843,0.2381060810057185,-0.748575899687811,0.6613416905410645,0.27717163328722305,0.8998330765821675,-0.16109218769984632,0.8579871773650602,-0.24205289387836434,0.9906017198913323,-0.5180354865397873,1.3579103051894732,0.799110914625505,0.8990046622415814,-0.10515488973849223,0.3298025424318934,0.8339389285443033,0.46241240952100676,0.5108762867414685,-0.014287172234821033,0.4526163927525579,1.1904133482167074,1.0049277918904795,1.0229197605361926,0.3115419939441224,-0.2815088238267889,0.12804817928350368,0.19460386655162576,0.18656839375741857,-0.09736149222191104,-0.27215081229369387,0.5514276298561809,-0.8967710851275137,-0.45635580216799443,1.414095322122397,-0.5357459005514272,1.1906819750698512,1.057017065762042,0.9895016935964073,0.6122886601387825,-0.5247641447357165,0.6223618927783987,0.07559752040961597,0.6634859691842665,0.6168493299061069,0.8096074427308343,1.2228256741005172,0.9982481350763208,1.2084903234518072,1.0634754209406145,0.25170599940095323,-1.1297321156761535,0.0531510686410299,1.5791609845269767,-0.3523947906383648,0.8033568231153676,0.3509718581874536,-0.9355890569592104,-0.8599020507626904,0.9618207137430956,0.7373060620508544,-0.5852057359806527,0.5457794560973133,0.7778572718163088,0.13164577187790155,1.1465712389815597,0.7338232891924185,0.675378364851981,-0.14286043297727957,1.0084340903644968,0.10751129385391985,1.591036980458554,-0.729401916209107,-0.4412848718449741,0.9428535835733779,0.31595383637860763,-0.6433961854834362,-0.6518397563310508,0.2753704300547809,0.19267491647014873,-0.23920101155339948,0.17495473852771834,2.151881383506142,0.009621677261443196,1.7514433855075806,-0.46171191355763963,1.0638660867855436,0.4496661632933061,1.8817946835891908,-0.3899277600476265,3.321452071327327,0.5722212584265433,-0.3908780964233887,1.3832600706366176,0.9229128734611155,-0.13259780650406192,-0.009981957162252187,-0.7584198297604661,0.46501406900722836,0.09048295535689778,0.271925248182397,0.8993286742948736,0.6988596945626087,1.229651573526041,1.0879295012250796,1.3630266111063518
28,-0.14672539445503183,-0.38511406533229464,0.6543049164645763,-0.6464520726391348,-0.034958526602911,-0.7508826682019284,0.31938408347317687,0.45456724074942867,0.17759394503766396,2.4243166860500707,1.1390811399723964,-0.5656617352097675,1.26197963240006,-0.347247326542416,-1.02731913998748,1.1819307147938447,-0.03872615339157717,0.45456724074942867,0.8546110869345327,-0.3265493802937669,1.1390698080545114,-0.9261333736416462,0.1506504017383216,0.9155657162837265,-0.3880096167479386,1.3378583996840563,-0.48613364270546294,-0.46588400095834875,0.4602757465442341,-1.5543032291793346,1.3401406685472426,-0.7691326841097202,-0.5208619434185062,0.8482636045466094,1.4936101369832013,1.3378456833252137,0.5156835189997633,-0.21929014117422052,-0.010985421679983651,0.3646887947149551,0.9235709344495386,0.04322472947784028,-0.16382481674330931,0.7103266256431381,-0.836486890364531,-0.03702117059367631,0.19323049096459152,0.1784214549750613,0.36574146280690706,0.13519454154086213,0.13088893033420732,-0.4430144630391708,-0.24079378433159093,-0.7878417767789663,-0.03097192490137222,-0.26895914044908337,-0.1011163162107087,-1.307850134037737,0.5215216176140562,-0.636092488564074,0.3778606611285246,-1.2867573050412984,0.10782952967789702,-0.42856759386099363,0.8990046622415814,-0.1596796473806733,-0.757278948111893,1.3724603768662706,0.5809796940135726,1.1532955694702611,-0.6810218765264716,0.7459788695366233,-0.8106245270017715,-0.9906734969700474,0.31976706098594554,0.5525137019672005,1.0126939561529797,0.15046462806293773,-0.9801133328777333,0.09076540679889405,0.12917057613007363,0.37686229266750854,-0.9343281087863394,-0.3561339716056634,-1.0239849341834666,-0.21159820513510358,-0.41927940043155176,-0.39387578642995064,-1.8025460106956561,0.43091202785649996,0.04647735704023769,-0.7909488558335438,-0.43057665693732133,0.591873269548457,-0.41395686105216606,0.000764593265909153,0.24556969400185893,-0.5168102090913623,-0.503507528972181,-0.18094598412912768,-0.012965535327600643,1.0347913308705865,-0.17246078699293016,-0.6909638923333883,0.2812204492993246,-1.0708696065029921,0.12944801696730857,0.3732165048080917,-0.7235250465446548,-0.40268105909244123,-0.6900450468687549,0.03782886862409977,0.3979399004668439,-0.389842468640938,-0.3243696315671248,-0.48351481364993093,-0.14821061986602532,-0.07049161171200591,0.26154626578560236,1.315506486999115,-0.05162631861934274,1.0004017004373233,-0.5186253140721252,0.9415915645608471,-0.4412848718449741,-0.4086771505591091,0.01423249944860848,0.6321483838266219,-0.009970488444728235,-0.29869453096666837,-1.084979947038241,0.42174915194941465,0.413917308224114,-0.15717077733453352,-0.47146218581070976,0.015499498986792693,-0.9667093190113081,0.5555341681849426,-0.8628660983857461,1.0617598455717154,-0.5551792933616241,0.2364953270835174,0.8095871137738502,0.6603308346823226,0.6075484347899263,-0.15933023548351496,0.1216993566544126,0.42668692780924783,0.548959971998847,0.09522615673764405,-0.1000078744017556,-0.53668204656009,0.10343111159058534,0.08052925710756977,-0.9862803502503089,-0.40074515303402286,-0.20440409243754262
29,0.158952510659618,0.2567427102215299,0.7814108279718204,-0.6926960361066136,-0.44280800363687234,1.289834914183461,-0.1261810505632599,-0.9865426710467673,0.17759394503766396,-0.49130041392424284,-0.27718315484230605,0.5332186014604565,-0.45000824101087405,-1.144208403852879,-0.4402796314232057,-0.472772285917538,0.15144438534551316,-0.9865426710467673,-0.46367051214145605,-0.8644672990444142,-0.27718366927523247,1.9808851827171996,1.351378851236825,0.9155657162837265,1.0452712894449752,1.0051760267608452,-0.061297750203809676,1.3065007852962391,-0.35540279163542127,-0.42390088068527304,0.5896618941607866,0.6653801753916332,0.5452629410773314,0.9740082401998279,-0.39046806509422766,1.0051580047206352,-0.492679322969417,0.4993055681111257,-0.3023881862437616,0.8863023404898329,-0.5218747074822179,-0.27250372931681993,-0.36476138796789404,1.383595191565348,0.7757656893117871,-0.1989887919410107,-0.14074813539396164,0.1784214549750613,0.16389778391450133,-0.13805753585820887,-0.37714520600030993,-0.22706768506819883,1.1274915452035787,3.1387459323365645,0.33340366217359446,0.9670210316909785,0.4708547653852206,2.132423704975935,0.18505605786305218,-0.636092488564074,0.6515243014055612,1.9728953804390459,0.4924974711390106,0.4545252015834987,0.19291404393122275,0.16746889847241325,-1.2149974704461188,-0.1892518232674345,-1.1382459311286326,0.4038064062866697,-0.3476545243806463,0.4526163927525579,0.9045507946140675,0.256577308567782,-0.8521541049311327,0.3115419939441224,0.43673153691034206,-0.3147314958377361,-0.5439969227917483,-0.6453849951167292,-0.46239342644111264,0.08508243120265589,1.145729925313189,2.2869808056122714,1.0573218832065983,2.8591562352401754,1.735350851786144,1.6132307114697984,-0.015319087909594756,-0.12767763788340744,0.6122886601387825,0.8061594107534196,0.09589261792053867,-0.4406782287292251,-0.9579647459575599,1.5275615198122197,0.4346992333462199,1.5214318747183215,0.8030646249672178,0.284908457766457,-0.2029257040808151,-0.25821003039322654,-0.8106416727817457,-0.9390022126581944,0.19469108028414783,0.6055716305144715,-0.3369034045783441,-0.18424597552191077,-0.8029524538338393,1.4719250067555805,2.2424806854534065,-0.1620217580692587,0.7256551126160095,0.7536954393724802,-0.9857057735971849,1.3385183641662197,1.3996618917367258,-0.5135483707061598,-0.38219255498431987,-0.851210079822957,0.044742809470097226,1.8932921070207267,0.18459545077143455,-0.9150678585168797,1.0066811138963474,1.393363828284207,-0.2862194390115018,-1.3275783142842974,0.5977660448112295,1.8121960511074038,1.8536262390310556,1.831776167422085,2.6840617203398724,0.2503090157549974,-0.0865950953529874,0.8834714422471867,0.043285491896028795,0.047202249584341584,0.735521229463235,0.8617912861845411,0.5211474320746026,-0.18039657065598547,-0.5750470424187736,0.08967455779636503,-0.7499469279417835,0.14129285033443795,-0.38689496966253645,-0.5628748399148839,-0.6523005932428501,-0.6339451997450554,0.2913165122519566,-0.7386714127096279,1.5056578471647335,1.7027625267770974,0.6963027172383008,-0.30525742818003154,-0.7113761076613152
30,-0.3912677185467517,-0.1711618068143531,-0.6930177455122112,-0.09923183827396564,0.25204666093950623,1.1301265816489523,-0.5324316139494228,0.1663452583901895,-1.2468574891186004,-0.7563565139219077,0.5725754220465153,-0.4924030460984192,-0.45000824101087405,-0.347247326542416,-0.4402796314232057,0.8509901146515682,-0.11126153627286078,0.1663452583901895,-0.9040479192918376,1.4351585741477597,0.572541414255888,1.1482924893911224,0.7249118341071711,0.06331039527493833,-0.6746657979865214,0.672493653837634,-0.48613364270546294,0.24306991354348642,0.4602757465442341,-0.9891020549323039,1.3401406685472426,-0.1755657544548891,0.7404099966782983,0.37351176179331064,-0.7225425694777847,0.6725067400701796,0.6751694786989704,0.4771949309023458,-0.4750713059852597,0.2412963430262743,0.07557615784957482,-0.404057253814595,-0.5656979591924787,-0.4381903397535728,0.18949202397494413,-0.5229240346356795,-0.6417160749317913,0.1784214549750613,0.46793811179362693,-0.263749076366235,-0.5578477274982793,0.8056155920303487,1.0077665788692516,2.667555407242701,-0.5410977468063256,0.24842790835373324,-0.1011163162107087,1.3679184074173414,-0.48787506163895594,-0.43907269122121917,0.5719725113876307,1.1707862358853822,-0.8097571513060092,-0.11573559988059327,-0.5720174592383324,0.3855679290411376,-1.0433530245707843,-0.5123646922606149,-0.5454095086658033,-0.6133574580339186,0.3190801799110043,-0.4274710375996381,-1.0964870806044114,0.256577308567782,-0.617769871747717,-0.17040142210203385,-0.5662267311973049,0.8307370823553561,-0.30836977253712855,0.88667812963908,-0.1467281988587063,-0.3975172653399159,-0.6966071906035362,1.145635788177254,1.3726714009929717,0.5109322514237856,0.8618521008870781,2.141416631969732,-1.0876552415812315,-0.6862673036233148,0.04647735704023769,0.5399746996555924,-0.43057665693732133,0.591873269548457,-0.32397296926252733,-0.44478260054434543,-0.42823057860911334,0.007848111432802155,0.20840446494348477,0.8953845338768048,-1.2371532895149826,-0.021463302274500207,0.8911740226550958,-0.44292557200858224,-0.41101450282208984,-0.11290318535015574,-1.3532696128656947,-0.02601606680450585,0.742902478296217,1.0604261142523563,0.8875795559627877,-0.06209644472257946,0.7256551126160095,0.025989497909395868,-0.9857057735971849,1.0131065330074502,0.2512375172841811,-0.5654768744745089,-0.5814450471273911,-0.43453381697255855,0.4302193218278571,-0.9129348850985411,-0.34282012286123525,0.013261853021983716,0.041370456735466396,-1.3096976399807672,0.08735988594568977,0.45408839378738963,-0.17709957970424964,-0.9557670411702567,1.2307694930707156,0.5098758404164565,0.8918424476169052,-0.4288239727275542,-0.27902864058184856,0.6664784564320881,-0.46171191355763963,-0.9694615876168605,-0.10746133925980583,0.610568957057406,0.17015067784355736,-0.7616893062330784,-0.21899825939781317,-0.9314998324206117,-0.4008766918107724,-0.3998287041378773,0.6302936829713617,-0.38207999931940917,0.19715682005521198,-0.03616557308338632,0.04138241588568138,1.6271406138003681,-0.6983517791376244,0.7435898253104626,1.071196615637724,-0.3775457665113596,0.4194286483555833
31,-0.08558981343210187,0.827282066269374,-1.308210357207272,-0.288061355766172,-0.1406972799080121,0.863946027424771,0.7125297899759152,0.22398965486203734,0.9545674545774446,-0.09371626392774557,-0.27718315484230605,-0.12610960054167783,0.9195820577178733,-0.347247326542416,-1.02731913998748,-0.14183168577526145,0.38369714673466676,0.22398965486203734,0.7924098460303636,-0.5571738074923777,-0.2771985279486115,0.5273759045377766,-0.16258310682650542,0.23376145947669597,0.9019431988256839,0.3398112809144228,0.7883740347994969,-0.11140704370743117,0.4602757465442341,0.7065014678087884,0.2144225069675587,0.1506856740256858,-0.09166761749347052,0.04109332436731495,0.15303305998073688,0.33981981683374834,0.10410684880826111,-0.9102475539485919,-0.2106502788810908,0.49929874201169777,0.8272078916540881,-0.37774654891504,-0.07770914336134445,0.3538903260372623,0.042923607640733386,-0.5229240346356795,-0.8087053881110678,0.7951869783456429,1.3019522055737256,-0.5936019990317686,-0.3962963041713571,-0.049583061595819405,0.2552096476249081,-0.0810559891381707,0.2969661034660978,0.4496339828881619,0.4708547653852206,0.9856657586380444,0.8579871773650602,0.7430460928359098,-0.026006195920969557,0.6518276188622942,0.23806631530540434,0.17169177035487787,0.3694366985088124,0.44009268668331875,0.44423217301544987,1.1570517975374837,-0.4861258664195203,1.5280401510620567,-0.014287172234821033,-0.13410856081557276,-0.5247619733991316,0.256577308567782,-0.8521541049311327,0.7934854099902786,-0.23961958011042453,0.29270742659260857,-0.12120385602581028,0.8166388012677616,-0.1599173790340891,1.3319600671306997,-0.3400258133293313,0.4247863034814537,0.3004830405193019,0.14966702314434102,0.8618521008870781,1.0322261989198709,-0.7302098570240193,1.5480913593363148,1.4610056147865997,0.007605277459937894,0.35912725534946865,0.3337353949790365,-0.4862229561443994,0.4897874243088483,0.6414213843525225,-0.5153100561880214,0.525517987098015,0.12086786936827013,0.7257684542682333,0.28812857295768035,1.3166279465143063,-0.44292557200858224,-0.41101450282208984,0.8450632358026806,0.4399349446918556,0.03508467748342919,0.9615570496160967,0.23742832924590768,0.5906149248415562,0.13775418197077902,0.7256551126160095,0.7536954393724802,0.5574118911396221,0.452269979759301,0.2361871483685669,0.07564455635316608,0.7213597091926897,0.3988187087282385,0.526588449917297,0.2350670662229775,-0.2549175272557903,0.013261853021983716,0.041370456735466396,0.4923433388625489,0.2760881182556492,0.45686616880594255,0.9427923431464674,0.12681514096623064,0.32044040282098774,0.24549577501533087,0.413917308224114,1.8802281881131213,0.9717894034057492,0.4494854706169897,-0.46171191355763963,0.047202249584341584,0.11524198738700402,0.2010349771038997,-0.04072187965414501,0.41565502924290304,0.21617247540558285,0.7504344573485264,1.1893321616749448,-0.09920561831992437,1.1388880092883107,0.45416352513987646,0.4943471566256871,0.41570740582559285,0.12577295039105182,1.6651763129484631,0.05678969393084227,-0.14724860577536011,0.3953405868076996,0.3584666160418379,-0.2754961097290603
32,-0.08558981343210187,0.18542529071554942,1.2694975281596381,-0.5462568184595968,-0.9866073063488208,1.307580284465073,-0.1392859074466845,-1.390053446349702,-0.7288751494254134,-1.1539406639184049,-0.27718315484230605,0.2401838450150635,-1.1348033903752477,-1.144208403852879,0.7337993857053429,-0.472772285917538,-0.5526703161135079,-1.390053446349702,-1.0303719601465609,0.23857109406879232,-0.2771688106018534,1.0071750837426348,1.769023529323261,2.10872316569603,0.4719589269678097,0.672493653837634,0.2785709637975129,-0.8203609582092664,-1.1710813298150766,0.7065014678087884,0.5896618941607866,0.6564246848963742,0.8296554065906484,1.9583956488083072,-0.6273327767942054,0.672524191679094,-0.10682619466488374,-0.42934119465762943,0.07535613819076539,1.1162610004551017,-0.5026020989231278,-0.43036795871415,-0.39346661242854897,0.8291387255117634,-0.2502132250276881,0.12494645075365811,-0.3077374485732382,-0.1299613067102295,-0.3332406483046648,-0.5648016197676988,-0.5035653307887886,-0.4936740752245419,1.1445951118227684,-0.19885362041163662,1.3172177472760045,1.2832020059593665,0.041876454188273626,0.6034131098587475,0.8579871773650602,-0.04503309653550951,0.9766125215264503,0.14216379705200577,1.167192021721775,0.5671857813009684,0.13407315907202622,-0.1596796473806733,-0.757278948111893,-0.5662168370928116,-0.3675585819269544,-1.0416369798531135,-1.0143892286722969,0.4526163927525579,0.3328256874087879,-0.7412233358624815,0.31976706098594554,0.07057028592104427,-0.9180080546662721,-0.32769467336477587,-0.5014146292552428,-0.7059455924404061,-0.7408472314721253,-0.37395785795621994,0.6702880889475825,1.3258481593512041,1.309601497435697,2.678523621100453,-0.593979150611365,1.824505079669772,-0.372764472466807,-0.12767763788340744,0.04647735704023769,0.5399746996555924,0.09589261792053867,0.3337353949790365,-0.04319060485689015,1.2545702096756064,0.7670637524049018,0.735288355499068,-0.4892581235169713,1.2999021900276257,0.05035452092347084,-0.986661501527769,0.14662965590147764,1.2933426702650601,-0.324485133806913,-0.831378001214783,-0.3627867476091173,-0.7963891516167866,-0.5134199395208688,0.5117609242480572,1.6114308443207896,1.2369326287842506,-0.9129209481298183,0.5457794560973133,-0.3243696315671248,0.4076693013049347,0.7222388231280877,0.45390984413100555,-0.25957563674242995,-1.6428949792387142,-0.24436457479822268,1.1279574728063808,0.09669285516598959,-0.9150678585168797,-0.9239402004254146,1.843874072995036,-0.7749505991392555,-0.903056415705702,9.425049762086572e-05,0.4724439712321721,1.2147988072768607,2.272409609757294,0.7723611627687074,-1.5154367542996368,0.2020552224903044,-0.20149348682830578,1.558277708257034,-0.9694615876168605,0.6924218416005193,0.8456145333255866,1.492706636926799,-0.9416058011283597,-0.8519738736572983,0.11970909868509964,-1.06023158228046,-0.09920561831992437,-0.8954892959794855,-1.0268263393105783,0.04991434876845911,-0.8310141084123907,-0.6451168238834352,-0.7541941018528697,0.3456901943844963,1.0908050462128402,1.5938595098606487,0.0496192351412815,1.8462047943134634
33,-1.0026235287760514,-0.1711618068143531,2.1338177264088976,-0.18786610158663405,-0.2917526417724422,0.7397284354534864,0.00486751827098622,-0.5830318957438324,-1.2468574891186004,-0.226244313926578,-1.9767003086199488,-0.4191443569870709,-0.7924058156930609,-1.144208403852879,-1.02731913998748,-1.796534686486644,-0.24873143545751544,-0.5830318957438324,-1.1912212467697934,-0.8386204522544506,-1.9767094159775864,1.049510305437181,0.8293230036287801,0.23376145947669597,-0.6746657979865214,1.0051760267608452,-0.3161992857048016,-0.8203609582092664,0.4602757465442341,0.1413002935617577,0.9649012813540145,-0.1627967179206631,-0.3577974662682909,-0.2576952940761258,-0.6967884562755984,1.0052111149155254,1.4417310269306431,0.4827225902045408,-0.8851937153713176,-1.0711506431169668,0.7693900659768179,-0.16726090971859986,-0.8240449793383733,-1.8243315048875341,-0.10364480869347736,-0.8468592773303484,-0.6417160749317913,-1.3634923534513927,0.5061987798690832,-0.6205899878751703,-0.8661601102943735,-2.047884849860899,1.1445951118227684,1.6859084799638182,-0.9783484512962857,-0.1539842407151241,-0.24410908660969102,0.6034131098587475,-1.160806181140964,-0.24205289387836434,-0.31747206283484714,0.5954311160836155,-1.2856298557360168,0.013689762244460127,-0.6896992289567255,-0.10515488973849223,-0.8144937634036713,-0.5123646922606149,-0.011856728449256757,0.5108762867414685,-0.6810218765264716,-0.7208335143837035,0.3328256874087879,-1.9884741414003109,-1.5553068044813798,0.3115419939441224,0.6488434956079147,-0.684891907602685,-0.3249569437277931,-1.3407616952182972,-1.1732707663775865,-0.5367689164923057,0.4325671707647793,0.544927884264087,0.3635529440765766,1.4743061935023045,1.0365518510668914,1.3491377512198313,-0.7302098570240193,-1.2448569693632223,1.1780999632373272,-0.5247641447357165,0.09589261792053867,0.3337353949790365,-0.31282126651850045,-1.1094278076669488,0.007854048888373126,0.04857494716038328,0.3967941553710855,0.3763077878462552,-0.30845913116593426,-0.14894230972304515,-0.3851877489225354,-0.6909638923333883,-0.757131978882797,-0.831378001214783,-0.31019430736795645,-0.5332626205284293,-0.7898359269631671,1.3118976596709933,0.720536950957095,-0.4617976981092964,0.7256551126160095,0.025989497909395868,-0.7652603929204982,0.954508717475455,0.2799506966921298,-0.7867924271243835,0.016312429301822463,-1.1845510901032759,-0.05162631861934274,-0.020044478515137784,-0.2549175272557903,-2.029063512363516,-1.4065955290058552,0.04183309415171989,-0.17375281811412593,-1.7603443712838567,-0.8243976408882349,0.08351282042451107,1.1349453783075862,0.6861292173505403,1.72821144155429,-1.5154367542996368,0.10583844987587379,0.23249248480189116,-1.4717067244649766,-0.9694615876168605,0.10320944257827669,0.1282361131421585,-0.7479906206446499,-1.0089988825963678,-0.3376811870714666,0.11970909868509964,-0.168163201056765,-1.001074875773783,-0.641192132821011,-0.5622382435031428,0.20757636217564204,-0.11987694228715359,-1.4340865905564302,0.3385343085224695,0.3966956094437145,0.015414491371579747,0.646004733653987,-0.48289278147437453,-1.223452889923663
34,-0.3301321375238217,0.827282066269374,0.872927084257036,-0.39211027356799977,-0.3974913950775433,0.012168253907391098,0.5028520798411215,0.39692284427758084,0.4365851148842575,1.3640922860594111,1.1390811399723964,-0.4924030460984192,-0.7924058156930609,1.2466748280785098,-1.02731913998748,1.1819307147938447,-0.7545011608946319,0.39692284427758084,0.1519782904567748,0.3697068963623469,1.1391001685378783,-0.0229819774913252,0.7771174188679756,1.2564678446872417,-1.2479781604636868,0.672493653837634,0.5334724992985048,1.3065007852962391,-1.1710813298150766,0.1413002935617577,0.9649012813540145,0.3994132814185808,0.29414420080981263,1.4594637761328804,-0.536614318779038,0.6724543852434366,-0.01936615224918953,-1.667536878349303,-0.7071142481378978,1.4527858686969584,0.037030940731394645,-0.8776499420065853,-0.4795822858105138,2.5717161902516006,-1.1296237230329527,-0.5229240346356795,-0.3077374485732382,0.48680421666035206,-0.7708564112290333,-0.9335449534397235,-0.6417289357247999,0.6979588933626224,-0.052654551520505084,-1.4160958102374512,-0.723285540343809,0.9957647566244684,1.0428258469811498,-2.072355431596331,-0.82434062138996,1.3341054848644742,-0.04681197143941782,-1.9686036369507438,-0.9950972512090847,1.3328833572184913,-0.630858344097529,0.05841938318805106,0.5586618035990063,1.103199652705287,0.10671055604330913,2.170459433790849,-1.3477565808181222,-2.18764589830403,0.3328256874087879,-0.24232301364734973,0.31976706098594554,1.0344571180133568,-1.3256209756950672,-1.0190496572220262,-0.6166192865782469,0.1118009746010795,-0.1660681123462352,0.8565989023283882,0.6108578594018818,0.18450314191618689,-0.14100628438162094,0.9926192224630451,-0.7104456507312404,-0.07696423412999029,1.057017065762042,0.9895016935964073,0.3293830085895101,0.8061594107534196,0.6223618927783987,-0.4406782287292251,0.5101305427306315,0.26909007079209385,0.8684300828985939,1.9828947041897136,-0.4783591899813641,-0.556577841539412,0.8524085667703764,0.6523543085249516,-1.2360955966409561,0.549227709290642,0.19469108028414783,-2.0288360276558284,0.5216628369119991,0.10478040985541462,-1.329069386955816,0.03167888299429552,0.1822885570498628,0.03782886862409977,1.0533703247651751,0.5457794560973133,0.11652112978624868,0.635144380017632,0.4215857797118311,-0.16579459382671788,0.614069905731036,1.0238331030038363,-0.1479954467087827,-0.020044478515137784,-0.7823331008884601,0.1989277953297564,1.0066811138963474,0.04183309415171989,-0.7379567668135045,0.7501269562855664,-0.9283416440015092,-0.11151010286217025,0.04893874432545488,0.6861292173505403,-0.1834891160168751,-0.4288239727275542,0.10583844987587379,1.100464428062285,2.568272519164371,0.047202249584341584,0.29032143924099774,0.5230596488012557,1.0335391713660047,0.0726723802913232,0.4139773548616719,0.9907107844584033,1.072975416297941,-0.3397040869742867,-0.641192132821011,-0.06703555573995806,-0.1315814039491803,0.6111527137585697,-0.8592003754257285,-0.279294369357815,0.06592706329720702,-0.5385344182595304,0.6780557778325593,1.081077751299274,0.1691492986058703
35,-0.45240329956968167,1.0412343247873155,-0.8607975487017734,-0.9085011989548495,-0.8053408721115046,0.47354788122930525,-0.6110607552499705,-0.4677431028001367,-0.08139722480892957,0.9665081360629139,0.2893225630835749,-0.6389204243211157,0.5771844830356865,-1.144208403852879,-0.4402796314232057,0.5200495145092916,-0.7659556925055,-0.4677431028001367,-0.2703195197802238,-0.0389127478361194,0.28934472452339094,1.1341807488262736,2.395490546452915,-0.10714066892681931,-0.6746657979865214,1.3378583996840563,0.44850532079817423,0.597546870794404,1.2759542847238894,0.7065014678087884,1.7153800557404704,0.7975464285571875,1.1194312518620149,-0.43139457471667025,-1.0439134367643992,1.3378805865430423,-1.06888666123752,0.38322472276503133,-0.7718704180409596,0.8414323580575854,-0.791691227309479,-0.43036795871415,-0.4795822858105138,-0.002545973568613495,-0.2502132250276881,-0.5229240346356795,-0.3077374485732382,-0.4383440683955203,-0.2950187340834407,-0.5298041002299679,-0.6305248660482174,-0.6324456806626152,0.32362391410166663,1.3325155861434204,-0.5410977468063256,1.6281267051612442,0.6138475357842029,0.6034131098587475,-0.15140950188795188,0.5460262954930549,-0.05643305287313256,0.6853407563209805,-0.11298703802099098,1.0437226836787816,0.428277583368009,-1.2501748002242952,-0.3567752410694454,0.4031217698867295,-1.1975295733749156,-0.666892398261318,0.3190801799110043,-0.7208335143837035,-1.3823496342070511,0.5060274696753478,0.31976706098594554,-1.1342882541943462,-0.15325352047757948,-0.5105392385796301,-0.2410127096660437,0.5730970853632894,-1.2342199188837961,-1.1546668430966838,1.6211717616787955,1.566131320916471,-0.20407618793889565,1.414095322122397,1.910050601965957,0.9794076068698776,-0.015319087909594756,1.268796526466361,0.3293830085895101,1.0723441218512468,0.8855965302073286,0.3337353949790365,0.3421032745652394,1.2117906057449843,-0.43560403046029933,0.9065934511083132,1.2725603463497246,0.923457462151998,-0.7728062103404585,-0.05788587583122733,-0.8106416727817457,-0.44292557200858224,-0.15142639577655942,-1.0708696065029921,-0.4654357073378064,-0.31051985829736994,-1.36207816503959,0.9232598167512814,1.6114308443207896,-0.3618723847626172,1.0533703247651751,1.0655694142852306,-0.10392425089043805,0.8716327421081755,1.235966008442513,-0.24820782234491312,-0.765370424490226,-0.01785755412216002,0.4302193218278571,-0.14760025088419543,-0.6944305052830151,0.1989277953297564,-0.4412848718449741,0.04183309415171989,-0.8334603413040083,-0.09314385274698618,-0.15827502246736094,-0.39894635842236464,0.9432971487813278,1.9639662001226477,0.5333985930723117,2.287707981202652,0.009621677261443196,1.9684363713226791,0.5482828973496973,2.080529923986746,0.5772560194872708,1.0307573588967085,1.305798111688319,0.9018275458052536,-0.17943728350659535,-1.141741618641754,0.1809070350742461,-0.4599533213014679,-0.38689496966253645,-0.5867303111841354,-0.6262480090291705,-0.4376878420452057,-0.5348266511013646,-0.5099642199463142,1.3399699566377443,0.47048093654073464,0.44326909817406485,0.8840394200364314,-0.11665089969764432
36,-0.3912677185467517,1.397821422317218,0.0391123047695154,-0.0452805475619065,-0.24643603321311316,1.3608163953099093,-0.794528751617915,-0.2948099133845932,0.3070895299609607,-0.3587723639254104,2.5553454347870987,-0.6389204243211157,-1.1348033903752477,0.4497137507680469,-0.4402796314232057,1.8438119150783978,-0.6429876583885852,-0.2948099133845932,0.5100991523700457,-0.7144143255980554,2.5553394303308523,1.1341807488262736,-0.16258310682650542,1.4269189088889993,1.331927470683558,0.672493653837634,1.3831442843018114,0.24306991354348642,1.2759542847238894,-0.42390088068527304,0.5896618941607866,0.5900394374037317,-0.7049619537537012,1.1719851528279694,0.5285652798120136,0.6725067400701796,0.7008930205859393,-1.1589922225473657,-0.2969918387518398,0.2132526040061196,-0.42551166468676743,-0.6408535979105902,-0.5944031836531337,-0.08175404014769701,-0.836486890364531,-0.5229240346356795,-0.6417160749317913,0.7951869783456429,-0.23616911206661703,-0.5006701076436441,-0.43133514316003985,0.9433096697730488,1.7261163768752157,-0.8271076538701216,0.04190319251362112,0.1621967335532638,1.0428258469811498,-0.5433448364791432,-0.48787506163895594,1.1370856875216195,1.2507001555951898,-1.3856893207231114,-0.22985199200549036,0.18784530217197698,-0.3954948046607427,-0.595877708518122,-0.5284196869447801,0.3492696250545328,-0.6639767931583691,-1.3628466212175099,-0.6810218765264716,-0.13410856081557276,0.9045507946140675,-0.7412233358624815,-0.617769871747717,-0.41137313012511195,-0.9026677922962347,0.23602527157945763,0.6376580722011908,-0.29726397623988937,-0.6653738346483564,0.32265623828851864,1.20516015485889,1.0855649977859374,0.9311820760920488,0.20987789452424846,0.8036188508271405,1.4019563432698248,-0.015319087909594756,-1.2448569693632223,3.158439524082234,0.8061594107534196,1.1488311676362586,1.3662868932567187,0.36010618959884444,0.3445928376716176,0.6972271119188823,-0.4363877674589236,0.32762098710811904,1.1398819634022337,-0.4984192999191487,-0.4949567585119528,-0.5979147108521405,0.30118938896583597,-0.23795576479173622,-1.0708696065029921,-0.4097152857011644,0.07924614971319509,-0.30295576826034903,1.2204534613369435,0.739097240402172,0.3376048086641375,2.364231173361837,1.2734853975603975,-0.10392425089043805,1.0337871383443438,0.7159908103587097,-0.1867027535282154,-0.7806975392704623,0.14881295101799938,-0.05162631861934274,-1.1680464298366564,-0.7823331008884601,0.3845937376375291,0.5240257853159069,-0.4086771505591091,-0.7641456031664784,1.2088359800642525,-0.2986278501993859,0.13477302362202442,1.0231505777506023,0.7301925615840613,1.608730156706092,0.38613561345150776,1.260439721249041,0.6664784564320881,1.0532803028033657,0.5555341681849426,0.5984175503663177,0.2800589072377646,0.4276308741872801,0.18948809287552826,-0.13987630761537753,-0.7813271279769386,-0.8275180915264526,-0.3998287041378773,0.1216993566544126,1.2787077625263719,-1.0306335048206692,-0.5642375863429255,-0.21330738893824255,-0.5032978688877987,0.24981837911727992,1.0447203472820181,0.3429336853234716,0.42732730748668535,-0.7662566718743082
37,-0.08558981343210187,2.253630456388984,2.057554179504551,-0.24181739229869254,-0.21622496084022713,2.3190663905169617,0.4242229385405738,-0.2948099133845932,-0.3403883946555231,-0.3587723639254104,2.2720925758241584,-0.6389204243211157,0.2347869083534996,0.4497137507680469,0.14675987714106856,1.8438119150783978,-0.4073473390662166,-0.2948099133845932,-0.5891457756987019,-0.10214556983155328,2.272127238788367,2.249008253449326,2.3432849616921105,-0.10714066892681931,-0.2446815261286472,2.0032231455304785,1.977914533804126,1.6609777425471568,-0.35540279163542127,-0.9891020549323039,2.0906194429336984,2.98071217077762,2.4835795621151053,0.23690636195884615,0.7638374381712099,2.003201322821015,-0.3486274884023913,-0.9986901027837114,-0.5991872982994615,0.1627738737698411,0.07557615784957482,-0.7460964175088103,-0.5082875102711688,0.4330983926163458,-1.1296237230329527,-0.8468592773303484,-0.6417160749317913,2.3371007867720968,-0.7829709786021605,-0.9192305639368973,-0.4702237460396914,1.3711244571653076,1.709012810256026,0.2330710275910718,-0.3224723945613456,0.73707123222306,2.043775239774026,-0.9255974852584401,-0.82434062138996,1.9251648768930387,2.9504154001115586,0.055214052277541496,-0.7255481159202903,1.9107658365387312,-0.6896992289567255,-0.2687291626650355,0.6158766188907846,1.2647560872018773,-0.011856728449256757,0.6714811074236666,-1.3477565808181222,-0.4274710375996381,0.3328256874087879,0.256577308567782,0.0853828278025299,0.3115419939441224,-0.851344074058905,-0.8641906931821659,-0.1557649212134326,0.9068886341177319,0.6385989639113732,0.17865675370914827,3.344648418504119,2.166839224829638,1.1203917867638729,2.196836650061194,0.39598610040757637,2.88087692066964,0.3421262966476175,1.268796526466361,1.4610056147865997,2.1370829662425557,0.8855965302073286,2.3988383915344005,3.0132367396043223,1.4385202777101191,2.351712256946424,2.9750083331102286,1.8807521124689386,3.37588865732599,0.4935949146809712,0.08780441839568116,0.3593566178310828,0.0531510686410299,-0.324485133806913,0.8450632358026806,-0.11455201516301126,-0.1345918285424707,0.8499453795920989,1.1290092630028936,2.4280835799041762,2.63588701563776,0.7256551126160095,2.0011913390234817,1.8800841751997426,1.6940022693383312,3.204936543570611,2.4960324475813773,0.7213597091926897,-0.10119280669223972,-0.9189484714243025,-0.6578233403604259,-0.34282012286123525,1.3129234491763924,-0.9239402004254146,-1.3096976399807672,-0.11105502148571363,1.0657113104042715,-1.4151852632583097,-0.6674213328397045,1.917508982206475,2.1402195770567314,3.2814681445808613,1.6085749927201005,1.1642229486346103,1.7514433855075806,3.0732699246180393,2.588861842587347,2.7512561535023985,2.8580242614381492,2.259972734436552,2.453609051179892,0.5722212584265433,0.630296293793588,-0.0518064556797613,-0.09920561831992437,-0.641192132821011,0.08442906409818234,0.13558468253665476,-0.35707794903001633,0.12465099011448147,-0.6238401418828545,3.5987265520342717,2.1623624214175616,2.2348239948679645,2.8736685519922376,0.6177874368741616
38,-1.1248946908219113,1.825725939353101,1.7880896471091938,-1.3015748884284215,-0.6240744378741885,2.549756204177919,-1.200779315004078,-0.4100987063282889,1.343054209347335,2.026732536053573,-0.8436888727681869,-1.2982486263232502,-0.10761066632868721,-0.347247326542416,0.7337993857053429,-0.472772285917538,-0.8801586800832544,-0.4100987063282889,1.3253001589628288,0.9917752788371164,-0.8436972044004768,2.6018017675705454,0.7249118341071711,0.23376145947669597,-0.10135343550935581,1.3378583996840563,1.3831442843018114,1.6609777425471568,-0.35540279163542127,0.7065014678087884,1.3401406685472426,2.139694558173057,0.9406746566026225,0.5802472524126226,-0.353541618822319,1.3378631349341281,0.03208093152474824,-0.7775837306959126,-1.0416877926370502,0.6675611761326261,-0.772418618750389,-1.2986212203994656,-0.8240449793383733,0.6311185590640546,-0.6899184740303204,-0.8468592773303484,-0.8087053881110678,-1.3634923534513927,-0.559803629700946,-1.0152871002279156,-0.7282213462106827,0.07454675429696746,1.5037700108257506,0.2723369046822271,-1.1240986861262723,1.6856141550282238,0.8998330765821675,1.3679184074173414,-0.48787506163895594,1.5311252822073291,1.2574016751456716,0.9476493721364444,-0.37135484495644056,1.313355528830178,-1.278108077548691,-1.3592243155086574,-0.3567752410694454,-0.027695388770844317,-0.9011113621435008,-0.39921769712432104,-0.3476545243806463,-0.7208335143837035,-0.8106245270017715,-0.7412233358624815,-0.8521541049311327,-1.3752599622174244,-0.3401316827965178,-1.3100177125438686,-0.8517322595444853,0.5043401208569495,-0.2758103404292564,-0.8464129649546662,1.4428810730416932,0.9654234170033039,1.75109082233662,2.2570475214411014,2.60884960268521,2.775239736569653,-1.0876552415812315,1.268796526466361,1.1780999632373272,2.1370829662425557,1.6753004424941187,1.3662868932567187,-0.025249097870601745,1.4732990075867305,1.5817083200343196,2.2703297879453412,2.14641627399964,2.0217475482364344,-0.8361262665915299,-0.6224357659604978,-0.17246078699293016,-0.9390022126581944,-1.0167200859283274,-0.5918863959265739,-0.5422730890800113,-0.7303951435519366,-0.12185747485036422,0.7403714200831818,2.7436085004704847,2.236185762251043,0.7256551126160095,1.5853593724731478,1.6596387945230557,1.5350548749610957,2.4035046595326652,0.8791695097280567,-1.1792025235566046,0.6488244664384776,-0.7262102152454225,-0.9129348850985411,-1.046040887704795,-0.17240408928578896,-0.9239402004254146,-1.760207884691596,-0.7732719033882853,0.11784539804015909,-0.4393987929163511,-1.1440930631051531,2.2528933838774274,0.8183192500511032,2.6840617203398724,2.8310143719886933,1.0680061760201798,1.9684363713226791,0.5482828973496973,2.080529923986746,1.9445223420086977,1.255233057160986,1.6766085575088896,1.8867809792330197,-0.17943728350659535,-0.6611889644220003,-0.9826604186957909,-1.1213241101009643,-1.4040836222964346,-0.13821234746426478,0.3736751939303146,-1.094809920067747,-1.0058683845204914,-1.1915421095314358,1.616691606953749,2.445416875526849,2.173189715772996,1.2264752850513487,1.4066635025760015
39,-1.613979339005351,1.68309110034114,0.7203999904483437,-0.22254907418724332,-0.7751297997386185,1.2188534330570127,-0.2834393331643552,-0.6983206886875281,0.17759394503766396,0.5689239860664166,0.006069704120634417,-1.518024693657295,-1.1348033903752477,-1.144208403852879,-0.4402796314232057,-0.14183168577526145,-1.2107072255326636,-0.6983206886875281,-0.3169248217852586,0.6376875017190342,0.006087956960768767,1.839767777068712,0.35947274078153957,2.2791742298977877,1.4752555613028493,0.3398112809144228,1.977914533804126,-0.8203609582092664,1.2759542847238894,-0.42390088068527304,0.5896618941607866,2.0286426021939143,-0.7384462741717156,2.028640069917608,-0.677851112611163,0.3398372684426627,0.23272455824310553,-1.7007028341624728,-1.1388220474916428,1.2452621999478135,-0.5026020989231278,-1.2986212203994656,-1.1110972239449228,1.5024072914339732,-1.7158973883697957,-1.3327621413723516,-0.9756947012903444,0.1784214549750613,-0.6968180460296678,-1.3079586502858058,-1.064667578351436,0.08396286501900256,1.657702110398457,-1.0627029164170534,-0.723285540343809,1.8868202295626524,2.043775239774026,-0.9255974852584401,-0.82434062138996,1.5311252822073291,1.6122153891691375,-0.5849917990071833,-1.1281813238001965,2.005011058960111,-0.6896992289567255,0.0038946255458699674,-0.29956042577766717,-0.4585125474284181,-0.24899129743438853,0.08259676492227343,-1.3477565808181222,-0.13410856081557276,-1.0964870806044114,-1.2401236580776132,-1.320922571297964,-1.8572033782635806,-1.5469165336692416,0.0034138030580300933,-0.5407766312996971,-1.540870791732256,-0.6187285002685409,-1.027614986212132,1.7400322207701973,0.8452818362206705,1.5618811116647957,2.1366257786812866,1.735350851786144,1.5075935273698116,2.486798603990891,-0.4069724707533611,0.8951943116880549,1.8708982551447286,0.6223618927783987,1.3662868932567187,1.6440878553571299,-0.2087214822290317,0.6150349318011946,2.119776599008591,1.467627177240604,1.516296765395296,0.008141150089423186,-0.2764213171715901,-1.2360955966409561,-1.1870405329830005,-1.1032494549435043,-1.7893444223676194,-0.4795174431265398,-0.7289788891843207,-1.3457738732797455,1.6090913042566553,1.42582794987002,1.436783255477609,2.6919463855110033,1.377443389197981,0.3369665104629354,1.9537619967947868,1.320488692604659,1.3400372969408965,-0.22892140718195744,-0.26786331183239914,0.23748106564897717,-1.1680464298366564,-1.3976512701265749,-1.1007338008246523,-1.4065955290058552,-0.859187395269938,-1.148243753955648,-0.3544274345530065,-0.6558141622006121,-1.1070829323230542,1.7578021242679263,1.3911427250868753,2.206136580947081,0.2503090157549974,2.126390674778916,0.015499498986792693,2.063275113710702,-1.4777935062174616,2.2711608735207225,-0.2502262745163765,1.4574062184749075,-0.5893708674626169,-0.6541689942012092,0.5401926711273842,0.10333587148957697,-1.602321047409689,-1.4040836222964346,-0.6674075311239152,-0.2303441820636053,-0.3638692352843864,-1.5528060880172578,-1.319204140020514,1.6688320212485568,1.559533894718597,1.1729462462147076,0.9167220312785763,1.2266494561129033
40,1.0148506449806376,-1.6688276164399436,-0.2710261193081608,1.0607209120353014,0.8864791807701127,-1.300989146931903,0.5683763642582444,1.2039443948834505,-0.5993795645021166,0.03881178607108685,0.5725754220465153,2.2181684510214668,1.26197963240006,-0.347247326542416,-0.4402796314232057,0.8509901146515682,2.1603980725671197,1.2039443948834505,-0.4517530596924974,1.752292437983786,0.5726014920860131,-1.0813625198549826,-1.3633115563250089,-1.3002981183391227,0.6152870175871011,0.007128907991211643,-1.1658710707081081,-1.174837915460184,-1.1710813298150766,0.1413002935617577,-0.1608168802256692,-0.8866836779627404,-1.2178565019541412,-0.7979246405025378,0.5112097940308179,0.007150345206231327,-0.6110076156494739,1.3173991448359814,1.5377663085015771,-1.1721081035895238,0.07557615784957482,1.2535171548573711,1.4149625285927132,-0.20056614001632228,1.6551761873170516,2.2305255282690055,1.5291449963988042,0.48680421666035206,1.6369189954370995,2.110291320084019,1.7501560418592133,0.3054828714949348,-1.4893541475324334,0.9791226923230226,1.718030893058468,-1.5049393125891453,-1.3880512498015496,-0.9255974852584401,1.8673838566180725,-1.2271518805926385,-0.8377527996584292,0.6363613711037859,1.2979098524484964,-1.2149084816859754,1.075527316819171,0.44009268668331875,0.6730914341825628,0.45697391471892623,1.1145324742301193,-0.1850779362147235,1.6525495884943056,0.7459788695366233,-0.23889941979649176,1.7532782752131773,3.366762092370349,1.757372242082591,2.7265994960930033,0.8046838000333916,1.9141098317043037,0.4013548190762641,3.0149242338592805,1.449651590469314,-0.756037420149237,-1.7377621506059475,-0.7717053199543679,-1.7168699896327895,-1.176311651210742,-0.18260141822997708,-0.7302098570240193,-1.2448569693632223,-0.2364282945090347,-1.3233182780291983,-0.43057665693732133,-1.2150918524374867,-0.26897196322349787,-0.9334896066537521,-0.750622889059409,-1.932044258111916,0.15629765661366155,-0.5233470816708762,-0.6461660978383155,1.4172283532162213,1.2102644655495036,0.30118938896583597,1.925278460587684,2.042521262243726,0.22093267495691102,1.7080801921994797,2.3385356887218487,-1.339984092016452,-0.7828464940941398,-0.4617976981092964,-0.9129209481298183,-1.1175484101040223,-0.9857057735971849,-1.4089669017398059,-0.8807354808380188,-0.3130006523591552,0.3688360692472561,0.7738273452935971,1.2975414746328169,0.745290155699208,1.6789395760639991,0.9415915645608471,1.9719917710572283,3.195404807127523,1.8420362183027368,1.3348592112932034,1.8748380830540912,2.3708712476697653,-1.0210972038628217,-1.296721273157902,0.17495473852771834,-1.9229165473891676,-1.4336299119550158,-1.0694654300886997,1.558277708257034,-0.9694615876168605,-0.8839462902393191,-0.5958622485201286,-0.0610677724332616,-0.9441932349842593,0.21617247540558285,0.2698818031287727,0.4136205258282535,2.1254052167329274,0.3759965198128871,1.246679495863982,2.4494701167252053,0.8132373545319294,2.467673456583892,0.009130872211787969,-0.919554033242119,-0.3492565914123371,-0.5399466580717052,-0.962966944935344,-0.4193015764409663
41,1.2593929690723573,-1.2409230994040608,0.0391123047695154,2.270771289434338,1.7021781348380354,-0.8928456304548251,0.044182088921260056,1.7227439631300812,1.0840630395007413,1.2315642360605787,3.6883568706388608,0.38670122323776,0.9195820577178733,-0.347247326542416,1.9078784028338913,3.167574315647504,0.5999040767619,1.7227439631300812,0.7035765335048255,1.6091843915455917,3.6883359183267292,-0.29110504822345173,0.2028559864991261,-1.8116513109443957,-0.2446815261286472,-0.6582358378552107,-1.0809038922077774,0.597546870794404,0.4602757465442341,0.1413002935617577,-0.911295654612125,-0.3991216405593525,1.0342011459628488,-1.5180464676427583,-0.9003468195937824,-0.6582409528755457,-1.7685670005630738,1.4334799901820758,1.9316996754118696,-0.8019307485234815,-0.09787731918223595,0.9377886960627109,0.8695632638402692,0.4330983926163458,1.36203935464863,1.9065902855743366,0.5272091173231447,-0.4383440683955203,1.175157085196149,1.9559927976298006,0.8491439965398029,0.41824238055914165,-1.7117005135818983,2.196364882148837,2.628969860745885,-1.1025271635202878,-1.2450584794025672,-0.16109218769984632,0.8579871773650602,-0.636092488564074,-1.348254192693588,1.7367991074700795,2.294611685805741,-0.7322754828100065,1.0166864319599744,0.8217659901785864,0.44423217301544987,0.13386104572574586,0.04742691379702618,1.0997606292428617,1.3191822363484802,1.6260662998888193,0.04696313380614806,1.5038281141056113,-0.14900140538088577,1.2754288260364348,1.9171515518540672,1.8818699802796601,1.1159602973727192,1.688584149680839,0.7342872839723061,1.1359907125433855,-0.6371769610578354,-0.7165587139535636,-0.8347752235116426,0.8119866083233228,-0.18634640019180088,-0.28823860232996384,-0.7302098570240193,-0.6862673036233148,-1.933862203804669,0.8061594107534196,-0.1673420195083913,-0.9569539778680661,0.4561520521496013,-0.6756640517066432,-1.087124207394396,1.2668272166615986,-0.6516045188179528,-0.9125840095348311,0.3247414313447806,0.6159317349682245,1.5293549084439113,-0.44292557200858224,1.7522197225573304,0.36608002522626243,0.4944138034695614,1.8157103194587467,1.228812759910617,-1.0656514970143025,0.3864517409457095,-0.3618723847626172,-0.9129209481298183,-0.7017164435536885,-0.3243696315671248,-1.0660298443575433,-0.15564036963596894,-0.1615867516821426,0.10827511798323992,2.523867649265271,0.1411119375595372,-0.6578233403604259,0.008790259560544621,2.798250987638574,1.0066811138963474,1.393363828284207,0.3263927228962718,3.899597290774436,0.8400318178073989,1.2916118026563685,-0.15868017099465848,-0.4595177327210042,-1.1393393948024575,-0.15717077733453352,-0.9525460488828628,0.015499498986792693,-0.9667093190113081,-0.46112966901625946,-0.27917360277718434,-0.24100399438032713,-1.2053731957458707,0.032264185665961544,0.7304651619914145,-0.21067085109098108,0.9178330891286028,1.2235359592790684,2.1560766619222087,1.5148560951057515,1.1298035265152293,0.8469106626992717,1.8416870963542582,1.5255077951389457,-0.5190444947535738,0.2697301312621248,0.5372301004055468,-0.8586223099242326,-0.3167549056689211
42,1.4427997121411473,-0.5277489043442556,-0.8862187310032217,0.9027207035214144,2.0496054671262245,-1.1945169252422305,1.3153532066134472,1.2039443948834505,0.8250718696541478,-0.3587723639254104,0.006069704120634417,2.8774966530236012,-0.10761066632868721,-0.347247326542416,-1.6143586485517543,0.18910891436701507,2.553125181142655,1.2039443948834505,0.8555754867981414,-1.3474318015886877,0.0060730982873897265,-2.040960878264699,-1.2589003868033999,-1.3002981183391227,0.7586151082063924,0.3398112809144228,-0.3161992857048016,-0.11140704370743117,-1.1710813298150766,-0.42390088068527304,-0.1608168802256692,-1.0671854143065294,-1.1921233117419407,-0.5759847805345759,0.2779299855886828,0.339802365224834,-1.279819704710665,0.7977991704296541,2.536090594507113,-1.345979285514483,0.15266659208593517,2.253323941040462,2.5918767314795663,-1.4282911719921167,1.2154709383144193,2.5544607709636744,3.0320488150122933,-1.3634923534513927,0.8879016674702923,2.724627693347684,2.962295124769107,-2.187598816662797,-1.5919755472475712,-1.4553616873286066,1.280780188568508,-1.389964412855186,-1.8170295609984966,-0.16109218769984632,4.559108334626106,-0.636092488564074,-1.6722149018005534,-1.1872272777990251,3.031320381303504,-0.6218162200080395,0.6048002379455986,2.1303601735909328,1.5885284788510146,0.7262346388799099,0.9366815474912703,0.992690748788063,0.9858148842026548,1.6260662998888193,2.6197261162299066,2.7510789196434406,1.0229197605361926,0.7934854099902786,0.26218065360312176,2.864860745064947,2.1503235401840697,1.471465848716425,1.3665145296930212,1.6676139115907298,-0.8748978792406387,-2.218328473736481,-1.9700334875425871,-2.1383460892921415,-1.409244651450493,-1.4502476274298186,-0.7302098570240193,-0.6862673036233148,-0.2364282945090347,0.27378998855776515,-0.43057665693732133,-0.18254035415980455,-0.7758116423356656,-2.2923126676221646,-0.09838774523020631,-0.5459236998674154,-0.1964853394923064,-0.7167042717332214,-0.6250594124212917,2.7102297144800342,0.7848105416902932,0.7972660296154481,2.9636308887698055,0.12658841993805334,0.47776635066247947,2.577298164329329,1.0436190827693608,-1.8886492820207512,-1.339655177446449,-1.4610508315760888,-0.2574905238314872,-0.28588447700335456,-0.5448150122438115,-1.5928925016270752,-0.5735434600508585,-1.206072014847234,1.3804256447428482,1.0238331030038363,0.23748106564897717,1.0004017004373233,2.9095759145402287,-0.5437359739013343,1.4893364424767879,1.393363828284207,2.884996554330922,0.08332186456263979,0.09042238323637362,1.191415436007555,-1.9473969799064044,-1.1204678962238184,-1.8562271038916445,-0.9721303635135955,-0.182811867967418,-0.6354794584585027,-0.9667093190113081,0.047202249584341584,-1.1069692159757267,-0.44275534390796584,-1.0182303217473854,0.04147037312626654,1.007391993229939,1.080814407124607,0.9954042527132719,2.185529833896518,0.3759965198128871,1.8912238018533205,1.7455595651630653,2.5756068533994063,1.5837937843831424,0.5533205053543581,-0.788707613768877,-1.3034431997925149,-0.984854830651471,-0.5027991264912599,-0.5656610880398053
43,0.22008809168254795,-1.4548753579220022,-0.6981019819725008,1.989453845007173,1.203695440685416,-0.6976465573570921,0.8304735019267367,1.7227439631300812,0.17759394503766396,0.03881178607108685,0.8558282810094558,1.4123228707966358,1.26197963240006,-1.144208403852879,-0.4402796314232057,0.8509901146515682,2.0904673155765465,1.7227439631300812,0.229461133381074,0.26633540548681006,0.8557988249551192,-0.6580103029095197,-0.3191998611089189,0.23376145947669597,-1.5346343417022696,0.672493653837634,-1.1658710707081081,-0.8203609582092664,-0.35540279163542127,0.1413002935617577,0.2144225069675587,-1.063068565655512,-1.2668601843683234,-0.3430603347101964,-1.2369999412189057,0.672524191679094,-0.9608477853122507,0.9470459715889183,1.629504215864248,-0.4766233758896866,0.44175572047228645,0.8325458764644909,1.8742461199631926,0.4330983926163458,1.508607770982841,1.9065902855743366,0.8611877436816978,0.1784214549750613,1.8152044914769996,2.1865658729736954,1.7512618143733127,1.223360215320156,-1.4038363144364852,0.8613250610495568,2.373906949793408,-0.9875522637863287,-1.1020657090035848,0.6034131098587475,0.5215216176140562,-1.4241716779354934,-1.5964063711202081,0.07534838704734799,1.7753053494990825,-0.9056867218568134,0.7813228925231882,0.22199365611459435,1.2452395871003452,0.5108260595511229,1.4702343277078167,1.3139003901524593,0.9858148842026548,1.3327038231047539,0.9045507946140675,0.256577308567782,1.2573039937196082,1.516400534059513,1.0441272385190883,2.0159581255,1.7828164618521127,1.4084410655876756,2.4723826619519187,2.1104216114383845,-0.5183165019664338,-0.9568418755188304,-1.150124741298016,-0.09117646237528872,-0.9433786509709913,0.0286729499699965,-0.372764472466807,-0.9655621364932685,-0.5193339460583071,-0.2585794336378893,-2.009984481510901,-0.18254035415980455,-0.18821880689399303,-0.8639466673676861,-1.2890071201487647,-0.9398306748693318,-1.3000533065419388,-0.4823564412394967,-0.5406326707531963,1.9999895301238553,1.5293549084439113,-0.44292557200858224,1.7522197225573304,1.3240464463790989,0.20971179864429468,2.2897316924649043,2.4935187563093613,0.16884518049537028,-1.0241302568801403,-1.2612002048827302,-1.240636160278984,-0.8056744351912719,-0.9857057735971849,-0.09149254932767599,-0.9334816749411174,-1.4611573334123311,0.5834156761705634,1.4405093658542347,2.0684944993483367,0.4901786109610927,1.1515240024313291,0.7559256222530745,0.5240257853159069,2.294384317705865,1.7137645195834919,2.0273002100625623,2.0662330131565496,2.408848630024423,-0.8294489743365632,-0.591707765421567,1.4892488718578942,-0.9721303635135955,-1.4336299119550158,-0.4184864726434043,0.5482828973496973,0.047202249584341584,-1.3004645231657834,-0.7700645445393999,0.802828409760906,-0.5783683607341342,1.0865139450123749,0.2698818031287727,1.4608312342212868,1.4039098107698402,0.1216993566544126,2.5486472541471494,2.4053992090433445,2.26223374996689,1.637513309668278,-0.1241988691819903,-0.7100846177469539,-1.1531323086620158,-0.7883221652727566,-0.9618445242764224,-0.20638251261851576
44,0.09781692963668803,-1.2409230994040608,0.4407669851324063,0.8217937674533263,0.3577854142446073,-0.662155816793868,1.6822891993493365,1.2615887913552983,0.4365851148842575,-0.09371626392774557,0.2893225630835749,2.0716510727987703,0.2347869083534996,1.2466748280785098,0.14675987714106856,0.5200495145092916,1.8908377454575684,1.2615887913552983,0.24811511636100758,-0.4743990567434054,0.28934472452339094,-1.1236977415495288,-0.5802277849129415,-1.129847054137365,-0.8179938886058127,-0.6582358378552107,-0.5711008212057935,-1.174837915460184,-0.35540279163542127,-0.9891020549323039,-0.1608168802256692,-0.6026285262369065,-0.7232421140959294,-1.3144858190393236,-0.7645578736652227,-0.6582235012666314,-1.5421998319577475,1.3505651006491513,2.1475535750887422,-1.0094544172726263,0.44175572047228645,1.8060419577480264,2.1325931401090874,0.15587015958955353,1.36203935464863,1.7446226642270022,2.69807018865374,-1.0551095917661018,1.0179792894306474,1.547662929310203,1.9154031076238511,0.025227038774169874,-1.4893541475324334,0.6649956755937801,1.4265304233984946,-1.1025271635202878,-1.2450584794025672,-0.16109218769984632,1.1944527371160643,-0.24205289387836434,-1.0125112552196214,1.0243665551424068,0.9787240836732893,-0.90122449323182,1.9581405897071194,0.9308155054629486,1.931817370601684,1.2647560872018773,1.8852198234317974,0.7785509878784654,1.3191822363484802,1.6260662998888193,1.4762759018193472,0.256577308567782,2.6636093928201023,1.2754288260364348,1.3451300661153864,0.6049121361184837,0.9476503632299165,1.0510091529287273,3.169966268310453,1.1642988826056104,-0.8748978792406387,-1.1370542466927804,-1.5285441626416643,-0.6330743047944556,-0.8269121508511158,-1.1861546671798515,-1.4451006261384438,-0.6862673036233148,-1.0851452491568518,-0.2585794336378893,0.6223618927783987,-0.9569539778680661,-1.0236569645796658,-0.857574575203923,-0.5168373331881663,-0.13193254592033296,-0.6241274366789936,-0.7390611699477634,1.021262050106567,1.7996653755618561,0.572083579760688,3.525687553188315,1.2330435084662696,0.6055716305144715,1.4422135654157011,1.9148769092398166,0.5212571911702201,-1.682899835769139,-0.541562731308139,-0.1620217580692587,-1.240636160278984,-0.9096324268288554,0.11652112978624868,-1.6260243511262027,-0.8394381617402598,-0.16324570995454454,1.5336967925452107,1.065500729288876,1.8757562431694565,1.1279574728063808,1.942647362880334,0.7559256222530745,0.041370456735466396,2.744894562416694,1.940190686606135,0.8463571365184767,1.2286281609480298,0.8148059357920103,-1.1328920044198059,-1.1204678962238184,0.055473453679520536,-1.2437835589066162,-0.5676789584251404,-1.2864584159037982,0.043285491896028795,-0.46112966901625946,-0.6275212536609045,-1.175590821501055,0.4396874543620997,-0.9560557365053378,1.2447578485772461,1.020745325347138,1.8099014703522978,1.9450313652421554,2.410373825080683,1.269901509348963,1.3888107596601043,1.3311958743575285,1.6551433826164328,2.65467319602894,-0.15933289553865315,-1.7083045118488267,-0.5515457480705231,-0.4633207248566115,-0.3097087577678032
45,0.7703083208889177,-0.38511406533229464,0.7203999904483437,0.6252569227165403,0.9771123978887708,-0.21852155975356596,0.7518443606261891,-0.9288982745749194,-0.987866319272007,-0.7563565139219077,0.8558282810094558,0.6797359796831531,-1.4772009650574345,1.2466748280785098,0.14675987714106856,0.18910891436701507,0.8152066337767078,-0.9288982745749194,-0.837139067120959,-1.1637658239422788,0.8558582596486353,-1.0813625198549826,-0.528022200152137,-1.641200246742638,0.04197465510993557,1.0051760267608452,-0.061297750203809676,0.24306991354348642,-1.1710813298150766,-0.9891020549323039,1.7153800557404704,-0.2750129295567393,-0.7300000539409368,-1.7941246418555161,-0.20519765073210183,1.005141308479868,-1.53191041520296,1.1128757506547675,0.5934054974152596,-0.6000158275783674,0.19121180920411535,0.5694388274689406,-0.04900391890068949,-1.1114589056757826,0.6291972729775763,0.7728169361429957,-0.14074813539396164,-0.7467268300808111,0.5831928691594741,0.6316182097422673,0.10526688411308589,-1.211308396502126,-1.5406648473900022,0.15453927340876117,0.7342168079560578,-0.613883839650961,-0.673087397806638,-0.9255974852584401,1.8673838566180725,0.34900649815020013,-1.0584611263990056,0.8845048081479724,1.5383542653501026,-0.3915616457253139,1.7816179351295296,0.16746889847241325,-0.07070116461055423,-0.08154753360304104,-0.011856728449256757,0.029061824694874037,1.6525495884943056,-0.13410856081557276,-0.8106245270017715,1.7532782752131773,-0.14900140538088577,-0.17040142210203385,2.531323563326001,-0.2498439474844529,-0.528825807964431,1.4839827365552893,-0.1342609631494906,-0.22836884061275334,-0.8154676496949378,-1.016912665910147,-0.5194257057252691,-1.4760265041131597,-1.3510114013905554,-0.34105719437995724,-0.015319087909594756,-0.12767763788340744,0.8951943116880549,-0.5247641447357165,-0.1673420195083913,0.3337353949790365,-0.8230430236596652,-0.24636016440089242,-0.1720232960734149,0.21443630666874028,-1.0157626721866366,0.7278850608514691,-0.8150195811745061,1.216904198654222,0.2529931368662802,0.0531510686410299,0.540808556344855,0.12658841993805334,-0.28933921015021447,0.7617468963589651,-0.09373311802096818,-1.2485398936824021,-0.7086053363138318,-0.06209644472257946,-0.2574905238314872,0.7536954393724802,-1.2061511542738717,-1.2982272882975328,0.007923800766520783,-0.43704670851827954,0.5374343318298548,-1.1012158375331962,0.526588449917297,2.148403651758842,0.5362058331932145,-0.35807003159356166,1.0066811138963474,0.4923433388625489,0.692914036117354,-0.460000676389044,0.13656396880932073,1.4185637357470586,-1.0370678896566765,-0.7238977981221298,-0.900376825106062,-0.5646505704240645,-0.27902864058184856,0.4494854706169897,1.0532803028033657,0.047202249584341584,-0.35479321923306245,-0.06873494804503108,0.4947101001677316,-0.3229916823875279,0.49309930664410756,0.17977818046256885,0.10333587148957697,0.4419159361523909,0.6302936829713617,0.5260357697324173,0.13544270957013047,0.6563495185579549,0.3315858364615088,1.3263876605073555,-0.5166916930057472,-0.09104400877138469,-1.2616016863519735,0.18907102683754293,0.41385410610532897
46,-0.08558981343210187,-1.16960567989808,-1.6234330177452374,-0.7466473268186727,-0.18601388846734113,-0.2895030408800143,0.515956936724546,1.6650995666582333,-0.8583707343487101,-1.816580913912567,0.2893225630835749,1.0460294252398945,0.9195820577178733,-1.144208403852879,-1.6143586485517543,0.5200495145092916,1.5050576766986927,1.6650995666582333,-0.5097523140832894,-1.6864586094769758,0.28931500717663283,-1.0813625198549826,-0.632433369673746,0.06331039527493833,-1.1046500698443955,-0.32555346493199955,0.3635381422978436,-0.46588400095834875,0.4602757465442341,-0.9891020549323039,-0.1608168802256692,0.16165853462346927,-0.1096104536283938,0.2105570601509987,-0.9822441142762637,-0.3255717417198036,-1.2849644130880586,0.7148842808967296,0.9333753894063339,-0.3588396720050368,-0.1749677534185963,0.7536137617658257,1.013089386143544,0.15587015958955353,1.0689025219802086,0.4488816934483269,1.0281770568609743,-0.1299613067102295,0.631277946777044,1.1486501296823082,1.74410044004627,0.11780370017191637,-1.2156970816253994,-0.35591712877625786,0.4062787795885878,-0.4126777651165324,-0.5300946274076557,1.3679184074173414,0.5215216176140562,0.34900649815020013,-0.48292088569067676,1.5425076469411874,0.09818791247041318,0.08584156177988998,-0.04244949550556344,1.148914536031673,-0.12791597990233247,0.45697391471892623,0.9959651897375532,0.29673652583187093,0.9858148842026548,1.9194287766728846,0.6186882410114277,-0.4917731747549156,0.5541512941693613,0.5525137019672005,0.8727300374638267,1.658400499274813,0.7939411732815715,0.9223295762770412,1.3239681822074745,1.0497648676192424,-0.5777467315121345,-1.4374081986493639,-0.6455655128398184,-0.5728634334145482,-1.176311651210742,-1.238973259229845,0.3421262966476175,-0.4069724707533611,-0.8022395976075795,0.8061594107534196,0.8855965302073286,-0.4406782287292251,0.8564861294144015,-0.6332235108435408,-0.1396393279995432,1.0354699573180604,-0.5238320623295434,-0.5160587011589071,-0.3295658165829581,0.9983687573138593,1.103900984584701,0.7972660296154481,0.6273379253600319,1.0845548410908896,0.6547677589797908,1.2623683346914512,1.6449725096790861,-1.9115103316042636,-0.2817186790770615,0.03782886862409977,0.07022468831767838,0.12994748954697935,-0.3243696315671248,-1.6262534637490702,0.0029507784928263993,0.07216802523326048,0.26154626578560236,0.3988187087282385,0.815695834185617,1.765736334651669,0.9757188112204392,0.013261853021983716,0.5240257853159069,0.9428535835733779,1.0205782277185704,0.618757876661951,1.325235022280234,2.9406618257652446,-1.2925988623583544,-0.9001511750562137,0.413917308224114,0.1144824180584871,0.10583844987587379,-0.6354794584585027,1.0532803028033657,0.5555341681849426,-0.2751983386092104,-0.5574674436230892,2.947351616196315,-0.14414006931429088,0.7700261378826323,-0.3007744737571849,0.9178330891286028,0.862788256297525,0.3759965198128871,1.1858563761369394,1.1231864997751682,2.054430895464525,0.97771645091587,0.9202379129383318,0.31743617063447466,-0.47186820123743967,-0.7329610936663464,0.4229356173728083,-1.108557061853484
47,0.158952510659618,-0.5277489043442556,0.3136610736251622,0.6676472225617293,1.5964393815329343,-0.6266650762306438,0.3718035110068753,0.1663452583901895,0.4365851148842575,-0.6238284639230752,1.9888397168612177,0.16692515590371523,0.2347869083534996,0.4497137507680469,-0.4402796314232057,2.5056931153629507,0.5826896860919185,0.1663452583901895,0.692801692224839,-0.7109762808885454,1.988809750259011,0.14635890928686,1.9256402836056745,-0.7889449257338499,-1.677962432321561,-0.6582358378552107,0.7034068562991661,-0.46588400095834875,-1.1710813298150766,-0.9891020549323039,-0.5360562674188971,0.2727563083443471,1.0851552437073564,-0.7130257416107105,-1.4611025990526871,-0.6582235012666314,-0.11711561141967129,1.3118714855337865,-0.5722055608398524,-0.40931840224131527,0.32612006911774594,0.6220602372680507,-0.39346661242854897,0.3142862927477205,1.0689025219802086,-0.03702117059367631,-0.6417160749317913,1.7203352634015152,1.208360726260342,0.2502236928071091,-0.3117597798420527,1.5868127980427607,-0.2921044841891598,2.2356307592399927,0.15121586863611114,-0.01026561604767505,0.18486922458725594,1.7501710561966382,-0.48787506163895594,-0.04503309653550951,0.2780288148092369,1.745566883062429,-0.33623546237453944,-0.12004725057667082,0.6636411228047951,-0.9230262543712087,-0.29956042577766717,1.2647560872018773,1.233099758722685,0.18966664537707217,0.9858148842026548,-1.3075584679518342,-0.8106245270017715,0.7554776307829137,1.2573039937196082,1.516400534059513,0.8140068790569656,-1.1656475852091996,0.22858313018900409,1.698883506957242,0.7726164312787507,1.10824081894032,0.19484625258197602,0.18450314191618689,0.489692751191126,-0.3922308192748259,0.33775285034763863,0.8209518307198974,-0.372764472466807,0.15161719498654624,1.1780999632373272,-0.7909488558335438,-0.43057665693732133,0.8500111441178776,0.4955123404380796,0.025210359173518514,0.05154113160275298,-0.25867315181756273,0.11863763421521535,0.15153330568243362,0.3880614875958521,0.45203015396295243,-0.8106416727817457,0.549227709290642,0.8869260324055623,-0.831378001214783,0.8470519530160002,1.0302489664833703,-0.6695715634108239,-0.7455968028451281,1.1103030293037113,0.23767949531745824,-0.2574905238314872,0.6497374477348967,-0.5448150122438115,-0.44129860003608007,0.4283606592432712,-0.22466277251915936,0.43014452836820105,0.35715108244319865,1.2011723465433768,-1.5507137469438295,0.2724980463768795,1.498589391484165,1.0066811138963474,-1.3096976399807672,0.6699740696394115,0.8578143281771219,1.48463545828581,-1.1015117040930034,0.11282148750087437,0.8183192500511032,0.413917308224114,-0.021344179638023215,0.6831390855624574,-1.2864584159037982,-0.9667093190113081,1.5721980053861446,0.28292833570706094,-0.3201110576770086,-0.7329519689308658,0.9620556961337297,0.21617247540558285,-0.3308090146459195,1.344474488844283,0.6222897876431627,-0.641192132821011,0.36148548451489904,-0.07520491614387555,1.5945832015288868,0.9991429618841755,-0.9877242737111406,0.2691196680315069,-0.6765064723590088,0.28342859459553055,0.025247125424226177,2.9225585190639642
48,0.40349483475133785,-0.1711618068143531,-0.5913330163064153,0.4749640414472331,0.8864791807701127,-0.2895030408800143,-0.9386821773355858,0.2816340513338852,-0.8583707343487101,0.5689239860664166,-0.27718315484230605,-0.27262697876437436,0.9195820577178733,-1.144208403852879,0.7337993857053429,-0.14183168577526145,-0.7252782116133352,0.2816340513338852,-0.5273097770266477,0.4805350509861066,-0.27724332573999305,0.2169176121111038,0.7771174188679756,-0.10714066892681931,-1.2479781604636868,0.672493653837634,0.023669428296520974,0.24306991354348642,-0.35540279163542127,-0.9891020549323039,0.5896618941607866,0.6041288203887724,0.24946717579312758,-0.3533059912876392,-1.2690024590448874,0.6725067400701796,-0.3177592381380286,-0.29667737140495015,0.145508655585749,1.0321297833946375,-1.1385981813731005,-0.6671643028101452,-0.2499404901252742,1.4628032581444315,0.042923607640733386,0.2869140721009925,-0.6417160749317913,0.48680421666035206,-0.6116102630701361,-0.33480847114454393,-0.368420438881283,0.7496374312156832,-0.25789735095078054,0.46866629013800365,0.11477830992861446,1.1107396563584275,0.4708547653852206,-0.16109218769984632,0.18505605786305218,-0.04503309653550951,0.5458868376155992,0.2413385461933438,0.6611829344366787,0.672611395291857,-0.9250627683935116,-0.48682819323375986,-0.24234561048588893,-1.0508861405825822,-1.1975295733749156,-0.07800805575992473,-1.3477565808181222,0.4526163927525579,1.4762759018193472,-0.9906734969700474,-0.3833856385643014,0.3115419939441224,-0.8637220357929687,-0.46527434608616575,0.9564578365388889,-0.6082227743979928,-0.8162738637549772,-0.5876427030712371,0.6702880889475825,-0.6564879235622468,0.04820342629020313,0.39051050866397075,0.8618521008870781,0.0286729499699965,-0.372764472466807,-0.4069724707533611,0.3293830085895101,0.007605277459937894,0.6223618927783987,-0.18254035415980455,0.6484059895919067,0.26796739802543473,0.32971865170861653,0.8188888185591694,0.7908699581262011,-0.32436521933466406,-1.1527265478468873,-0.3310551775066808,0.46572009879588544,-0.19488725168377616,0.021632342253794203,0.12658841993805334,-0.7223612740984718,-0.45859747591000494,0.005401797639656359,-0.26551476159136644,0.4421326092809404,1.1370073154375713,-1.240636160278984,0.44182146445972975,0.11652112978624868,-0.06855147772230379,0.7547181947802758,0.1699769879784578,-0.9952771461937696,0.06547769844791967,-0.7262102152454225,0.10751129385391985,-0.07911233604490035,0.3845937376375291,-1.4065955290058552,0.04183309415171989,-0.5723847353313655,0.1527966711349726,-0.9748570363196829,-0.7142018907231096,0.4002938317902621,0.3336224634823728,-1.1393393948024575,-0.021344179638023215,0.29827199510473495,0.015499498986792693,-1.4717067244649766,0.047202249584341584,1.012471638833048,0.08043822164088285,-1.5559562703781238,-0.19803169020875572,-0.9706568013309517,-1.4120524866403654,0.25847819865891525,-0.09920561831992437,-0.8954892959794855,-1.1516498218035853,-0.6621794201287746,0.1074969109666586,-0.1593303910401226,-0.4918411848491112,0.9013888520841542,-0.6377344822557113,2.053943059733042,0.179891005879441,0.836128106442364
49,-0.3301321375238217,0.18542529071554942,0.5221147684970425,-0.7081106905957737,-0.47301907600975834,0.11864047559706359,-1.1483598874703795,0.1663452583901895,-0.987866319272007,0.9665081360629139,-1.1269417317311274,-0.27262697876437436,-0.7924058156930609,-0.347247326542416,-1.02731913998748,-0.8037128860598145,-0.004249351156712457,0.1663452583901895,-0.4982140666544968,-0.02371346088282724,-1.126953971963099,0.07580020646261616,1.1947620969544115,-0.27759173312857693,2.048567923780015,0.007128907991211643,-0.5711008212057935,0.24306991354348642,-0.35540279163542127,0.1413002935617577,0.2144225069675587,-0.17219359968547804,0.5403587707599509,-0.30442773033308834,0.5734828203849293,0.007115181516627771,0.7369059792276956,0.4771949309023458,-0.8258338929601777,0.07303390890534597,-0.1749677534185963,-0.351435844015485,-0.7379293059564085,-1.1906669722548662,-0.10364480869347736,-0.5229240346356795,-0.8087053881110678,-0.4383440683955203,0.5516715021261503,-0.24306942562760822,-0.7249798824257507,-0.5995791804095221,0.6656952464854591,1.5681108486903523,-0.9054733338812923,0.07596555875279438,-0.1011163162107087,1.3679184074173414,-0.82434062138996,-0.24205289387836434,0.47935079834687633,1.6037976957877336,-0.5991433057626525,-0.6268748429858952,-1.1604263078302979,-0.5413529508759409,-0.8717085786954495,-0.7816254164215986,-1.0789622888823498,-0.6133574580339186,-0.3476545243806463,-0.7208335143837035,-0.8106245270017715,-0.9906734969700474,0.5541512941693613,-0.6523448381481901,0.42972270131320434,-0.4810016724599301,0.07746657866294884,-0.3464644087970655,-0.04650506874257944,-0.3520739386993187,-0.756037420149237,0.18450314191618689,0.5527626547484007,1.3538844507424896,0.687152350707265,0.39840309431995025,-0.7302098570240193,-0.4069724707533611,-0.5193339460583071,0.5399746996555924,-0.9570459317951813,0.3337353949790365,-0.7854266382934063,0.3425709296108811,0.08383393890060042,0.473027571862997,-0.08693356295757658,-0.048839976631084636,-1.6592869978554592,-0.5131680452903163,1.635718389408714,-0.9390022126581944,-0.9301907169131507,0.36608002522626243,-1.4608810486646486,-0.5892298039079686,0.8636674798767541,-0.26551476159136644,1.0546221609684805,-0.4617976981092964,-0.2574905238314872,-0.07796849372818761,-0.9857057735971849,0.35800467703838845,0.24635530999743363,-0.7051930288642191,-1.0412584905344784,-0.05952518040719987,-0.9189484714243025,-1.295602202205714,-0.1670149316503453,-1.286399743132425,0.5240257853159069,-1.3096976399807672,-0.09696598051118784,-0.5413075941639949,1.2200290850392896,-0.6405746099203302,-0.030914684643819492,1.5673961020209592,-0.5419329705614685,1.6085749927201005,-0.7601125036540015,0.23249248480189116,0.5482828973496973,0.047202249584341584,-0.42801067122857683,0.4719277182566752,0.5171028954652295,0.8021100931385287,-1.128900704895823,-1.1117070777530194,-0.6335901825647797,-0.6403271727922396,0.8845908461298362,-0.40502422289692025,-0.15648297091012023,-0.25151364952955524,-0.19959151788667184,1.6292004226271477,-0.2806210038661857,0.699526540530221,1.6952164994133463,-0.7165611536749334,-0.7775097149998569
50,-0.0244542324091719,0.4706949687394714,0.20180787149878707,0.07418302472908134,-0.6089689016877454,-0.2007761894719539,-1.2794084563046257,-1.6782754287089412,-1.505848658965194,-1.816580913912567,-0.8436888727681869,0.16692515590371523,-1.1348033903752477,-1.144208403852879,-1.6143586485517543,-0.472772285917538,-0.31173765890557653,-1.6782754287089412,-1.1991118706183401,-1.4806641436500307,-0.8436823457270978,0.49915242340807914,0.35947274078153957,0.4042125236784536,0.3286308363485183,0.007128907991211643,0.44850532079817423,0.24306991354348642,-1.1710813298150766,-0.9891020549323039,0.5896618941607866,0.9354501653467328,0.6393768616073813,0.557994701723351,-0.18178327010642636,0.0070802782987990556,0.11954097394044244,-1.1479369039429757,-0.11351602402649813,1.0321297833946375,-1.890229915177614,-0.9302713518056954,-0.5656979591924787,0.23507822616863702,-1.1296237230329527,-0.5229240346356795,-0.6417160749317913,0.7951869783456429,-1.3255730925491949,-0.37308927392058333,-0.5805177278053812,0.013131984120121728,0.44334888043599396,-0.8271076538701216,0.1876534273436078,0.73707123222306,0.6138475357842029,-1.307850134037737,-0.82434062138996,0.7430460928359098,0.6275557358938896,0.014974508749899392,0.1802797824589563,1.3157424473932193,-0.748540113815922,-1.3046995578664764,-1.729930808072123,-1.2124425750791723,-2.4424860605468575,-1.3093116809901106,0.9858148842026548,-1.0141959911677687,-1.3823496342070511,1.2543779529980454,-0.8521541049311327,-0.6523448381481901,0.14717141342351137,-0.6985266761549991,-1.3240315460552552,0.07976637790048798,-1.2807379716184586,-1.011336048959108,0.9080090071303858,1.0254942073946207,0.6158325583056754,-0.3922308192748259,0.2212863502277632,0.39840309431995025,2.129353219433679,0.43091202785649996,-1.0851452491568518,0.27378998855776515,-0.1673420195083913,0.07559752040961597,0.9583468538370201,1.0993796334901516,0.07459234210982957,-0.7152203073403947,0.6574445942819371,1.6564907999920746,-1.9125672228597452,-0.8591824940792241,-1.767913001464969,-0.19488725168377616,-0.0648970267613826,-1.0708696065029921,-1.5049565539389362,-0.3735576212442622,-1.417364407102432,0.1002620317448329,0.5906149248415562,1.0370820020908922,-0.9129209481298183,0.8576534310100636,-0.3243696315671248,0.43520912350190705,0.6535630946567863,1.0707213381782439,-1.393782130479912,-2.3929122523694315,-0.34073370288766264,-0.4027117956223107,0.18459545077143455,-1.6577316277479703,0.041370456735466396,0.04183309415171989,-0.38166836165331003,-2.0386341771223457,-0.0835389434346707,0.06592750356776393,0.48014726075953645,0.5098758404164565,0.7723611627687074,-0.15717077733453352,0.3944887677191656,-0.20149348682830578,1.0532803028033657,-0.46112966901625946,0.8192568337868331,0.3612411344919081,0.9012976187754165,0.8410859674638331,-1.3662665602431299,-2.313088713302404,-1.331730654826802,-0.3998287041378773,-0.641192132821011,-0.6618096668422703,-1.7707706731875437,-0.5227078029201626,-0.47154895645006656,-0.4386607176503657,0.9039921001591759,1.8186080947655392,0.050544847284897776,0.13519699595136644,0.682049231441035
51,-0.8803523667301913,-0.0285269678023921,1.2542448187787683,-0.9277695170662991,-0.9866073063488208,1.041399730240892,0.12281123022180772,-0.17952112044089752,0.17759394503766396,-0.226244313926578,-0.8436888727681869,0.09366646679236697,-0.10761066632868721,-1.144208403852879,0.14675987714106856,-0.8037128860598145,0.5635613560096994,-0.17952112044089752,-0.17755534573245849,1.6583201197497233,-0.8436823457270978,0.6684933101862643,0.2028559864991261,-0.10714066892681931,-0.8179938886058127,0.672493653837634,0.7034068562991661,0.597546870794404,0.4602757465442341,-0.42390088068527304,0.5896618941607866,1.3772268665058518,0.6613106359179832,0.22650796567197468,-0.9551919339740716,0.6724361782663753,-2.247024879660695,-0.24692843768519537,-0.33476627119529256,1.794919484742846,-1.2542338327276412,-0.062018090120379794,-0.4508770613498589,1.5024072914339732,-0.836486890364531,-0.5229240346356795,-0.3077374485732382,1.1035697400309337,-0.2759150473199746,-0.30526084964125194,-0.3635312326384724,2.500288479923476,-0.6170722499537626,0.11527339631760584,-0.4317850706838356,1.800589054762183,0.8998330765821675,-0.5433448364791432,-0.48787506163895594,1.1370856875216195,0.42825331755858126,-0.1694279909483974,-0.52428604164029,1.991671692478492,0.5459593530864021,-0.5413529508759409,-0.07070116461055423,-0.13539967843523779,-0.6639767931583691,0.992690748788063,-0.6810218765264716,0.4526163927525579,-0.23889941979649176,-0.4917731747549156,-0.14900140538088577,0.3115419939441224,0.6012351790879154,0.5247466154619345,0.135072185893315,0.2937615497907419,-0.6978816350543533,1.4055344209649858,0.6702880889475825,1.0855649977859374,-0.20407618793889565,1.11304096522286,0.687152350707265,-0.49951297052993743,1.4144624503192542,0.9895016935964073,1.4610056147865997,0.8061594107534196,1.1488311676362586,-2.247643350715169,0.755974152718758,3.1106192356004003,1.0100246872345378,1.0372590782476174,1.1145038988620313,-0.8228228674269021,0.2825280605107329,-0.38568903784177144,1.103900984584701,-0.44292557200858224,-0.41101450282208984,0.8450632358026806,0.11225388856840178,0.270053216409754,0.8879708264237499,-0.26551476159136644,1.0175015820783264,0.3376048086641375,0.7256551126160095,0.6497374477348967,0.5574118911396221,0.6264833335448609,1.402562398701582,0.6432194836869274,0.2002378066646574,-0.26786331183239914,0.3338501937384171,-0.9129348850985411,0.008790259560544621,-0.729401916209107,1.4893364424767879,-0.859187395269938,0.5970207224001652,0.11147704091513447,0.9417451753618415,-0.3677592844954466,0.5600006897288108,-0.01888429038579478,1.1308050173133009,0.38613561345150776,0.49070554033359615,0.6664784564320881,2.063275113710702,-0.46112966901625946,1.3151649312130624,0.47434906116817166,1.2014051518341402,0.7219214774480813,0.6909041861001967,-0.5110162599783271,0.2972637804512498,-0.15933023548351496,-0.641192132821011,1.2267916831819865,0.2224169907803784,0.6190737914322909,0.08604488023238303,-0.32356578541615927,1.3429373407836667,0.31412262137489577,2.3005499756615286,1.0286655805383664,-0.2736907830097707
52,-0.5746744616155416,0.18542529071554942,0.40009309345008814,-0.3458663101005203,-1.3944567833827821,1.0059089896776676,-1.4890861664394195,-0.2948099133845932,-0.987866319272007,0.9665081360629139,-0.27718315484230605,-0.4924030460984192,-0.45000824101087405,-0.347247326542416,0.7337993857053429,0.18910891436701507,-0.3674818621504224,-0.2948099133845932,-1.2218601780374878,1.0286596172607088,-0.27718366927523247,-0.756792486863461,0.7249118341071711,-0.10714066892681931,-0.6746657979865214,1.3378583996840563,0.023669428296520974,1.6609777425471568,-0.35540279163542127,-0.9891020549323039,0.9649012813540145,0.4819646668805164,1.4169474700055191,-0.03326999763432728,-0.8374134657718778,1.3378454228534389,1.1073249824000477,-0.5841156551190886,-0.1674794989457163,-0.442970889065501,-0.6760555759549386,-0.7460964175088103,-0.6805188570350985,-0.5570024396221981,-0.39678164136189886,-0.1989887919410107,-0.3077374485732382,0.48680421666035206,0.12541286222718384,-0.6682169442904626,-0.5295958623185957,0.866541090078326,-0.17237951785483244,-1.2197664247816746,0.15121586863611114,-0.12524051578163428,0.4708547653852206,0.9856657586380444,0.5215216176140562,-0.24205289387836434,1.175598776709652,-0.2779647927309507,0.3094188957943222,0.39158844584085734,-1.0427445381119047,-0.595877708518122,-1.50107154690501,-0.8893297060859919,-1.6125150690988963,-1.1487068603079125,-0.3476545243806463,0.4526163927525579,-0.5247619733991316,-0.7412233358624815,0.31976706098594554,-0.8933165461712682,-0.3408586648820082,0.03327677884490236,-0.5936623215897798,-0.5458103418890938,0.22874696309795298,-0.5310244521276656,-0.8154676496949378,-0.5363463427796135,0.3635529440765766,-0.9943395330739002,0.2212863502277632,-0.6051501546299242,0.3421262966476175,-0.9655621364932685,0.6122886601387825,0.007605277459937894,1.4120658050651886,0.07559752040961597,0.2572016327243081,0.10019174933598769,1.9659816331302329,0.3100808550129882,1.3296106392045988,-0.1685015130162101,-1.680393683272483,-0.7134921998523156,-0.27882426795773274,-0.9390022126581944,-0.49754387183726667,0.36608002522626243,-1.3237735287858632,-0.694327754352039,0.7110008806481518,-0.7455968028451281,-0.578683310198293,2.236185762251043,0.07022468831767838,-0.4938004602785215,2.100529555876429,-0.37732353481017294,0.10962147845508549,2.2225585013798566,-1.6543430817439282,-0.26786331183239914,-0.34073370288766264,-0.27515602325325306,-0.6065279096775702,0.013261853021983716,0.041370456735466396,0.04183309415171989,-0.7488024528125691,-0.17870997081678255,1.2672626868301258,0.3361420690644233,-0.7495955453672888,0.5539391846499775,-0.6614142554096664,-0.15717077733453352,0.29827199510473495,1.100464428062285,-0.46171191355763963,-0.9694615876168605,0.6045550273507583,1.3066418218581433,-0.33844733802926885,0.14945844918190496,-1.4058275361343477,-1.2318452413079577,-1.3705162366191366,-0.3998287041378773,-0.38689496966253645,-0.9255377229514954,-0.6073231027017876,-0.8037893323438354,0.41646562847291174,-0.6543903479468505,1.2284318840592945,0.2352106828181886,-0.2488471466454557,0.8799146499210022,0.39537043385977555
53,-0.3912677185467517,-0.5990663238502362,-0.6574280902901827,-0.2379637286764027,-0.3068581779588852,-0.662155816793868,-0.8862627498018874,-0.4677431028001367,-1.1173619041953038,1.0990361860617464,-0.8436888727681869,-0.27262697876437436,-1.4772009650574345,-1.144208403852879,-0.4402796314232057,-0.472772285917538,-0.05444416492505543,-0.4677431028001367,-1.0503331627183468,1.1673919623950568,-0.8436823457270978,-0.6297868217798221,-0.21478869158730993,0.7451146520819688,0.4719589269678097,2.33590551845369,-0.061297750203809676,-1.5293148727111014,0.4602757465442341,0.1413002935617577,3.2163376045133822,-0.2946023804879016,-0.14343734561116037,-0.17128273686950735,0.5331790952758957,2.335923904643422,0.8809578137947215,-0.7831113899981076,-0.9175718003228486,0.6002562024842548,-0.42551166468676743,-1.0355141714039156,-0.9388658771809931,0.6707225923535963,-0.836486890364531,-0.6848916559830139,-0.6417160749317913,-0.4383440683955203,0.21481225776496535,-1.1599292196031508,-0.8933275647037316,1.5575675593791976,-0.1552759512356428,-0.748575899687811,-0.723285540343809,0.21968418342024343,0.32786199498623825,-0.5433448364791432,-0.15140950188795188,0.34900649815020013,-0.04584891661139905,0.17312735541191127,-0.14073354596031404,0.16695702544514984,-1.689994271563067,-0.48682819323375986,-0.24234561048588893,-0.8354775612537952,0.16599419828959208,-1.3093116809901106,-1.3477565808181222,-0.7208335143837035,0.04696313380614806,-0.4917731747549156,-0.617769871747717,-0.17040142210203385,-1.130862484865089,0.10764744129407078,-0.10302047710454813,0.49237849267754785,0.27387444180505577,-0.8775797534071752,-0.22116535423792968,0.004290770742236785,-0.014866477267071559,-0.3922308192748259,-0.5357459005514272,-0.7636059307799044,-0.015319087909594756,0.7102068607264537,-0.2364282945090347,-0.2585794336378893,0.09589261792053867,0.8500111441178776,0.9760537348161475,0.44196270908826885,-0.27165274755121677,-0.13084873587530488,0.5808847772787948,-0.5171683710621088,-0.7939128957574823,-0.6224357659604978,-0.8106416727817457,-0.44292557200858224,-0.41101450282208984,-1.3103612117912011,-1.0284281444969172,-0.1678903529905526,-0.12775573212490043,-0.44840315825946614,-0.1889172318516766,-0.2619470714159379,-0.2574905238314872,0.6497374477348967,0.11652112978624868,-0.4756953347795236,0.3798587758261062,0.3555782724205325,-0.8573331131716435,-0.4762014432575984,-0.5334719590665425,-0.7853791127294836,-0.34282012286123525,-1.4720656854401977,0.5240257853159069,-0.4086771505591091,-0.06291190770555384,-0.6604150434744519,0.4900569996606565,-0.4607509497241448,-0.6857128021918694,0.4658124961829356,0.2944360233759162,-0.5646505704240645,-0.0865950953529874,1.100464428062285,0.5482828973496973,-0.46112966901625946,-0.3131788367403539,1.4430986812247015,-0.1724966064318415,-0.0503609686521349,-0.891534849548516,-0.8113616688656733,-0.8275180915264526,-0.7004517899558302,0.8845908461298362,0.49234398802194895,-0.0874761317844463,-0.2371031677195928,-0.8164162120079188,0.9573381092691282,-0.6598833135466671,-0.31817527413877283,0.9135799827622991,0.7963473386733083,-0.7302774560173904
54,-1.0637591097989814,0.0427904517035884,-0.21509951824497278,0.6753545498063089,-0.5334412207555304,1.076890470804116,-1.0173113186361336,-0.4100987063282889,-1.505848658965194,-1.0214126139195725,-0.5604360138052465,-0.12610960054167783,0.5771844830356865,-1.144208403852879,0.7337993857053429,-0.472772285917538,-0.202017036079155,-0.4100987063282889,-1.5810785971345618,-0.7588296317295035,-0.5604255781644756,-0.8132394491228561,-1.1022836325209864,-0.9593959899356075,1.4752555613028493,1.0051760267608452,1.1282427488008193,-0.11140704370743117,-0.35540279163542127,1.2717026420558193,1.3401406685472426,1.1419929817939287,-0.6684318969565936,-1.0216343265919963,3.6367167521422332,1.0052111149155254,0.9632731478330219,-0.700196500465183,-0.9769316227339885,0.01694643086503652,-0.9073268786640196,-0.6934750077097002,-0.8527502037990282,-0.8342306726489903,-0.836486890364531,-0.1989887919410107,-0.6417160749317913,1.7203352634015152,-0.7418548523682587,-0.3499425756137356,-0.751572548417475,0.33131501324397633,-0.08686168475888432,-0.9056394080524323,-1.051223568711279,-0.4126777651165324,1.1858186173801322,-0.16109218769984632,0.18505605786305218,1.1370856875216195,1.7800329625428684,0.7365590108984977,-0.2841964872995079,0.3141314907073476,-1.1604263078302979,-0.8685014967290275,-0.5856345022365583,-1.4278511544079593,-0.9011113621435008,-0.9881020396257142,-1.0143892286722969,0.4526163927525579,-0.23889941979649176,-1.2401236580776132,1.0229197605361926,0.3115419939441224,-0.9167792923589633,-0.020123019310901782,-0.6528925186999682,-1.479520233832616,0.23938338788511357,0.6174270706549595,-0.5183165019664338,-1.0769834563014637,-1.0239849341834666,-1.0545504044538077,-0.7686789007911781,0.1343101340699833,0.6995716812048297,-0.12767763788340744,-0.2364282945090347,2.403267677340383,1.4120658050651886,0.8500111441178776,0.16572638618010072,-0.07647203047527183,0.03371234951198543,1.2226871390980856,2.3392373605161243,1.9421849475701023,-1.7226070541065308,-0.5678019056254071,0.8911740226550958,-1.4350788533078065,0.021632342253794203,1.3240464463790989,-1.5835115394998518,-0.7387244233996876,1.6203786590124112,-2.323009224107488,0.5163737670612483,0.4375301220108167,-0.5852057359806527,1.4814013808355644,1.6596387945230557,-1.2763162758260966,1.878057550097232,0.9221523674508467,-1.0565856053147147,-1.1845510901032759,-0.1479954467087827,-0.9129348850985411,-0.2549175272557903,0.013261853021983716,1.0066811138963474,-0.4086771505591091,-0.16037998266397674,-0.6534379176128403,-0.3196164719827994,-0.15098813069233377,-0.8294489743365632,-0.591707765421567,-0.900376825106062,0.2503090157549974,1.1642229486346103,1.100464428062285,-0.46171191355763963,1.0638660867855436,0.978442129064964,1.3129482237655588,1.0086273289325298,1.2438597528343138,-1.1684616807870407,-1.4120524866403654,-1.2153739094497982,-0.09920561831992437,0.8845908461298362,-0.7470636193459795,-0.32644070481443677,-1.2217966722767564,0.07486614739692816,0.995057639944954,1.111337492261931,0.2768670372678544,0.5532574078340773,1.7372505437304548,0.9321593892561834
55,-0.7580812046843315,0.542012388245452,2.652409845358453,-1.0626477438464466,-1.5606176814336552,2.0351404660111685,-0.794528751617915,0.39692284427758084,-1.1173619041953038,-0.226244313926578,-0.5604360138052465,-0.6389204243211157,0.5771844830356865,0.4497137507680469,-1.6143586485517543,-0.472772285917538,-0.4699731172693626,0.39692284427758084,-1.1008470159703554,-0.8346786899901228,-0.5604255781644756,0.28747631493534764,2.2388737921705015,-0.27759173312857693,-0.10135343550935581,-0.6582358378552107,0.44850532079817423,0.9520238280453216,-0.35540279163542127,-0.9891020549323039,-0.1608168802256692,1.0836528467342665,1.6520090648114232,-0.4312095772409488,-1.4652106958613762,-0.6582235012666314,0.12983039069523,-0.2635114155917803,-1.1280293525077993,1.480829607717113,-1.02296253001856,-0.5356107783123701,-0.9962763261023031,1.700427457881682,-0.2502132250276881,-0.8468592773303484,-0.9756947012903444,0.1784214549750613,-0.9332350011819336,-0.5659287634685847,-1.0175923573787327,1.9435539478429504,0.7683166462005968,0.15453927340876117,-1.4155991557862457,1.3981769056933258,0.7568403061831852,1.3679184074173414,-1.160806181140964,0.34900649815020013,0.4585606420333472,0.16317220341703478,-1.4148872173532636,2.222085427333517,-1.689994271563067,-0.7594519814446653,-0.24234561048588893,0.24156533539013933,-0.5454095086658033,-0.7739622787161167,-0.6810218765264716,-0.7208335143837035,-1.0964870806044114,0.7554776307829137,-0.8521541049311327,-0.41137313012511195,-1.115267214351008,-1.6003690877899601,-0.6142901185539289,0.47735755508301997,-0.2289321895637325,-0.08117817792619576,1.5617415321330947,0.8452818362206705,-0.20407618793889565,0.20987789452424846,0.10481985010788773,0.8737704227698908,1.4144624503192542,-0.4069724707533611,0.6122886601387825,-0.2585794336378893,-0.6938112943662513,1.108149018687298,1.4483791165403803,0.29370751722305544,-0.3221611155361938,-0.0033677774231840292,0.9928140598523792,1.460538178826417,-0.941659693676649,-0.5131680452903163,0.8911740226550958,-0.19488725168377616,-1.1032494549435043,1.0845548410908896,-1.2595392390931108,-0.7522886123320291,0.6397214438817707,-0.17407056325731662,1.0175015820783264,1.33685794213093,1.0533703247651751,0.12994748954697935,0.5574118911396221,0.1388600808218536,0.7749663892193953,1.4445069799293988,-0.8726602279518797,-0.22619568554735928,-0.1479954467087827,-0.27515602325325306,-0.5186253140721252,-0.35807003159356166,-0.9239402004254146,-0.4086771505591091,-0.3543613388243024,-0.7710908865242357,-0.9384700164783683,-0.2692618047429162,0.0329680585316,1.699586134721522,1.608730156706092,0.6577888088445284,-0.182811867967418,0.015499498986792693,1.0532803028033657,2.588861842587347,0.6365499673474977,0.027974048513895143,1.3382813592943745,2.51906977303529,-1.0893397290046052,-0.5110162599783271,-0.2845199464337687,-0.6403271727922396,-0.8954892959794855,-0.6800592859398347,0.009453187497019873,-0.4140831280927968,-0.7082189041953932,-0.9195015555246917,1.8339586432872514,1.093431351319744,0.1131794705800338,0.16256505501721857,-0.016224969203135254
56,-0.8803523667301913,0.2567427102215299,0.3695876746883493,-0.8005986175307319,0.05567469051574706,0.420311770384469,-0.9124724635687366,0.5698560336931243,2.2495233038104123,0.9665081360629139,-0.27718315484230605,-0.4924030460984192,1.26197963240006,-0.347247326542416,0.14675987714106856,-0.14183168577526145,-0.3161269677258252,0.5698560336931243,1.9023181530117341,-0.15324244942306306,-0.27718366927523247,0.03346498476806986,0.41167832554234407,-1.3002981183391227,1.0452712894449752,1.0051760267608452,0.9583083918001581,-0.11140704370743117,-0.35540279163542127,0.7065014678087884,1.3401406685472426,0.6703989896643319,0.06912630032201564,-1.1209550122465826,1.11874106352186,1.005193663306611,0.8398001467755712,-0.4956731062839691,-1.0686695300966593,0.16838262157387202,-0.5026020989231278,-0.6934750077097002,-0.9675711016416481,0.7103266256431381,-0.39678164136189886,-0.8468592773303484,-0.8087053881110678,1.4119525017162244,-0.3366803609320341,-0.6325781294112554,-0.9184400867170276,1.314966673927639,0.3920381805784251,0.19380515049991648,-1.051223568711279,-0.1827279656486139,0.7568403061831852,1.7501710561966382,-0.48787506163895594,0.9400658901787646,0.7265206000392311,0.8258182752883061,-0.9772889983190165,0.055168738603466265,-0.8662218835343152,-1.3046995578664764,-0.41399005636122366,0.13386104572574586,-0.5454095086658033,0.8856208683332641,-0.6810218765264716,-0.7208335143837035,-0.5247619733991316,-0.4917731747549156,-0.14900140538088577,1.2754288260364348,-0.264037318636583,0.042688030188218165,-0.3875676793494482,-0.18774819792820815,-0.45249103890006065,0.08640563822886603,-0.3400258133293313,-0.4162047619969801,0.8681121725347741,-0.21159820513510358,0.5706858505873895,0.29276591021996345,0.6995716812048297,1.268796526466361,-0.5193339460583071,-0.7909488558335438,1.4120658050651886,2.14070051696498,0.0797443543659721,-0.04893775179410344,0.9580476263150909,-0.05937597913035452,1.6923492164803524,0.9182037182938658,-0.8994463228426014,0.0695931316173176,0.3593566178310828,-0.9390022126581944,-0.15142639577655942,0.6055716305144715,-0.6779029323561676,-0.16433722139366128,0.048810521813138316,-0.9056241499297153,0.720536950957095,1.5367085688242883,0.3979399004668439,1.169527405922814,0.9983026524929955,-1.269771540391649,0.799997546437923,1.613441069147473,-0.9033144575123522,1.398841739569195,-0.8225793433348625,-0.27515602325325306,-0.4307227184666802,0.5702596799453018,-0.4412848718449741,-0.4086771505591091,-0.3078477261748545,0.06590987013607509,-0.4802421506629095,0.02863182707211174,-0.2704749715516426,0.4658124961829356,0.5333985930723117,2.0160547858096316,0.29827199510473495,0.8834714422471867,2.568272519164371,1.5721980053861446,0.5266348697060386,0.8889181886366835,-0.1261999802778234,1.7137410987622825,-0.45636411474512006,-0.45094717820085795,-0.43966227360310695,-0.21945485264710554,1.3931851724467852,-0.11277245255350705,-0.6846806573829645,-0.49509681064275207,-0.09369278466301707,1.3004260136748593,-0.5232843449633108,0.9107622361198969,1.639120035632019,0.7883778348435074,1.1662513723996712
57,-0.14672539445503183,1.1838691637992764,1.386434966746302,0.10501233370740075,0.9166902531429987,0.5977654732005898,-1.0435210324029827,0.22398965486203734,-0.7288751494254134,0.43639593606758414,0.006069704120634417,-1.2249899372119017,1.6043772070822468,-1.144208403852879,0.14675987714106856,-0.14183168577526145,-1.3973534806206973,0.22398965486203734,-0.6570304789221701,0.2844375404050888,0.006058017842766223,0.00524150363837233,1.0903509274328025,-0.4480427973303346,-0.53133770736723,-0.6582358378552107,1.977914533804126,0.9520238280453216,-1.1710813298150766,-0.9891020549323039,-0.5360562674188971,1.9411760001592548,1.6471633694095031,-0.5816634645489936,0.828950152301219,-0.6583297216564116,-1.4547397895420533,-0.3740646016356797,-1.3330905572008283,1.6042220594057939,-2.275682086359416,-0.5356107783123701,-1.1110972239449228,1.6608234245921403,-0.9830553066987419,-1.1707945200250172,-0.9756947012903444,0.1784214549750613,-2.2096622108488395,-0.9581873520593758,-1.0686997363260946,1.0462740686955951,-0.7025900830497107,0.07600751922645053,-1.4155991557862457,1.4269206306268154,0.7568403061831852,0.2211604610794506,-1.160806181140964,1.728145079550184,0.748455187114517,0.9527850688220554,-1.163737442942437,1.9794204488376905,-0.9250627683935116,-2.0135214072148306,0.043728465973002235,-0.8893297060859919,0.10671055604330913,-0.6133574580339186,-0.3476545243806463,-1.6009209447358994,0.04696313380614806,0.0071271474602161424,-0.617769871747717,-1.1342882541943462,-0.7170337273170008,-1.5640321000223532,-0.366114297148556,-0.6416364586852804,-0.1851120228655744,-1.6724410329377837,-0.042874665600827234,0.30464472269882026,0.3635529440765766,-0.09117646237528872,0.04658660004795001,0.1871287261199767,2.129353219433679,2.3859758579461756,0.04647735704023769,0.007605277459937894,1.6753004424941187,0.07559752040961597,2.8291484037541106,0.6508874687403137,1.1497855997296058,1.3008083012213847,1.638676143140334,0.9572766715228944,-1.427113458268197,-0.0760971626095909,-0.49155122988733796,-0.44292557200858224,-0.49754387183726667,-1.0708696065029921,-1.3857700022299775,-0.8001370388993398,-0.8779895204208147,-0.8599020507626904,0.6277355037317102,1.2369326287842506,-0.2574905238314872,1.5853593724731478,0.5574118911396221,-0.7515775359859573,1.4940817750456419,1.6187781137871897,-1.0106042609740058,0.06547769844791967,-1.1116867276031823,-0.27515602325325306,-1.13394348331024,0.5702596799453018,0.041370456735466396,-1.760207884691596,-1.3149059610602678,0.029713969708407773,-0.9246487767698924,-1.1784597480909524,0.04893874432545488,0.5539391846499775,-0.30297040086507293,-0.021344179638023215,1.7415235843211938,-0.4184864726434043,1.0532803028033657,1.5721980053861446,1.8626377832751324,0.7703224623992968,1.1211584276064719,1.5254982108829298,-0.693729970092427,-1.0216034550868156,-0.3620911100184378,-0.8207010242830114,-0.8954892959794855,-0.5614877996014846,-0.40533957545161364,-0.6144325335036112,-1.4656439999860245,-1.5457432357174308,0.8287435485379057,1.6442341747131917,0.22399716831487443,2.089839696171802,1.8553583546067944
58,-1.491708176959491,1.112551744293296,1.2644132916993476,-0.642598409016845,-1.3944567833827821,1.8399413929134356,-1.2138841718875026,-1.5053422392933977,-0.7288751494254134,-1.0214126139195725,0.5725754220465153,-0.4191443569870709,-1.1348033903752477,-0.347247326542416,-1.6143586485517543,1.1819307147938447,-0.8795789186133739,-1.5053422392933977,-0.9642468894235705,-1.4294782107656638,0.572571774739255,1.0353985648723323,1.0903509274328025,1.4269189088889993,-0.10135343550935581,-0.6582358378552107,3.0824878543084244,1.3065007852962391,0.4602757465442341,-0.9891020549323039,-0.1608168802256692,2.3879841761205043,1.3232085812234988,1.8278653942061294,-0.9385204577415032,-0.6582235012666314,-0.8836771596513441,-1.3745709353329694,-0.6963215531540541,1.082608513630916,-1.5625955696730824,-1.0618248763034706,-0.7666345304170634,-0.6758145394908234,-1.1296237230329527,-0.3609564132883451,-0.47472676175251477,0.1784214549750613,-0.9746029367248541,-1.004781913589633,-0.7202580542793346,-0.15395879785190925,0.44334888043599396,-1.3768299331462959,-0.504660188098829,1.7718453298286931,1.9007824693750437,0.2211604610794506,0.5215216176140562,2.5162242689216034,1.2502536468499337,-0.7280405583123449,0.2500768476532013,2.0881423647021635,-0.5131765743791359,-0.9230262543712087,-1.1005678398625625,-1.320146864743566,-1.849649638084028,-1.5769863821271075,-0.3476545243806463,0.15925391596849256,0.6186882410114277,-0.24232301364734973,-0.8521541049311327,-1.3752599622174244,-0.1460666964972791,-0.5059478931108208,-0.3498962692817597,-0.6000846517351112,-1.3112363556671434,-1.45230624471266,0.9674392366760867,1.0254942073946207,1.309601497435697,0.7517757369434154,1.0365518510668914,0.8209518307198974,0.3421262966476175,2.9445655236860833,1.4610056147865997,2.403267677340383,1.6753004424941187,1.6244247678261392,0.7471200116037415,1.7190395219124628,2.066940298849342,2.485300947073893,1.0929603265509025,1.2320174438115525,-1.068299806178792,-1.369098523873404,-0.3851877489225354,0.0531510686410299,-0.5840732408524435,-0.3523947906383648,-1.14957999270545,-0.732274260305858,-0.9718693506762576,-0.1283484640902917,1.6671117126560204,1.5367085688242883,2.6919463855110033,1.7932753557483148,2.7618656979064893,1.0073400605405514,1.792544601263023,1.9957858543487332,-1.148548293996132,-1.5595597266686345,-1.0153175995137425,-0.9129348850985411,-0.7823331008884601,-0.5437359739013343,1.4893364424767879,0.04183309415171989,-0.7531090608200723,-0.8810337669499699,-0.7963049207905086,-0.9199679293889828,0.9592678345751827,1.1708260039192706,1.2502863021614987,0.38613561345150776,3.088558400923222,0.4494854706169897,0.5482828973496973,1.5721980053861446,2.377416457562546,0.2331948306906938,1.0822096406220594,1.6628240828456515,-1.4058275361343477,-1.291914323085427,-1.5256585637884748,-0.5200779384650585,-0.8954892959794855,-1.1470572989850998,-1.5042468270073759,-1.406385808572862,-0.15925010270501536,-0.795951328770017,1.7060426802651103,1.273521917523301,1.7277091746043938,2.0493954924504805,-0.35970899182907784
59,-1.7362505010512108,1.540456261329179,1.1220546708112344,-0.0028902477167175524,-1.2736124938912379,1.1478719519305645,-1.1876744581206533,0.05105646544649382,-0.21089280973222635,-0.49130041392424284,-0.5604360138052465,-0.8586964916551605,-0.7924058156930609,-0.347247326542416,0.14675987714106856,-0.14183168577526145,-0.7129113663566918,0.05105646544649382,-0.6488753128714077,-0.37947758477620996,-0.5604703759558571,0.4427054611486841,0.46388391030314857,-0.27759173312857693,-0.2446815261286472,-1.3236005837016331,2.147848890804787,1.3065007852962391,-1.1710813298150766,2.402104990549881,-0.911295654612125,1.403107667227447,0.8198387934642538,-0.4080775868036222,1.7199172631711925,-1.323597347739494,-1.3158326633524213,-0.12531993303690603,-0.815041197976334,0.8189973668414616,-1.6204133953503528,-0.7724071224083653,-0.8527502037990282,0.551910492484971,-1.422760555701374,-0.3609564132883451,-0.9756947012903444,-0.1299613067102295,-1.6100918677969502,-0.40017753418625623,-0.8498542797894438,0.5489573096738757,-0.7196936496689004,1.1754520777787991,-0.8690357751737956,0.3346590831542027,1.3288113877791146,0.6034131098587475,0.8579871773650602,1.9251648768930387,0.32886392586369534,1.3468802193575908,-0.23343145177002156,0.505421449684261,-0.3366539198015462,-1.631848103719563,-1.7871456233639014,-1.2124425750791723,-0.6046931509120862,0.1361317051496728,0.3190801799110043,-0.7208335143837035,-0.5247619733991316,-0.4917731747549156,-0.8521541049311327,-1.3752599622174244,-0.05078353985879488,-1.4713335982094964,-0.7391628023028306,-0.6425618809941138,-0.6760350277782396,-0.36084364785565987,0.0759857934905744,0.06436156113355349,0.5527626547484007,0.3302996372840633,0.16305310016782545,0.7153146466199106,0.3421262966476175,1.268796526466361,1.4610056147865997,0.8061594107534196,1.6753004424941187,2.3988383915344005,0.2276503888696549,0.9965443151012987,1.365383391195227,1.0901497763797627,0.3158496306806673,1.4572494771361926,-1.068299806178792,-0.8045486337441334,-0.06609730602812756,-0.9390022126581944,-0.757131978882797,-0.11290318535015574,-1.2022023115445017,-0.6983057690868039,-0.23002386401111677,-0.539847356593516,0.9061398454078647,0.6373807487041752,1.0533703247651751,1.6893173641107313,1.8800841751997426,-0.6094422839713107,0.9244979415409293,1.6327591832260855,-1.1638754087763683,-0.26786331183239914,-0.9189484714243025,-0.6578233403604259,-0.9581382920993501,-0.5437359739013343,-0.4412848718449741,0.04183309415171989,-0.7339289766834244,-0.8031357850628312,-1.0632416363711998,0.24413515908612973,0.416264517584117,0.0692423980812471,1.1308050173133009,-0.5646505704240645,2.126390674778916,0.8834714422471867,1.558277708257034,0.047202249584341584,1.4629320835014623,0.22307368082498913,1.4923669642345232,-0.24906662215835268,-0.9310958254397339,-0.751292587088204,-1.06023158228046,-0.8808256414466019,-1.658380785454909,-0.4120267434443965,-0.526948542531013,-0.8500314568863475,-0.7768903561337189,-1.7404229139531175,0.25993849072091924,1.4353561278765528,-0.21431098239711058,1.6969307087324175,-0.3543364815123857
60,1.993019941347517,-2.0967321334758267,0.19163939857820778,1.3458920200847557,0.43331309517682237,-1.6913872931273688,0.4242229385405738,0.8004336195805157,2.508514473657006,-0.49130041392424284,0.2893225630835749,1.7053576272420288,1.6043772070822468,3.6375580600098987,0.7337993857053429,-0.472772285917538,0.45081509106829143,0.8004336195805157,2.7736800202247607,0.5091281446856805,0.2893147854053884,-1.8151730292271184,-1.885367403933054,-0.6184938615320922,-1.677962432321561,-0.9909182107784219,-2.185477212712076,-0.8203609582092664,-0.35540279163542127,0.7065014678087884,-0.911295654612125,-1.6628033153539372,-1.3942581906223956,-1.0664513993943583,-0.29813112859827723,-0.9909104245030628,-0.42065340568590415,2.500318235505705,1.3650831887600792,-2.3555538902400532,0.6537544146222775,1.7534205479489164,1.3288468552107484,-1.8243315048875341,2.2414498526538944,2.2305255282690055,1.5291449963988042,-1.3634923534513927,0.816945273128539,0.9783868199463468,0.7817046842735281,-0.8351652750777113,-2.1563932456808286,1.528844971599197,0.4062787795885878,-2.051070086325452,-2.2460078721954435,-0.16109218769984632,-0.15140950188795188,-1.621191475278348,-2.2874885525488455,1.1590285364667279,0.46755291641098634,-1.6845760715943032,1.6050952805519398,0.16746889847241325,0.6158766188907846,0.13386104572574586,1.5295179699540997,-0.34568275689692163,2.319284292785956,1.3327038231047539,-0.5247619733991316,1.7532782752131773,1.960456693269855,1.757372242082591,0.681668003416554,0.40909567456042084,-0.3091965219007564,0.7757979058977101,1.2189286981335319,0.3291312925494353,-2.2417931587917574,-1.617620569823314,-1.33933445196984,-1.2953938899734374,-2.282743402349559,-1.925614955879759,-1.4451006261384438,-0.9655621364932685,-1.933862203804669,-0.5247641447357165,-1.2202805692241112,-2.247643350715169,-1.4743415744639705,-0.9932586993907113,-1.018736816175317,-1.1352129158365727,-1.9439178947873068,-1.7046333546967205,1.0423687355235907,0.16064956550913542,0.2529931368662802,1.7894193109146723,1.838749091572507,0.36608002522626243,1.9334301094994404,0.4135388748826611,-0.102090831041977,-1.4542893399340144,-1.9707050185790658,-1.3611255182294095,-1.5683513724281495,-2.2610863181174405,-0.7652603929204982,-1.641010129856771,-2.001332450759175,-0.9679485041458957,0.3381818396867836,1.2738388607140754,1.2975414746328169,-0.4027117956223107,1.3273291936422191,1.684255333791938,3.4199577567985497,0.4923433388625489,0.2653320509606843,0.9678800067306625,1.710869443343274,-0.09958586441432651,-1.7557487503801459,-2.398304878995926,-0.900376825106062,-1.5154367542996368,-2.0109305476415993,-0.8524724442736012,-0.9667093190113081,-1.4777935062174616,-1.6711383636350545,-1.5730858064056055,-0.8890238839120939,-0.9331548142106868,0.4139773548616719,0.23984726224003808,0.452406107620588,1.9450313652421554,0.1216993566544126,0.304077136319392,0.16841048746367906,0.3461992265511189,1.2214216052550735,-1.1751889706099483,-1.1910228180681397,-1.7602311435102906,-1.7297616998957415,-1.4420231865921207,-1.173317964174947
61,1.4427997121411473,-1.7401450359459243,-0.38796355789482556,4.428822917916695,1.9136556414482375,-2.330220623265404,2.442370898587964,-0.35245430985644105,-0.21089280973222635,-2.214165063909064,0.2893225630835749,1.1192881143512428,2.631569931128807,0.4497137507680469,-0.4402796314232057,0.18910891436701507,1.8075616798401697,-0.35245430985644105,0.9518267123635652,-1.7005951984857544,0.28934472452339094,-1.9986256565701523,-0.632433369673746,-1.129847054137365,-0.8179938886058127,-1.6562829566248443,-1.5057397847094307,-1.174837915460184,0.4602757465442341,-0.42390088068527304,-1.286535041805353,-2.16062420953285,-0.7811896830964694,-0.9649329036711496,-0.4295422979598246,-1.6562842709759256,-0.06566852764573353,0.819909807638434,1.7158457757349972,-1.3740230245346379,1.443931365544971,1.7534205479489164,2.075182691187777,-0.5173984063326563,1.36203935464863,1.258719800184999,1.1951663700402508,0.7951869783456429,1.3941005854642563,1.429150847228042,1.7516587169934348,-0.3317097631610094,-1.4551470142940541,-1.4553616873286066,0.7342168079560578,-1.0450397136533083,-1.2450584794025672,-1.6901027828170339,0.18505605786305218,-1.621191475278348,-1.8360245948769027,-3.0022414465024654,0.4923465111668879,-1.2686431595038326,1.2520499713967606,2.239409688875295,1.4740988482674582,2.503355418342402,1.410950685461534,0.24320158560447158,0.9858148842026548,0.7459788695366233,1.4762759018193472,1.0049277918904795,1.2573039937196082,0.7934854099902786,1.5856054076320663,0.7209916380211188,1.9867576594915486,1.8776459495479751,1.13013893962126,0.4724257275910302,-0.8748978792406387,-1.6776913602146308,-1.7177538733134883,-1.656659118252882,-2.282743402349559,-1.8199777717797723,0.3421262966476175,-1.2448569693632223,-1.3680509007061243,-2.12187241132268,-1.2202805692241112,-0.9569539778680661,-1.0802799754101415,-1.4438657740001828,-1.9082739587129978,-2.1355205303790776,-1.8384842345965124,-1.8842072981858298,1.5489291855321627,1.3808057796594941,1.2102644655495036,0.7972660296154481,1.059984770435916,1.3240464463790989,2.053311313158396,1.2293694540719557,0.9100961320575255,-1.2485398936824021,-1.9521447291339888,-0.9614242648426926,-0.5852057359806527,-1.741296359929523,-0.9857057735971849,-1.7743109537097572,-2.4186656586804487,-0.8824334823716564,2.4533236793593853,-0.9762129586780766,2.4539710117060967,0.10751129385391985,1.415231789247664,1.498589391484165,0.5240257853159069,-0.859187395269938,1.886464856736116,0.3417136062765336,1.6671298807395099,0.1783579026112154,-1.9314262941125495,-1.296721273157902,-1.8562271038916445,-0.7004771681205748,-1.7222802297983075,-1.5034514017188967,-0.46171191355763963,0.5555341681849426,-2.082265701215179,-1.646958806399027,-1.618918697783322,-1.2814766833942692,2.6293920047698696,1.5914016022330955,0.6463340165822609,1.4039098107698402,0.8845908461298362,2.2540854419778387,0.9923101774176035,0.7964687366846737,1.399668675263152,-0.4689475117847223,-2.400071932868153,-1.3454048844542204,-2.1558307169553297,-1.8262117399385596,-0.8402103076126084
62,0.46463041577426784,-1.8114624554519048,-0.881134494542932,0.8834523854099652,1.203695440685416,-1.1767715549606184,1.5512406305150903,1.6074551701863855,0.9545674545774446,0.43639593606758414,-0.27718315484230605,0.5332186014604565,-0.10761066632868721,0.4497137507680469,1.3208388942696172,-0.8037128860598145,1.197120031853279,1.6074551701863855,0.9333217612483341,-0.13519246486329636,-0.2771688106018534,-0.3616637510476956,-1.4155171410858134,-1.4707491825408803,-1.677962432321561,-0.6582358378552107,-1.4207726062091,-1.5293148727111014,-1.1710813298150766,-0.42390088068527304,-0.911295654612125,-0.9039632450984842,-1.092411508363603,0.05363269114745719,-1.0812625751148945,-0.6582235012666314,-0.9402689518026756,2.0083565576103526,0.7984667021082885,-1.1216293733532452,1.039206585804079,2.1217704165426867,1.7881304465812278,-0.9926468058071574,0.7757656893117871,0.7728169361429957,1.0281770568609743,-1.6718751151366835,1.1922640644396287,0.9665383339512664,1.700278931833777,-0.8590227807368118,-0.9078328824799862,0.7042615526849355,0.8070919253710512,-0.9013210889858592,-1.8170295609984966,-1.307850134037737,0.8579871773650602,-1.2271518805926385,-1.2520091359016077,-0.22587693451908614,1.0707105503193781,-0.9569128966920657,1.487413510833547,2.1848849312331136,1.2452395871003452,1.0493475078730903,1.292383400968968,1.4745052108346575,0.3190801799110043,0.7459788695366233,0.3328256874087879,0.7554776307829137,0.5541512941693613,-0.6523448381481901,0.42218275684930356,1.1404358889644348,1.836287573194584,0.8872189034841256,0.041838670430383675,1.4733292777593952,-0.9937583383320403,-0.5964171331709301,-0.330215995053445,-1.5362373754930672,-0.18634640019180088,-0.7636059307799044,-0.7302098570240193,-1.2448569693632223,-1.6509565522553966,-1.5895029891270256,-1.2202805692241112,-0.6988161032986456,-0.858280429576755,-0.9042528700188279,-1.063048586684715,-0.8184868850086685,-0.8885971119644166,-0.7771658700706461,1.1901155334427576,1.3808057796594941,2.167535794232727,0.7972660296154481,-0.15142639577655942,0.6055716305144715,1.719568298462875,0.4746285335279116,1.4496991657596288,-0.5855694557605409,-0.578683310198293,-1.6609014582694472,-1.5683513724281495,-1.3254643933791892,-1.4265965349505585,-0.48633509736409924,-0.7487681745419702,-1.399423329846837,1.564351022105683,1.5655122447093544,1.2975414746328169,0.3626228385920351,0.5362058331932145,0.013261853021983716,0.5240257853159069,0.04183309415171989,1.2083331580506407,0.7770178979337435,1.435016423623323,0.024742943943110978,-0.3822697721086267,-2.177988157828321,-1.1393393948024575,1.0652686019340594,-1.144979594111724,-1.9374373733490937,-1.4717067244649766,-0.9694615876168605,-0.8123953212936978,-1.3584759619577307,-1.5160505200455652,-0.059520343147535903,1.4425627280333353,1.7415743066767686,1.7323303067676288,0.4419159361523909,2.410373825080683,1.3499358529830066,1.0261899853963496,1.9347427446496346,0.3099610097450883,2.8504244580632845,-0.7923806424453246,-0.5900270538789509,-0.4848314220927897,-1.493160341148909,-0.011106264140849715
63,2.176426684416307,-0.3137966458263141,0.34925072884719066,0.5443299866484516,1.1432732959396439,-0.5911743356674197,0.7125297899759152,0.5698560336931243,-0.7288751494254134,-0.7563565139219077,1.1390811399723964,1.778616316353377,1.6043772070822468,0.4497137507680469,1.3208388942696172,1.1819307147938447,0.9124566640739209,0.5698560336931243,-0.4557807319425199,0.9638065243734596,1.1390698080545114,-0.4039989727422419,-1.467722725846618,0.4042125236784536,-0.2446815261286472,1.0051760267608452,-0.48613364270546294,-1.174837915460184,0.4602757465442341,0.1413002935617577,1.3401406685472426,-0.8766078685143608,-0.9068585048349217,-0.06074016185800739,0.42675999494676325,1.005193663306611,-0.014221443871795756,0.43850131578698104,1.570144393453108,-1.4020667635547925,1.0777518029222592,0.3589531882725005,1.2714364062894385,-1.1510629389653244,1.36203935464863,0.7728169361429957,2.531080875474464,2.028718025086806,1.444807813647287,0.5871986053876425,1.5421046207200024,-0.7853125380893086,-0.7881079161456589,0.03674164213529523,2.045968921425938,-1.3037332380547166,0.041876454188273626,0.9856657586380444,-0.15140950188795188,-0.636092488564074,-0.5389455911687684,0.7903586358775145,0.7996307658862829,-1.339694047442017,0.3694366985088124,0.9853402631051297,1.0735951412250104,0.45697391471892623,0.5216960517672897,-0.1850779362147235,1.3191822363484802,2.506153730241015,2.048001009024627,1.5038281141056113,0.31976706098594554,1.9983439501056692,1.4426207563023952,2.0296996518160637,0.9439084416334048,0.41982608981521274,0.40251311776332627,0.3629813176946516,-1.2314792565148436,-0.23599239082303,-1.150124741298016,0.20987789452424846,-0.4775126504914895,-0.28823860232996384,-0.372764472466807,0.7102068607264537,-1.3680509007061243,2.1370829662425557,-1.2202805692241112,-1.2150918524374867,-0.9548494705303178,0.5495352277813381,-1.394294742790969,0.43566231137812805,-0.9086640898637823,-0.7085583404762366,0.3036347459277568,0.6159317349682245,0.7848105416902932,1.5413809905898663,1.838749091572507,1.5635380516673079,0.7952877021806221,1.1311154674281123,0.42364871499228834,0.12312308132834536,-0.9498890990998324,-0.7615736381493341,-0.2574905238314872,-0.07796849372818761,-0.7652603929204982,-0.4817500999705424,-0.5742015538813012,-0.7163792890602351,0.8593037422148159,0.10714532473295953,-0.05162631861934274,-0.14760025088419543,2.118452554091224,2.0555872184074833,0.041370456735466396,0.04183309415171989,1.079645492636031,1.2190199905560963,0.365395214520616,-0.11517798053236698,-0.30241634313935234,-1.0764045519902974,-0.1834891160168751,-1.1079569612101057,-0.3752454131962792,0.23249248480189116,0.043285491896028795,-0.9694615876168605,-0.729330179952639,0.2070874814367091,0.1959376400146926,-2.0324036976796034,0.3744163789704541,0.5702272120161188,-0.20694878284909957,2.1254052167329274,-0.38689496966253645,-0.3398400148713976,0.4808049125126465,-0.26938077950225625,2.3936155393376746,0.504266210895423,0.004048969716719816,-1.8602362144584423,-0.5561899480209803,0.00420328758885424,-0.6079628500608757
64,0.7703083208889177,-1.6688276164399436,-0.33203695683163753,1.577111837422151,1.1432732959396439,-0.9460817412996614,0.7387395037427644,1.9533215490174725,-0.987866319272007,-1.0214126139195725,0.006069704120634417,0.38670122323776,0.9195820577178733,0.4497137507680469,1.9078784028338913,0.18910891436701507,0.6709802413164112,1.9533215490174725,-1.0009158643324847,0.8441543611120381,0.006087956960768767,-0.4322224538719394,-0.8934612934777685,0.4042125236784536,-0.10135343550935581,-1.6562829566248443,-1.1658710707081081,-1.883791829962019,-0.35540279163542127,-0.42390088068527304,-1.286535041805353,-0.591066432588912,-1.2061838753313547,0.09154542787717855,-0.34987616504085983,-1.6562842709759256,0.3767763928101313,0.062620483237723,1.4136503161873755,-0.6617120534227078,0.557391371826827,0.7536137617658257,1.7881304465812278,-0.47779437304311456,0.6291972729775763,0.9347845574903302,1.1951663700402508,-0.4383440683955203,0.7300015257838381,0.34796182301063056,1.3381638722079119,0.2597070704405564,-0.08686168475888432,-0.5129806371408792,1.0257172776160313,-0.8150899141853898,-1.3880512498015496,-0.5433448364791432,0.18505605786305218,-1.4241716779354934,-0.4256917342692876,0.0820892895038802,0.019769094201802936,-1.0905958765200003,0.6048002379455986,0.8762907478207674,0.2725877271401152,0.4031217698867295,0.46241240952100676,1.5280401510620567,0.3190801799110043,1.0393413463206886,-0.5247619733991316,1.2543779529980454,-0.3833856385643014,1.516400534059513,0.4710782124081019,1.4227238932803072,-0.24957305388070314,1.3355321104059819,-0.611140353613062,1.1889855430891545,0.1354160230362752,-0.3561339716056634,-0.7717053199543679,-0.3922308192748259,-0.361046150371614,-1.1861546671798515,-1.0876552415812315,-1.524151802233176,-0.5193339460583071,-1.057133566931371,-1.7467498440819713,-0.6988161032986456,-0.11781905920371916,-1.3130509010705353,-0.45215867792748216,-0.9128967306904615,-1.2009366808918995,-0.5984655892594115,0.3880614875958521,0.8344671763085872,1.103900984584701,-0.6909638923333883,0.8869260324055623,1.0845548410908896,0.10116520122768058,0.7810864504046947,0.5496014125614207,0.2145672796623952,-0.9127685202096785,-1.3611255182294095,-0.5852057359806527,-2.157128326479857,-0.7652603929204982,-0.21261666889227357,-1.1704122950025309,-1.148045199844864,0.5374343318298548,0.7738273452935971,1.6830179869905768,0.4901786109610927,0.44830323758776947,1.3129234491763924,0.5240257853159069,-0.4086771505591091,0.7078875800341939,0.668689329810946,0.5851936813889029,0.05858521259701581,-0.7975076027488535,-0.9001511750562137,0.7723611627687074,1.744401590416611,-1.4336299119550158,-2.1544303591641922,0.5482828973496973,0.047202249584341584,-0.9617049759951938,-1.7603713886004428,0.9182352010274887,0.615993521944515,1.046952969121157,1.2309871115682802,-0.517233437187776,0.7425390219703438,2.1560766619222087,0.19915946855448033,1.5603578034473493,-0.13021051473972006,0.5872966085388928,1.5813786262882528,-1.2219628542783898,0.023813046058619957,-1.0112999445179993,-1.0386191827412203,-0.8952975799941064
65,0.158952510659618,-0.8130185823681776,0.1967236350384974,1.553989855688412,0.4031020228039363,-0.8218641493283768,1.5119260598648165,0.22398965486203734,0.3070895299609607,-0.6238284639230752,-0.27718315484230605,0.2401838450150635,0.2347869083534996,0.4497137507680469,-0.4402796314232057,-0.472772285917538,0.09486188889730246,0.22398965486203734,-0.3838048428111871,-0.986854049466928,-0.2772288884319785,-0.9120216330767974,-0.528022200152137,-1.8116513109443957,0.6152870175871011,-1.3236005837016331,-0.3161992857048016,-0.8203609582092664,-1.1710813298150766,-0.42390088068527304,-1.286535041805353,-1.0862065142921278,-0.4954812984302161,-1.1432789256590825,-0.17309243935331015,-1.323597347739494,0.36648697605534375,1.1405140471657425,0.3235881228191689,-1.3123267986902973,1.0199339772449891,1.2272064499578161,0.5251005703124096,0.07666209301047001,0.6291972729775763,-0.1989887919410107,0.5272091173231447,-0.4383440683955203,0.1375401420488765,0.20569332024781353,0.06698622011676152,-0.15882792705148435,-0.599968683334573,1.1754520777787991,-0.46822262939133225,-1.1600146133872675,-0.8160801682056202,0.2211604610794506,-0.48787506163895594,-0.43907269122121917,-0.42752065873814005,-0.2751177024696733,-0.9902287200265948,-1.282355502882742,1.1343682016783676,0.05841938318805106,1.9890321858934623,1.910981825188238,1.4702343277078167,0.029061824694874037,0.9858148842026548,-0.4274710375996381,0.9045507946140675,0.5060274696753478,-0.14900140538088577,-0.8933165461712682,1.0891007308579208,-0.6417020461942712,0.6069937556645253,0.3270249842456685,-0.14545263072127654,-0.9124853266607951,-2.1823629292460565,-0.5363463427796135,-0.014866477267071559,-0.5728634334145482,-0.7686789007911781,-0.8692431148798911,-1.8025460106956561,-0.12767763788340744,-0.5193339460583071,-1.057133566931371,0.35912725534946865,-0.4406782287292251,-2.010553660578688,-0.9906474803250472,-0.39724206099993614,-0.9949743194477005,-0.5303456570952092,-0.9482701067866558,1.9499562084556155,0.14243827873077186,1.635718389408714,0.7972660296154481,-0.49754387183726667,1.0845548410908896,1.3140681999282984,-0.6352335412904603,0.8383758736079103,-0.6312915549275658,-0.9684493885449095,-0.4617976981092964,-0.5852057359806527,-0.4938004602785215,-0.9857057735971849,-0.4997295500162316,-1.2907098742624008,-0.8225867490172919,1.4570612186440295,0.02381007216287983,1.6830179869905768,0.3626228385920351,0.09669285516598959,-0.17240408928578896,1.9719917710572283,-0.859187395269938,-0.03438129418694185,-0.3136901366342511,1.3466730583460897,-0.4593361530475369,-0.9412437748935473,-0.9001511750562137,-0.1834891160168751,-0.5646505704240645,-0.3752454131962792,-1.7204443875339952,0.043285491896028795,0.047202249584341584,-1.1416828889032193,-1.2224436660281357,-0.028657460873858717,-0.8568140547738421,2.115099318184038,1.0507798662358725,0.9954042527132719,0.14129285033443795,-0.13259780650406192,0.27698792526527194,-0.44043584221426657,0.3225491856592288,-0.030766819853848375,-0.5687024744717606,-1.2052118926592952,-0.7449291280765499,-0.8300984499759766,-1.1900629645491008,-0.6371072150975654
66,0.22008809168254795,-1.0269708408861191,-0.8557133122414837,0.29769551482189693,1.7474947433973644,-0.9283363710180492,0.620795791791943,1.4345219807708418,-0.7288751494254134,1.4966203360582435,0.5725754220465153,0.020407777681018698,0.5771844830356865,-1.144208403852879,1.9078784028338913,-0.14183168577526145,0.42854088286299274,1.4345219807708418,-0.44588512835489724,1.5793710508156646,0.5725259124459,-1.053139038725285,0.35947274078153957,-0.6184938615320922,-2.1079467041794353,-1.6562829566248443,-0.6560679997061242,-0.8203609582092664,0.4602757465442341,-0.42390088068527304,-1.661774428998581,-1.0107618185303948,-0.716104508201392,-0.23957717871963852,-1.2597141283799367,-1.6562842709759256,0.5414070608867322,-0.020294406295201572,0.38834429272223064,-0.15692475105992276,1.0970244114813494,0.5694388274689406,0.4389848969304448,-0.08175404014769701,0.042923607640733386,-0.03702117059367631,0.6941984305024212,0.48680421666035206,0.606084384898154,0.14438805237916388,0.7398677392970181,1.0614027361788523,-0.17237951785483244,-0.5129806371408792,-0.03097192490137222,-0.930064813919349,-0.38710185700867333,-0.5433448364791432,-0.15140950188795188,-0.8331122859069289,-0.5055063271099978,-0.844709382996279,-0.4091171353696876,-1.231285434688318,0.07523227421282966,1.9667859006643893,0.043728465973002235,0.3492696250545328,1.3516670432152509,0.6714811074236666,-0.3476545243806463,0.7459788695366233,-0.8106245270017715,-0.24232301364734973,1.4916882269030238,-0.17040142210203385,-0.07544861882220252,0.9353551918907271,-0.6104599695437686,0.5035102557529294,1.2859557768701186,1.3697291018595585,-0.8748978792406387,-0.3561339716056634,-1.33933445196984,-0.271809076515011,-1.7586441518101195,-0.7636059307799044,-1.0876552415812315,-0.12767763788340744,-0.8022395976075795,0.007605277459937894,-1.2202805692241112,-0.9569539778680661,-1.479513298017911,-0.4528655652507626,-0.5828913089517972,-1.1612827881869574,-2.0329125355777573,-0.6279162033686008,-0.1396056478297436,1.3625944928811304,1.422991427479109,-0.6909638923333883,0.2812204492993246,1.0845548410908896,0.35879324604039514,0.7886916600773886,1.137770876346454,-0.6312915549275658,-1.1540522829956792,0.03782886862409977,0.7256551126160095,-1.1175484101040223,-0.9857057735971849,-0.5569218104089466,-1.3644859708178994,-0.7757716860131016,0.8593037422148159,1.357174113284155,-0.34073370288766264,-0.6578233403604259,0.18459545077143455,0.5702596799453018,-0.9239402004254146,0.04183309415171989,0.8521143844128394,1.46322739498448,-0.8035408760931547,-0.8931856836331327,-1.1808040618013704,-0.7238977981221298,-0.06400783116867728,-0.021344179638023215,-0.8563292762684321,-1.5034514017188967,-0.46171191355763963,1.0638660867855436,-0.9105796912549429,-1.814932944956138,-1.0659961853818702,-0.6697952078313023,1.1656358967948104,0.3599854257949765,1.4220456524289522,0.20141746749802855,-0.38689496966253645,1.379324159724884,1.2893306874470745,1.548866925640854,-0.1346509774661117,-0.4168599816238738,-1.01169174218526,-1.1213989444278258,-0.12245122715878935,-1.439341349229401,-1.5297993551217153
67,0.03668134861375807,-0.5277489043442556,-0.9828192237487279,0.6368179135834099,0.11609683526151911,-0.6266650762306438,1.5250309167482412,0.8580780160523636,-0.21089280973222635,-1.1539406639184049,0.2893225630835749,0.020407777681018698,-0.10761066632868721,0.4497137507680469,-1.02731913998748,0.5200495145092916,0.04424041968671042,0.8580780160523636,0.055777382011705706,-1.664016804727388,0.28934472452339094,-1.1519212226792264,-1.1022836325209864,0.4042125236784536,0.9019431988256839,-1.3236005837016331,-0.7410351782064548,-0.46588400095834875,1.2759542847238894,2.402104990549881,-1.286535041805353,-0.8682512703162228,-0.6317212316194394,0.7083964655325965,0.8187097966734762,-1.323597347739494,-1.0843207863697013,0.7480502367098995,0.39913698770607425,0.028163926473098407,0.7501174574177278,0.5431281225693856,0.4102796724697898,1.2251790584071809,0.48262885664336563,-0.03702117059367631,0.19323049096459152,-1.0551095917661018,0.10246163871601731,0.25735238997895843,0.04516326846238846,-0.09198940851711172,-1.5577684140091919,-0.23811949750279193,0.2969661034660978,-0.09649679084814448,-0.673087397806638,0.6034131098587475,-0.82434062138996,-0.43907269122121917,-1.4228809236791182,-0.23741403589989962,-0.40146233882509347,-0.09107667334797699,0.7813228925231882,0.22199365611459435,1.8746025553099057,1.480164666530664,1.410950685461534,1.0997606292428617,0.9858148842026548,-0.13410856081557276,0.04696313380614806,-0.7412233358624815,0.31976706098594554,-0.17040142210203385,0.5361769641863865,-0.2908856596018575,0.8600568800486451,-0.8651909392642364,0.22534064249562138,-0.07514141379642136,-1.1720490269691428,-1.1971250370840971,-0.5824956092825438,-1.1749721472136225,-0.30281290031167635,-1.2917918512798383,-1.0876552415812315,-0.12767763788340744,1.1780999632373272,-0.2585794336378893,-0.43057665693732133,-1.4732297270069072,-1.187803380713736,-0.28082833553612385,-0.7431084116672535,-0.46397737477147105,-0.41709623022806497,-1.2124743951727628,1.6122492417832341,1.0712139044273135,-1.3424590776057588,-0.6909638923333883,0.6273379253600319,-0.831378001214783,1.5221155548172698,0.3591872573769306,-1.170822545327271,-0.6312915549275658,-1.265414019666141,-0.06209644472257946,0.3979399004668439,-0.9096324268288554,0.3369665104629354,-0.6786505744219039,-0.9549044142115207,-0.28981274291205666,1.5796781368859194,0.23214820358807908,-0.1479954467087827,1.8932921070207267,0.09669285516598959,0.013261853021983716,-0.9239402004254146,0.4923433388625489,0.08648122801687758,0.06758984987913097,-0.8760925194145843,0.6281602410732419,-1.1488626902136607,-0.7238977981221298,-0.1834891160168751,-1.1079569612101057,-0.7601125036540015,0.23249248480189116,0.5482828973496973,-0.9694615876168605,-0.8057768841413019,-0.7930005450033054,-0.6010302846218549,-0.7452108595302941,0.8095871137738502,2.5224723697838685,0.7239051801669301,0.02104361600725679,-0.38689496966253645,-0.13979735275337418,0.5853084969806076,-0.15946197091177208,0.10632767347263894,-1.0771614802853537,-0.5538250290391773,-0.7893542362577641,-1.656335338655634,-0.7882504684574954,0.7366246973528472
68,0.03668134861375807,-0.5277489043442556,-0.3066157745301893,-0.24181739229869254,-0.2615415693995562,-0.11204933806389347,-0.5324316139494228,-0.23716551691274537,-0.08139722480892957,0.701452036065249,-1.4101945906940678,0.4599599123491083,-0.10761066632868721,-1.144208403852879,0.7337993857053429,-1.796534686486644,-0.45658624751984295,-0.23716551691274537,0.12029485131198578,2.128434761642491,-1.410195880852342,0.17458239041655751,-0.16258310682650542,-0.6184938615320922,0.04197465510993557,0.3398112809144228,-0.48613364270546294,-0.46588400095834875,1.2759542847238894,-0.9891020549323039,-0.1608168802256692,-0.514295887610021,0.37909035809638897,-0.817689011895208,-0.6848887574201242,0.3398372684426627,1.3645604012697365,-0.9213028725529818,0.5070639375445106,-0.43175339345743907,0.19121180920411535,-0.5356107783123701,0.3528692235484799,-0.47779437304311456,-0.6899184740303204,0.4488816934483269,0.19323049096459152,1.4119525017162244,0.29708679107518193,-0.39896211148784977,0.15112885845188825,-1.0451793550676225,0.7341095129622175,-1.1019687935082088,0.5884665731260712,-0.47016521498351205,0.041876454188273626,-1.307850134037737,0.8579871773650602,-1.2271518805926385,-0.03919239471143978,-0.8727474629407324,1.0026994889776495,-0.9606183470596694,-0.6896992289567255,-0.4323034355915788,0.21537291184833693,-0.027695388770844317,-0.5454095086658033,-1.0416369798531135,-0.014287172234821033,-0.7208335143837035,1.1904133482167074,-0.24232301364734973,0.0853828278025299,-0.17040142210203385,0.007351077737846461,-0.303992704939425,-0.13325669945641488,-0.49952718039577826,-0.22210428650833894,-0.8115634385200109,-0.45888627242073293,-0.23599239082303,-0.3932858986107197,0.4507213800438782,1.560651101606331,-0.49951297052993743,-0.015319087909594756,-0.12767763788340744,-1.0851452491568518,-0.5247641447357165,0.09589261792053867,-0.4406782287292251,-0.01752049418462458,-0.8970400495569267,-1.152966690186785,-0.3752599037878215,0.4689405676086131,0.026662465472648913,-0.43509924366807723,-0.4949567585119528,0.3593566178310828,0.30118938896583597,-0.15142639577655942,0.36608002522626243,-0.269645148661509,-0.5408136044813081,0.07977394001765398,0.6260661721656194,-0.3002789685221384,-0.2619470714159379,0.3979399004668439,-0.8056744351912719,0.11652112978624868,0.566617124828411,-0.4414746786704236,-0.042807503709597114,-0.5354637027866823,-0.1845280592623194,0.044742809470097226,-0.7853791127294836,0.6241084287986594,-1.1007338008246523,0.041370456735466396,-0.4086771505591091,-0.4638423528471271,-0.23539733491010773,-0.06165031864001311,-0.43120615228176246,0.1447628590885841,-0.23920101155339948,0.5333985930723117,-0.15717077733453352,-0.3752454131962792,-0.4184864726434043,0.043285491896028795,-0.9694615876168605,-0.3185681334310926,0.10845057184172048,-0.726140083872576,-1.0098502112641474,-0.5354860665275557,-0.4209126373121233,-0.6723757643571143,0.02104361600725679,-0.13259780650406192,-0.7183821081284092,0.012625362397692096,-0.004398800458141815,-0.639526548952298,0.6505049518496951,-0.7603474910412544,0.20393379379436438,0.16055424769044566,-0.7020971552039629,0.9400374681252958
69,0.158952510659618,0.4706949687394714,-0.3015315380698987,0.9643793214780533,0.5843684570412525,0.10089510531545151,-0.42759275888202597,0.2816340513338852,0.5660806998075543,0.1713398360699193,0.2893225630835749,0.09366646679236697,-1.1348033903752477,1.2466748280785098,0.7337993857053429,0.5200495145092916,-0.06705327767808586,0.2816340513338852,0.389890499215547,-0.8147289944685342,0.2893298658500119,0.8237224563996007,0.25506157125993056,-2.152553439347911,-0.2446815261286472,1.0051760267608452,0.3635381422978436,0.24306991354348642,-0.35540279163542127,0.7065014678087884,0.2144225069675587,0.7755388386951442,0.0016611247329941735,-2.203077562559375,1.2745869878737133,1.0051235963991787,0.2893163503944371,-0.14190291094349095,0.28041734288379433,-1.1384556167653381,0.345392677676836,-0.43036795871415,0.12322742786324026,-1.9035395714666177,0.48262885664336563,0.4488816934483269,0.36021980414386806,-1.9802578768219743,0.39196852752627853,0.13655523144732343,0.30126384441711257,-1.9835040595072586,0.5972809800087006,0.07600751922645053,0.22409098605110447,-0.21147169058210372,-0.673087397806638,0.6034131098587475,0.8579871773650602,-0.04503309653550951,0.3697760679619285,0.38497260800357486,1.064490963738097,-0.24225312807617855,-1.2192671926894945,0.8762907478207674,-0.24234561048588893,-0.5662168370928116,-0.6639767931583691,0.5108762867414685,-0.014287172234821033,-0.13410856081557276,0.3328256874087879,-0.24232301364734973,-0.14900140538088577,0.7934854099902786,-1.116622692994018,0.9384324091656179,0.5658112906500127,-0.2786690976734773,-0.9986178755650249,0.48342129133974615,0.7891485480389842,0.7852110458293539,0.9942519796493235,-0.15138733375519614,0.8036188508271405,-0.07696423412999029,0.3421262966476175,0.43091202785649996,0.04647735704023769,-0.2585794336378893,-0.43057665693732133,1.6244247678261392,1.046324097273971,0.5400376667686915,0.9614772553919222,0.018055630646886416,-0.09953077962317282,1.469427297297152,-0.16071233324676745,-0.3310551775066808,0.6784470607254907,-0.6909638923333883,0.021632342253794203,1.5635380516673079,-0.39904665276132195,-0.1443318971634762,0.706440159014731,-0.03690426575624186,0.8690192665177108,0.6373807487041752,-0.2574905238314872,0.025989497909395868,1.4391934138463691,-0.3167758425588465,0.5558611706080681,1.523727661000447,-0.3668654402040836,0.48215396129831817,-0.7262102152454225,-0.14760025088419543,0.44830323758776947,0.1989277953297564,-0.9239402004254146,-0.859187395269938,0.19252096987735393,-0.04274464619757299,-0.9117520443796296,-0.5478288313644931,0.911355777193618,-0.28326435578692044,-1.0198581099542599,1.33692179732708,0.6831390855624574,0.4494854706169897,-0.46171191355763963,-0.9694615876168605,1.0531029670379721,0.7978189033495247,-0.3519806976564521,-0.41912110363618327,-0.021193379941724072,-0.3308090146459195,-0.3620911100184378,0.14129285033443795,-0.641192132821011,-0.2773884486436697,-0.8043603762026654,-0.10693293213042057,0.49576073884586075,-0.4454833539583561,1.5910581098211178,0.551116734897878,0.01816613958530864,0.5735867995520799,0.3791743394758117
70,-1.491708176959491,0.39937754923349095,0.9237694488599334,-0.8584035718650802,-0.9563962339759347,-0.005577116374220983,-0.04755190926271222,-0.35245430985644105,-0.4698839795788199,1.4966203360582435,0.8558282810094558,-1.518024693657295,-0.45000824101087405,0.4497137507680469,-1.02731913998748,-0.472772285917538,-0.7515499724520347,-0.35245430985644105,-0.3528987532534935,0.07603990054233094,0.8558283205306327,-0.22054634539920792,0.6727062493463666,-0.27759173312857693,-2.2512747947987264,-1.3236005837016331,0.5334724992985048,0.597546870794404,1.2759542847238894,-0.42390088068527304,-1.286535041805353,0.08328975640621657,0.9778793101687675,-0.08192081642418553,-1.3026137941856377,-1.323597347739494,1.4725992771950058,-0.5177837434927489,-1.4086394220877336,-0.5607545929501508,0.9042983258904486,-0.5619214832119251,-1.1398024484055778,-0.39858630646403104,-0.836486890364531,-1.3327621413723516,-0.9756947012903444,-0.7467268300808111,0.4777234150714887,-0.4908915971030156,-1.0639428936701643,-0.6660303812651842,0.16969181452896,-0.23811949750279193,-1.597786949323729,-0.26895914044908337,0.041876454188273626,-0.9255974852584401,-0.82434062138996,0.34900649815020013,-0.1759771776617365,0.06962723244451201,-1.1558806158717425,-0.16750422348370864,-0.9839036532527082,0.11294414083023216,0.5586618035990063,0.8877910733765001,0.04742691379702618,-0.6133574580339186,-2.0144912851097727,-1.0141959911677687,-0.23889941979649176,-0.7412233358624815,-1.0865383381145484,-1.6162316702405026,-0.9497614118534398,-0.16553229812888653,0.6290770579957955,0.7499287697676924,-1.1809478069382568,-0.8352619466413795,-0.5183165019664338,0.36471551309013694,-0.07793638082434626,-0.33201994789491845,-0.6522124006713027,-0.18260141822997708,-0.372764472466807,0.9895016935964073,1.1780999632373272,-1.5895029891270256,0.35912725534946865,0.8500111441178776,-0.5363001842153076,0.538886948213372,0.2252433129915155,-0.6468922766696309,0.042688497474918465,-0.23973784629555656,0.2403146896766853,-0.14894230972304515,-0.17246078699293016,-0.44292557200858224,-1.4493669310042117,-1.3103612117912011,-0.4098491466484447,-0.4373132137405331,-0.056640336054665265,-0.05976531533975432,-0.3930804157475233,-0.06209644472257946,1.7088007490635062,0.025989497909395868,-0.10392425089043805,0.4684752818636723,-0.2624891604693673,-0.08731353382080267,-0.24424852196219368,0.19048057730303924,0.4302193218278571,1.0004017004373233,-1.5734564613374649,-0.729401916209107,-0.9239402004254146,-0.4086771505591091,-0.8223777445279197,0.5553641712608082,-1.0048893555866523,0.39511489088286167,-0.2864456573454975,-0.37139104425396235,-0.30297040086507293,0.6577888088445284,0.6831390855624574,-0.20149348682830578,-0.46171191355763963,0.047202249584341584,0.0009734046708092595,-0.6564887141927364,-0.5572125431298032,1.1212950195778393,0.09748954773192939,0.4200545075724457,0.37483494403591894,-1.4820718130825077,-0.13259780650406192,0.6065398988404029,0.056378338073366584,0.27039652073565745,-1.3183454013623614,-0.39068849306818193,0.2623529911555668,-0.38698137418298706,-0.7343596118130736,0.14285267738709437,-0.6874540301532389
71,-1.2471658528677712,-0.7417011628621971,1.599972898078472,-0.15703679260831466,-0.08027513516224004,-0.21852155975356596,-0.6503753259002444,-0.4677431028001367,-1.3763530740418972,-1.1539406639184049,-0.5604360138052465,-1.005213869877857,-1.1348033903752477,-0.347247326542416,-1.02731913998748,-0.472772285917538,-0.4615908634230283,-0.4677431028001367,-1.259317237781295,-0.869898201668871,-0.5604404368378546,0.28747631493534764,-0.632433369673746,0.4042125236784536,0.4719589269678097,-0.9909182107784219,-0.5711008212057935,-1.174837915460184,-0.35540279163542127,0.7065014678087884,-0.5360562674188971,-0.4109165664923338,-1.1907863458681758,0.011707101117074067,0.5007672392560674,-0.9909104245030628,2.3111867427101913,-0.6891411818607931,-1.165803784951252,0.1515563781617792,0.1333939835268451,-0.6145428930110352,-0.9388658771809931,-0.5966064729117398,-0.5433500576961096,-0.8468592773303484,-0.9756947012903444,-1.6718751151366835,0.4422291977226336,-0.5422790729277284,-1.0006592809112367,-1.2997805715759883,1.3156307780146648,-0.5129806371408792,-1.051223568711279,0.19094045848675362,-0.1011163162107087,-0.16109218769984632,-0.48787506163895594,-0.636092488564074,0.23511784792476717,-1.1788020716218093,-0.8796494784858533,0.009030524437152286,-0.4543356895199393,-1.4137490731508384,-1.2149974704461188,-1.5355554440723527,-0.42684222417323736,0.6179461671962673,-0.014287172234821033,-1.8942834215199649,-1.668212187809691,-0.9906734969700474,-0.617769871747717,-0.41137313012511195,-0.07766052713766847,-1.3697205750682888,-0.8391726493891632,-1.187817048885796,0.1255540834330575,-0.25543431530611144,0.25427648212767684,0.12443235152487017,0.11127332984747783,0.27008876590415587,0.8618521008870781,-0.8692431148798911,-0.372764472466807,-0.9655621364932685,-1.6509565522553966,0.5399746996555924,-0.1673420195083913,-0.4406782287292251,-0.7616056677520693,-0.9657115869443789,-1.3877444568800286,-0.038066937446932916,0.3666674717235404,-0.4388857461846178,-1.1527265478468873,-0.3492664642850443,-0.5979147108521405,-0.19488725168377616,-1.276308192973858,-1.3103612117912011,-0.8184903247852711,-0.6450988175110306,-0.667109516777589,0.8775377175842566,-0.44876128408275423,-0.3618723847626172,-1.240636160278984,-0.8056744351912719,0.11652112978624868,0.7597761249904531,-0.8446720242970666,-0.5916644897037523,-0.5201365880064461,-1.2262187163883156,-0.6298410871559825,-1.1680464298366564,-0.9581382920993501,-1.286399743132425,-0.9239402004254146,-0.4086771505591091,-0.028132289564203484,-1.1059499583783496,-1.133219691769861,-1.6650105842301335,0.19267491647014873,-0.4154543884874833,0.8918424476169052,0.1144824180584871,-0.5676789584251404,-0.8524724442736012,-0.46171191355763963,0.047202249584341584,-0.49585634062304823,-1.0889384211255249,-0.09736200144686723,0.13568559755954138,-0.7332909459836449,-0.5710853417557964,-0.7111613461494489,-1.2415733444281454,-0.641192132821011,-0.5131730823076657,0.08235607510225433,-0.8335079465639699,-1.02425539782861,0.014737789497960386,-0.9538484197607312,-0.8994001131047129,0.1813826621810263,-0.3437137716039678,-0.3900269776453825
72,-0.3301321375238217,0.6846472272574129,1.157644326033263,-0.037573220317326815,-0.9110796254166057,0.18962195672351193,-0.38827818823175214,-0.7559650851593759,-0.987866319272007,-0.3587723639254104,0.006069704120634417,-0.27262697876437436,-1.1348033903752477,-1.144208403852879,0.7337993857053429,0.5200495145092916,-0.23442815546253654,-0.7559650851593759,-0.7800929355526502,-0.4718227318617605,0.0060730982873897265,0.14635890928686,0.6727062493463666,-0.10714066892681931,1.1885993800642667,-0.32555346493199955,0.3635381422978436,2.369931657048992,-0.35540279163542127,1.2717026420558193,-1.286535041805353,-0.13907845176391576,0.9627811079896894,-0.4454509296773702,1.3059629196145728,-0.32553657803020003,-1.1769255371627894,-0.20823482256983059,-0.5614128658560088,1.8229632237630007,-1.1000529642549204,-0.5093000734128151,-0.2499404901252742,0.7499306589326799,-0.2502132250276881,-0.8468592773303484,-0.14074813539396164,0.1784214549750613,-1.0068252722152555,-0.4426558066322586,-0.3224278881133715,0.7831837803799633,-0.06975811813969471,-0.0025242349558600797,-0.6504104229288156,1.3119457308928562,1.1858186173801322,0.2211604610794506,-1.497271740891968,0.9400658901787646,-0.07053782537179788,0.32832570778400877,-0.9761174021135389,0.6414479253278244,-0.2189721500831531,-1.1956500425821142,-0.1851307951941107,-0.5123646922606149,-0.6639767931583691,-0.1850779362147235,0.6524475320568296,-1.0141959911677687,0.6186882410114277,-0.7412233358624815,-0.3833856385643014,-0.41137313012511195,0.18242437145787288,-1.0106773977580468,0.5466169117851187,-0.9311229213795839,-0.8997251117418649,0.03523482451694245,0.31370671167337766,1.2657773689598875,0.7419723654202247,-0.5126525620346407,0.2212863502277632,-0.18260141822997708,0.6995716812048297,1.8273861922062684,0.04647735704023769,0.007605277459937894,0.6223618927783987,-0.4406782287292251,-0.3213565361546915,1.9729358282876333,0.727102683911606,-0.6580948439103518,-0.42089516964071816,-0.5813704388367632,-0.41399255825105336,-0.5678019056254071,-0.3851877489225354,-0.6909638923333883,-0.324485133806913,-0.11290318535015574,-0.5722240770240435,-0.4454010561923353,-0.6098967329306514,0.23742832924590768,0.3678914515006325,-0.3618723847626172,-0.2574905238314872,0.6497374477348967,0.11652112978624868,0.20930923058710893,0.13037234282582402,-0.7894023734042246,-0.47415524366573736,-0.9762129586780766,-0.6298410871559825,1.0004017004373233,-0.2549175272557903,-0.35807003159356166,0.041370456735466396,-0.4086771505591091,-0.4925281310943072,-0.8589371464171052,0.8415205564252075,0.2584925426940944,0.11282148750087437,0.862382594284624,-0.06400783116867728,0.5219622111480181,0.10583844987587379,1.100464428062285,0.5482828973496973,1.0638660867855436,-0.26075514688725804,0.7467170839955738,0.3434953187196177,0.22228351367537552,-0.7728519218748626,0.20981272135130347,-1.2929450730344674,-0.3397040869742867,-0.38689496966253645,-0.6525877483363712,-0.5383402021567865,-1.3019379168728609,0.10625642121787297,-0.1779259502376651,0.27458286359967116,-0.7501267265460919,0.8180764288021256,0.2699778605434885,0.015167759149398847
73,-1.0637591097989814,0.39937754923349095,1.1627285624935526,0.05491470661763144,-0.6542855102470745,0.863946027424771,-0.964891891102435,-0.9288982745749194,-1.505848658965194,-0.09371626392774557,-1.4101945906940678,-0.6389204243211157,-0.7924058156930609,-0.347247326542416,-1.02731913998748,-1.4655940863443675,-1.3131004890521383,-0.9288982745749194,-1.7058835307667863,-0.487993322597152,-1.410195880852342,0.9083928997886933,1.351378851236825,-0.4480427973303346,0.9019431988256839,0.007128907991211643,0.2785709637975129,1.6609777425471568,0.4602757465442341,-0.9891020549323039,-0.5360562674188971,0.2263705642642352,1.0757296502928038,-0.7036551836229901,0.09884339276313114,0.007097235011341215,1.493178110704581,-0.6891411818607931,-1.4032430745958118,0.5273424810318524,-0.5796925331594881,-0.7987178273079203,-1.1685076728662327,0.3142862927477205,-0.836486890364531,-1.1707945200250172,-0.9756947012903444,0.7951869783456429,-1.3540258523378126,-1.2558016084251382,-1.0783904173997179,0.5204684910015361,1.7432199434944053,0.11527339631760584,-1.5249118319087356,0.1621967335532638,0.8998330765821675,-0.5433448364791432,-0.82434062138996,-0.43907269122121917,1.2088189296653389,0.0681846557926292,-1.2699401350866808,0.07554885104104964,-0.9839036532527082,-1.086600527297752,-1.0433530245707843,-0.6200689819250084,-0.723260435404652,-1.523451441899708,-1.0143892286722969,-1.0141959911677687,-0.8106245270017715,-0.7412233358624815,-0.3833856385643014,-0.8933165461712682,-1.028318914845525,-0.5727578730301117,-1.6353637143462674,-1.4027509059490297,-1.0855281222481035,-1.3680203861071276,0.848578777584685,1.3859189497425208,-0.26714609149617036,1.3538844507424896,0.8618521008870781,1.2435005671198445,0.3421262966476175,-0.12767763788340744,0.3293830085895101,0.007605277459937894,-0.43057665693732133,1.3662868932567187,0.510292537169963,0.8023707061636272,-0.1581532352958551,0.3713321895756333,0.19396559128913146,0.005216183743509664,-0.9627663790936729,-0.8773937808575877,-1.2360955966409561,-0.19488725168377616,-0.757131978882797,-1.5498528170794104,-1.3669656188428818,-1.0975986359266645,-1.4440578389206407,1.1747313621699185,0.720536950957095,0.13775418197077902,0.7256551126160095,0.3378634728221463,-0.5448150122438115,0.34390573666536867,0.2952738428573999,-0.18520637969139667,-0.6887348505890448,-1.3928892215284752,-1.3044249837820623,-1.9333810640510023,-0.34282012286123525,-1.6577316277479703,-0.4412848718449741,-1.760207884691596,-1.0696192966929725,-1.3412654749687254,-1.1705648717218975,-1.6616432855678729,0.9273264629874729,1.3030160366198336,1.1308050173133009,-0.4288239727275542,0.2020552224903044,0.4494854706169897,1.558277708257034,-0.9694615876168605,0.030132358100947818,0.5806489038245541,1.7383719283245833,-0.29928302834583015,-0.6146080183099913,-0.7813271279769386,-1.7971576363348167,-1.0611994929373738,-0.38689496966253645,-1.2737672934612683,-0.40418488640472044,-1.2383408852677,-1.876776072126431,0.20004156353353295,0.9279437232084999,0.41577472715919267,0.018673579086855102,0.1841036531706269,-1.430287499253974
74,-0.8192167857072614,-0.0998443873083726,1.3203398927625356,-0.2687930376547221,-0.7751297997386185,1.041399730240892,-1.3318278838383242,-1.9088530145963327,1.343054209347335,-1.2864687139172375,-1.1269417317311274,-0.6389204243211157,-1.1348033903752477,2.0436359053889728,-0.4402796314232057,-1.1346534862020912,-0.8869757626152035,-1.9088530145963327,1.028322605211957,0.8192415082508415,-1.12693911328972,0.13224716872201123,1.9256402836056745,-0.6184938615320922,-0.8179938886058127,-0.9909182107784219,0.023669428296520974,0.24306991354348642,-0.35540279163542127,0.1413002935617577,-0.911295654612125,-0.27585959891598955,2.1999390047020633,-0.22731789064897293,-0.9579101242674091,-0.9909104245030628,0.659735353566789,-0.03687738420178648,-0.7934558080086468,0.7348661497809974,-0.772418618750389,-0.6671643028101452,-0.8527502037990282,-0.7946266393594485,0.042923607640733386,-0.8468592773303484,-0.6417160749317913,-0.7467268300808111,-0.6002475960278874,-0.4815546266230611,-0.8816112081476483,-0.3896372700372611,0.6314881132470798,0.5079321672291589,-0.6139728642213189,0.24842790835373324,0.6138475357842029,1.3679184074173414,-1.160806181140964,-0.636092488564074,0.11959425538724218,1.9038669153842063,-1.1040160911916506,-0.4594358399617838,-0.748540113815922,-0.3232539203072166,-1.9015752539474577,-1.2124425750791723,-1.6125150690988963,-1.951730963718903,-0.3476545243806463,0.4526163927525579,-0.8106245270017715,-0.9906734969700474,-0.617769871747717,-1.1342882541943462,-0.5244696823292965,-0.11161170729187869,-1.6446349173812278,-0.3219826414667032,-0.8795139550539656,-1.4582343129072146,-0.45888627242073293,0.06436156113355349,0.489692751191126,0.8721974797032302,0.33775285034763863,0.6624960545699172,-0.372764472466807,-1.2448569693632223,1.743911266335872,-0.5247641447357165,0.6223618927783987,-0.6988161032986456,-0.23677841717233256,0.23532108459441115,0.3899856238243024,0.2160312399049523,-0.38299372156988915,-0.6142602073367555,-1.0260864353447443,-1.5330001048786759,-0.7042781918169432,0.549227709290642,-1.3628375619890347,-0.3523947906383648,-0.8488688388657994,-1.314515880452615,-0.4118886442499432,-0.19693161284082908,0.5906149248415562,0.9371566887442129,-0.2574905238314872,0.12994748954697935,-0.7652603929204982,-0.2033659034965586,-0.4186324967094533,0.2437351897531779,-1.3171465565787308,-1.5178921003835946,-1.2080558556926224,-0.4027117956223107,-0.6065279096775702,-0.9150678585168797,-0.4412848718449741,-0.4086771505591091,-1.005177392040387,-1.083708630050271,-0.22460234630655773,-0.22579017838140317,0.28849903123327797,1.0826993154522289,-0.30297040086507293,-0.8363037658170851,0.3944887677191656,-0.4184864726434043,-0.46171191355763963,-1.4777935062174616,-0.19207544515985256,0.3327821354389062,-0.47947488159300683,-0.3291948636183089,-1.128900704895823,-1.9226396817488538,-0.9826604186957909,-0.8207010242830114,-1.658380785454909,-1.2987359490429813,-1.1798532455145605,-0.4709148874942951,-0.6659543545528742,-1.1762583491622363,-0.41566446862335404,0.34751196512996485,-0.03287346833466953,-0.791425297480749,4.057096901071767
75,-1.2471658528677712,0.542012388245452,0.6797260987660255,-0.2765003648993018,-0.5032301483826443,0.9881636193960556,-1.3842473113720226,-0.4677431028001367,-0.7288751494254134,0.3038678860687517,0.006069704120634417,-1.2982486263232502,-0.45000824101087405,-0.347247326542416,0.14675987714106856,-0.472772285917538,-1.2706394705063688,-0.4677431028001367,-0.9978674332133036,0.5483897725078825,0.006027235994034719,0.5273759045377766,-0.16258310682650542,0.06331039527493833,0.18530274572922695,1.6705407726072676,0.2785709637975129,-1.174837915460184,2.0916328229035446,1.2717026420558193,0.9649012813540145,0.297368523509942,-1.3101984913254208,-0.25998660184233885,0.531698619502582,1.670531851193498,0.16584334933698644,-0.6615028853498182,-0.874401020387474,0.9423898185301424,-1.0615077471367402,-0.8776499420065853,-0.9675711016416481,0.5915145257745128,-0.9830553066987419,-1.1707945200250172,-0.9756947012903444,-0.7467268300808111,-1.3400706475837008,-0.9161210908639116,-0.7638496895006801,0.7781844350117368,0.34072748072085624,-1.023437039325898,-0.5410977468063256,0.9095335818239989,0.6138475357842029,-1.307850134037737,-1.160806181140964,0.7430460928359098,0.5263623810088244,-0.826844447482411,-0.7500215102089248,0.6655321886772331,-0.5131765743791359,-0.8139767390868464,-0.9289233939872278,-1.5355554440723527,-1.3160968578674814,-1.4163815614449093,-1.3477565808181222,-0.7208335143837035,-1.0964870806044114,-0.7412233358624815,-1.320922571297964,-0.41137313012511195,-0.5136124584276203,-0.8373855563317881,-0.707891257550283,-1.4144670830818002,-1.2347332948085556,-0.7690661116833978,0.3731369412190785,0.4247863034814537,0.489692751191126,0.5711431228036931,0.16305310016782545,0.39840309431995025,1.4144624503192542,-0.9655621364932685,0.8951943116880549,0.27378998855776515,-0.1673420195083913,0.8500111441178776,1.2033415238655631,-0.0135142679356564,0.8191197103923338,0.19169924292453666,-0.5488915720613431,0.20396287937150506,-1.2793666603490303,-0.8591824940792241,-0.8106416727817457,-0.9390022126581944,-0.9301907169131507,-1.0708696065029921,-1.0971409391690286,-1.0155584826009876,-0.6432646769284014,0.16884518049537028,0.3678914515006325,1.436783255477609,0.3979399004668439,0.12994748954697935,1.2187480331696823,0.25448105017496664,0.5972708793012232,-0.0854103877114744,-1.4857448191613294,-0.4762014432575984,-0.4371028309771026,-0.5302675679913683,-1.4855538657320198,-0.5437359739013343,-0.4412848718449741,0.04183309415171989,-1.3909802234040258,-0.4444054976823883,-1.173060188820935,0.1982201398946819,0.671795490285795,0.157369086548289,-0.06400783116867728,-0.5646505704240645,0.6831390855624574,0.8834714422471867,0.043285491896028795,-1.9861254248180626,0.5105277976576983,0.38199339163504603,0.14344999237157388,-1.0593549995527491,-1.0102177772221694,-1.291914323085427,-0.9050892551111217,-1.2415733444281454,-1.14978645913796,-0.7234396099109471,-0.7794491708006654,-0.592732324356295,-1.3791425664871746,-0.998021617276224,-0.6965822170943206,1.009543286826096,0.054417823976833035,0.531882736237578,0.021022933711262307
76,-0.8803523667301913,0.39937754923349095,1.6050571345387625,-0.8429889173759209,-1.2131903491454659,1.0591451005225039,-1.4497715957891457,-0.7559650851593759,0.3070895299609607,0.1713398360699193,-0.27718315484230605,-1.0784725589892052,-1.1348033903752477,0.4497137507680469,1.9078784028338913,-0.14183168577526145,-1.4794415881267287,-0.7559650851593759,0.21834851105079356,1.4031888327490152,-0.27718366927523247,0.8378341969644495,0.9859397579111936,0.06331039527493833,0.6152870175871011,1.6705407726072676,0.023669428296520974,0.24306991354348642,-0.35540279163542127,0.7065014678087884,1.3401406685472426,0.49812662110911254,0.26828075711810495,-0.38330274419289617,1.2838909553320548,1.6705675097794737,0.16069864095959266,-0.7665284120915227,-0.9823279702259103,1.1611309828873493,-1.2735064412867312,-0.8776499420065853,-0.7953397548777184,0.07666209301047001,-0.9830553066987419,-0.8468592773303484,-0.8087053881110678,0.1784214549750613,-1.5010086046038884,-0.9427615347943272,-0.7357731532144535,0.07043328734320549,0.9051451791541137,-0.630778268414345,-1.051223568711279,1.7718453298286931,0.32786199498623825,-0.16109218769984632,-0.48787506163895594,0.9400658901787646,0.8312648664816423,-0.16946891516377965,-1.1766702579064998,1.4625840880618606,-1.278108077548691,-1.086600527297752,-0.7000641328201148,-0.9431818509181887,-1.1975295733749156,-1.5769863821271075,-1.3477565808181222,-0.7208335143837035,-0.5247619733991316,0.256577308567782,-1.0865383381145484,-0.6523448381481901,-1.4042474747065312,-1.3113517092058782,-0.992181485888154,-0.5891327184419299,-0.3830464498705645,-1.3670181630326026,0.7297183184932834,1.2657773689598875,0.6158325583056754,0.8721974797032302,1.6188843516662685,0.1343101340699833,1.057017065762042,0.7102068607264537,-1.0851452491568518,0.27378998855776515,0.35912725534946865,0.3337353949790365,1.0110332369943855,0.2891358953140537,0.03398955483596857,0.9566922686294905,0.6355873940369343,0.9803989733152989,-0.7939128957574823,-1.4601549577652215,-0.3851877489225354,0.0531510686410299,-1.276308192973858,-0.11290318535015574,-1.0878918681272411,-1.499270438588063,-0.2876252163826676,1.1061482134193812,0.6091752142866331,0.4375301220108167,-0.9129209481298183,0.6497374477348967,-0.10392425089043805,1.0770613549809005,0.5947375085297368,0.5014471236267761,-1.4704177043810933,-0.43453381697255855,-0.1479954467087827,-1.678269519312887,-1.13394348331024,0.013261853021983716,-0.4412848718449741,-0.4086771505591091,-1.5226621656561399,-0.21943311388681663,-0.038039366964952075,-1.4445817244068828,0.8794144056059083,1.2589526923863126,0.8918424476169052,-0.4288239727275542,-0.182811867967418,1.100464428062285,1.0532803028033657,0.047202249584341584,0.32509971616443933,1.516635489517967,1.3643293409427568,0.233687053228627,-1.2871446084606943,-1.532190650195304,-0.8663036733187872,-0.8808256414466019,-0.13259780650406192,-1.1002153643563046,-1.8590220871071859,-1.3853816270001218,-0.5897311608416508,-0.8427285249657569,0.6868060008571077,1.0038747244642174,0.10317560773176766,0.7932300986438435,0.22258950968767038
77,-0.8192167857072614,0.8985994857753544,1.330508365683115,-1.0086964531343874,-1.2282958853319088,1.2011080627754005,-1.095940459936681,-1.3324090498778542,-1.2468574891186004,0.701452036065249,-1.1269417317311274,-0.4924030460984192,-1.1348033903752477,-0.347247326542416,0.14675987714106856,-1.1346534862020912,-1.2600225195456651,-1.3324090498778542,-1.4789342739314557,0.35640103542620816,-1.126953971963099,0.5555993856674742,0.9337341731503891,1.4269189088889993,-0.53133770736723,0.3398112809144228,0.19360378529718228,2.369931657048992,1.2759542847238894,0.7065014678087884,0.2144225069675587,0.12899122421402456,1.4757203101649115,1.9027098250799939,-0.055714794479831874,0.3398372684426627,-1.1512019952758206,-1.1534645632451705,-0.1728758464376381,1.3069584257921538,-1.4084147012003618,-1.2196891057008006,-0.36476138796789404,0.03705805972092826,-1.2761921393671634,-0.8468592773303484,-0.14074813539396164,-0.1299613067102295,-2.046471608854844,-0.8808911637577881,-0.18551925927201995,-0.6561080325741613,-0.01844741828212584,-0.630778268414345,-0.21315971843885556,1.3981769056933258,0.8998330765821675,-1.307850134037737,-0.48787506163895594,0.7430460928359098,0.06403314245000756,-1.473726660828454,-0.039599512087592645,0.8579368820831309,-1.2192671926894945,-0.48682819323375986,-1.3294271010296754,-0.9431818509181887,-1.3160968578674814,-1.2022418005353117,-0.3476545243806463,-0.13410856081557276,-1.0964870806044114,-0.9906734969700474,-0.3833856385643014,-0.6523448381481901,-1.482098037813175,-0.5906960303019668,-1.0137086530080006,-1.4785643920636777,-0.8647057004161252,-1.1410467467767695,1.145729925313189,0.4247863034814537,0.9942519796493235,0.08945615176443358,0.5706858505873895,0.504040278419937,1.4144624503192542,0.15161719498654624,1.4610056147865997,0.5399746996555924,0.35912725534946865,-0.18254035415980455,1.029126965323682,-0.6427359709150693,1.2505594330686016,-0.12960570164510937,0.1735916685275946,0.5610421259683375,-0.6461660978383155,-1.441943670986858,-0.5979147108521405,-0.6909638923333883,-0.9301907169131507,-0.11290318535015574,-1.3553709468567827,-1.4812236680128246,-0.5719994566175268,-0.1283484640902917,0.9247001348529417,2.0363351355576844,0.7256551126160095,0.5457794560973133,1.4391934138463691,0.3037037143251805,0.15314336100582618,1.4139650257559004,-1.1025669496554233,-1.3095539689583955,-0.6298410871559825,-0.6578233403604259,-0.6944305052830151,-1.286399743132425,0.5240257853159069,0.04183309415171989,-1.2871580180844207,-1.0842476572660111,-0.4107349133497881,-0.9383406847238043,0.8155316624304888,1.0386359712187079,-0.30297040086507293,-1.2437835589066162,0.29827199510473495,2.1854293571377776,-0.9667093190113081,0.5555341681849426,0.4186025898366359,1.202493130953241,-1.2687098866135185,-0.31237302583206694,-0.693729970092427,-1.201810700419223,-1.5644441455808094,-0.8207010242830114,-0.8954892959794855,-1.3351260366053697,-2.038940444344972,-0.9526415301418297,-0.7582184803855645,-0.7147587418745722,-0.026698667137261066,0.4973111222707879,0.6414308900359071,0.5767648213971653,-0.4800361755444864
78,-1.4305725959365612,1.7544085198471204,1.2542448187787683,-0.7774766357969921,-1.469984464314997,2.354557131080186,-1.4759813095559948,-0.9865426710467673,-0.3403883946555231,-0.6238284639230752,0.006069704120634417,-1.5912833827686432,-0.10761066632868721,-1.144208403852879,-1.02731913998748,0.5200495145092916,-1.3897686199650805,-0.9865426710467673,-0.9461476215424316,-1.347275407742301,0.006087956960768767,2.672360470394789,1.142556512193607,1.0860167804854841,-0.10135343550935581,0.3398112809144228,1.5530786413024726,1.6609777425471568,2.0916328229035446,-0.9891020549323039,0.2144225069675587,1.682051270965179,0.9943891230103903,0.835999995050149,-0.07823740256048407,0.3397484996617968,-1.4701739146742345,-1.4077368911461392,-0.5128457384287124,1.2396534521437825,-1.8709573066185239,-1.2459998106003556,-0.7953397548777184,-0.27977420659540575,-1.422760555701374,-1.0088268986776827,-0.47472676175251477,-1.3634923534513927,-1.6414080827230766,-1.2632623498929654,-0.7229799926466068,-0.8388572441564236,0.8538344792965449,-1.1019687935082088,0.5155914557110778,2.0305388542301017,1.1858186173801322,-0.9255974852584401,-0.82434062138996,1.9251648768930387,0.7082680824840921,-0.9127107156253098,-0.3485205705267276,1.7845978361267425,-1.1604263078302979,-1.2501748002242952,-1.2149974704461188,-1.266294719911369,-1.0196786466360668,-1.7375912028093057,-0.3476545243806463,-1.3075584679518342,-1.3823496342070511,-0.7412233358624815,-1.320922571297964,-1.1342882541943462,-1.2542543182744672,-1.2063831413174189,-0.8733791137328525,-1.141634460347192,-1.4459930536033088,-1.0123620128290534,2.5126252048643076,1.746343692090421,2.318719954352092,2.076414907301379,2.026517102085833,2.141416631969732,1.057017065762042,0.9895016935964073,0.3293830085895101,2.1370829662425557,1.4120658050651886,0.8500111441178776,1.1169612958076474,1.431265340836419,1.2652834066414127,2.117152930018102,1.0361029034932228,0.6328514224497149,-0.6672727832553393,-1.5512113916570394,-1.9806399633945744,-1.1870405329830005,-1.1032494549435043,-1.0708696065029921,-0.9726979196494161,-1.0582226211794314,-1.6168236955188442,1.7005355025907052,2.46520415879433,1.0370820020908922,1.7088007490635062,1.8972333473858982,0.11652112978624868,2.6850139338624235,1.9174121341422297,-0.013229350110989108,-1.4091092452601484,-1.0178805849631165,-1.6899014961398222,-0.4027117956223107,-1.6613590569429098,-0.35807003159356166,-1.4065955290058552,0.04183309415171989,-1.3693505790709515,-1.0677582197403765,-1.5422765150982947,-0.3061475811688486,2.7160432718992187,1.2589526923863126,1.1308050173133009,1.33692179732708,1.6453068117067633,1.3174574138773836,-0.46171191355763963,1.0638660867855436,1.9239481009985178,0.8185045136156543,-0.07077519759549465,0.5247121324097144,-1.7618763191553082,-1.2318452413079577,-0.9438748369034563,-1.4219471959189172,-0.8954892959794855,-1.4555774710706257,-1.9168154020977126,-1.2546309851186626,-0.8892507464793593,-0.4675913642304508,2.038719418762747,1.3094707972530177,1.343380556696444,1.0976589906611236,-0.2415651888924638
79,-1.2471658528677712,2.1823130368830035,1.4067719125874616,-0.42679324616860903,-1.318929102450567,0.846200657143159,-0.32275390381462904,0.2816340513338852,0.17759394503766396,-0.49130041392424284,-1.1269417317311274,-1.4447660045459467,0.5771844830356865,1.2466748280785098,-0.4402796314232057,-1.1346534862020912,-1.1575663281564992,0.2816340513338852,0.004794900750757238,-0.04445293090297606,-1.12693911328972,0.6967167913159619,0.09844481697751709,1.0860167804854841,0.4719589269678097,2.0032231455304785,1.723012998303134,1.3065007852962391,-0.35540279163542127,1.2717026420558193,1.7153800557404704,1.4200179444925656,1.9166667642762494,0.7469270872208272,1.071327987511371,2.0031479521543503,0.03722563990214201,-1.7393964492778375,-1.3222978622169848,1.3630459038324634,-0.6567829673958484,-1.2723105154999106,-1.082391999484268,1.6608234245921403,-1.2761921393671634,-1.3327621413723516,-0.8087053881110678,0.7951869783456429,-1.4145888226348913,-1.111926601215534,-0.9483998879825463,0.9488308427098918,0.9564558790116826,-0.9056394080524323,-1.5613493906162323,0.6508400574225907,2.472753550970973,-0.16109218769984632,-1.160806181140964,1.1370856875216195,2.2400216114319744,-0.7870946682693917,-1.3686838430595656,1.1320930078074458,-0.5720174592383324,-0.5413529508759409,-0.41399005636122366,-1.0508861405825822,0.6402633362598557,0.5108762867414685,-1.6811239329639476,-0.4274710375996381,-1.3823496342070511,-1.2401236580776132,-0.3833856385643014,-0.6523448381481901,-1.5841652246263414,-1.1443819178412589,-1.0976442832396045,-1.1332888896511157,-0.11555261264992879,-0.46752104444949993,1.145729925313189,0.12443235152487017,1.4357413045502463,-0.030965590995381286,0.687152350707265,0.6096774625199238,1.057017065762042,0.9895016935964073,0.8951943116880549,1.0723441218512468,2.7282389922098385,1.6244247678261392,1.582366531054976,0.4906595833909134,2.455294527862082,0.7140004497386874,2.18421035163398,1.6051500841038704,0.4724882292639474,-0.7134921998523156,-0.9170051537465483,-0.44292557200858224,-0.9301907169131507,-1.7893444223676194,-0.19430968869485726,-0.9014887296837574,-1.3233840954892788,0.5346219738315696,0.5349340565063253,1.436783255477609,0.07022468831767838,1.7932753557483148,2.7618656979064893,0.6897842844488921,1.5552228184903238,2.4700993355361964,-0.3208840958633749,-0.05952518040719987,-1.2080558556926224,1.1279574728063808,-1.4855538657320198,-0.17240408928578896,-1.4065955290058552,0.04183309415171989,-1.2141054016648598,-0.5146459563555492,-1.4427922903881591,0.2529000320355252,0.7676196050489242,0.7742559058175822,0.8918424476169052,-0.8363037658170851,1.933957129550055,2.1854293571377776,0.5482828973496973,-0.46112966901625946,1.620386346556896,2.686659767770526,1.4369270082380305,-1.000232805287353,0.018367595949493748,0.4200545075724457,-0.7499469279417835,-1.2415733444281454,-0.13259780650406192,-0.7549335514391203,-0.3535091201464906,-1.182864822696688,-1.4222159017975569,0.6134135627716553,1.1022335314589493,1.4021761042141831,0.7510534197639577,2.4907854544378023,0.10136666185151157
80,1.4427997121411473,-1.8827798749578852,-0.6218384350681542,0.8063791129641663,1.067745615007429,-2.0285493284779985,0.4242229385405738,0.8004336195805157,2.508514473657006,-0.49130041392424284,0.2893225630835749,1.7053576272420288,1.6043772070822468,3.6375580600098987,0.7337993857053429,-0.472772285917538,0.45081509106829143,0.8004336195805157,2.7736800202247607,0.5091281446856805,0.2893147854053884,-1.8151730292271184,-1.885367403933054,-0.6184938615320922,-1.677962432321561,-0.9909182107784219,-2.185477212712076,-0.8203609582092664,-0.35540279163542127,0.7065014678087884,-0.911295654612125,-1.6628033153539372,-1.3942581906223956,-1.0664513993943583,-0.29813112859827723,-0.9909104245030628,-0.42065340568590415,2.500318235505705,1.3650831887600792,-2.3555538902400532,0.6537544146222775,1.7534205479489164,1.3288468552107484,-1.8243315048875341,2.2414498526538944,2.2305255282690055,1.5291449963988042,-1.3634923534513927,0.816945273128539,0.9783868199463468,0.7817046842735281,-0.8351652750777113,-2.1563932456808286,1.528844971599197,0.4062787795885878,-2.051070086325452,-2.2460078721954435,-0.16109218769984632,-0.15140950188795188,-1.621191475278348,-2.2874885525488455,1.1590285364667279,0.46755291641098634,-1.6845760715943032,1.6050952805519398,0.16746889847241325,0.6158766188907846,0.13386104572574586,1.5295179699540997,-0.34568275689692163,2.319284292785956,1.3327038231047539,-0.5247619733991316,1.7532782752131773,1.960456693269855,1.757372242082591,0.681668003416554,0.40909567456042084,-0.3091965219007564,0.7757979058977101,1.2189286981335319,0.3291312925494353,-2.2417931587917574,-1.617620569823314,-1.33933445196984,-1.2953938899734374,-2.282743402349559,-1.925614955879759,-1.4451006261384438,-0.9655621364932685,-1.933862203804669,-0.5247641447357165,-1.2202805692241112,-2.247643350715169,-1.4743415744639705,-0.9932586993907113,-1.018736816175317,-1.1352129158365727,-1.9439178947873068,-1.7046333546967205,1.0423687355235907,0.16064956550913542,0.2529931368662802,1.7894193109146723,1.838749091572507,0.36608002522626243,1.9334301094994404,0.4135388748826611,-0.102090831041977,-1.4542893399340144,-1.9707050185790658,-1.3611255182294095,-1.5683513724281495,-2.2610863181174405,-0.7652603929204982,-1.641010129856771,-2.001332450759175,-0.9679485041458957,0.3381818396867836,1.2738388607140754,1.2975414746328169,-0.4027117956223107,1.3273291936422191,1.684255333791938,3.4199577567985497,0.4923433388625489,0.2653320509606843,0.9678800067306625,1.710869443343274,-0.09958586441432651,-1.7557487503801459,-2.398304878995926,-0.900376825106062,-1.5154367542996368,-2.0109305476415993,-0.8524724442736012,-0.9667093190113081,-1.4777935062174616,-1.6711383636350545,-1.5730858064056055,-0.8890238839120939,-0.9331548142106868,0.4139773548616719,0.23984726224003808,0.452406107620588,1.9450313652421554,0.1216993566544126,0.304077136319392,0.16841048746367906,0.3461992265511189,1.2214216052550735,-1.1751889706099483,-1.1910228180681397,-1.7602311435102906,-1.7297616998957415,-1.4420231865921207,-1.173317964174947
81,2.237562265439237,-1.0982882603920996,-1.0845039529545228,0.7755498039858469,1.8532334967024655,-0.5379382248225835,2.442370898587964,-0.35245430985644105,-0.21089280973222635,-2.214165063909064,0.2893225630835749,1.1192881143512428,2.631569931128807,0.4497137507680469,-0.4402796314232057,0.18910891436701507,1.8075616798401697,-0.35245430985644105,0.9518267123635652,-1.7005951984857544,0.28934472452339094,-1.9986256565701523,-0.632433369673746,-1.129847054137365,-0.8179938886058127,-1.6562829566248443,-1.5057397847094307,-1.174837915460184,0.4602757465442341,-0.42390088068527304,-1.286535041805353,-2.16062420953285,-0.7811896830964694,-0.9649329036711496,-0.4295422979598246,-1.6562842709759256,-0.060523819268339746,0.819909807638434,1.7158457757349972,-1.3796317723386686,1.443931365544971,1.7534205479489164,2.075182691187777,-0.5173984063326563,1.36203935464863,1.258719800184999,1.1951663700402508,0.7951869783456429,1.3941005854642563,1.429150847228042,1.7516587169934348,-0.3317097631610094,-1.4551470142940541,-1.4553616873286066,0.7342168079560578,-1.0450397136533083,-1.2450584794025672,-1.6901027828170339,0.18505605786305218,-1.621191475278348,-1.8360245948769027,-3.0022414465024654,0.4923465111668879,-1.2686431595038326,1.2520499713967606,2.239409688875295,1.4740988482674582,2.503355418342402,1.410950685461534,0.24320158560447158,0.9858148842026548,0.7459788695366233,1.4762759018193472,1.0049277918904795,1.2573039937196082,0.7934854099902786,1.5856054076320663,0.7209916380211188,1.9867576594915486,1.8776459495479751,1.13013893962126,0.4724257275910302,-0.8748978792406387,-1.6776913602146308,-1.7177538733134883,-1.656659118252882,-2.282743402349559,-1.8199777717797723,0.3421262966476175,-1.2448569693632223,-1.3680509007061243,-2.12187241132268,-1.2202805692241112,-0.9569539778680661,-1.0802799754101415,-1.4438657740001828,-1.9082739587129978,-2.1355205303790776,-1.8384842345965124,-1.8842072981858298,1.5489291855321627,1.3808057796594941,1.2102644655495036,0.7972660296154481,1.059984770435916,1.3240464463790989,2.053311313158396,1.2293694540719557,0.9100961320575255,-1.2485398936824021,-1.9521447291339888,-0.9614242648426926,-0.5852057359806527,-1.741296359929523,-0.9857057735971849,-1.7743109537097572,-2.4186656586804487,-0.8824334823716564,2.4533236793593853,-0.9762129586780766,2.4539710117060967,0.10751129385391985,1.415231789247664,1.498589391484165,0.5240257853159069,-0.859187395269938,1.886464856736116,0.3417136062765336,1.6671298807395099,0.1783579026112154,-1.9314262941125495,-1.296721273157902,-1.8562271038916445,-0.7004771681205748,-1.7222802297983075,-1.5034514017188967,-0.46171191355763963,0.5555341681849426,-2.082265701215179,-1.646958806399027,-1.618918697783322,-1.2814766833942692,2.6293920047698696,1.5914016022330955,0.6463340165822609,1.4039098107698402,0.8845908461298362,2.2540854419778387,0.9923101774176035,0.7964687366846737,1.399668675263152,-0.4689475117847223,-2.400071932868153,-1.3454048844542204,-2.1558307169553297,-1.8262117399385596,-0.8402103076126084
82,2.4821045895309566,-1.0269708408861191,-0.2811945922287401,3.045357677514612,1.17348436831253,-1.7623687742538172,1.5512406305150903,1.6074551701863855,0.9545674545774446,0.43639593606758414,-0.27718315484230605,0.5332186014604565,-0.10761066632868721,0.4497137507680469,1.3208388942696172,-0.8037128860598145,1.197120031853279,1.6074551701863855,0.9333217612483341,-0.13519246486329636,-0.2771688106018534,-0.3616637510476956,-1.4155171410858134,-1.4707491825408803,-1.677962432321561,-0.6582358378552107,-1.4207726062091,-1.5293148727111014,-1.1710813298150766,-0.42390088068527304,-0.911295654612125,-0.9039632450984842,-1.092411508363603,0.05363269114745719,-1.0812625751148945,-0.6582235012666314,-0.9402689518026756,2.0083565576103526,0.7984667021082885,-1.1216293733532452,1.039206585804079,2.1217704165426867,1.7881304465812278,-0.9926468058071574,0.7757656893117871,0.7728169361429957,1.0281770568609743,-1.6718751151366835,1.1922640644396287,0.9665383339512664,1.700278931833777,-0.8590227807368118,-0.9078328824799862,0.7042615526849355,0.8070919253710512,-0.9013210889858592,-1.8170295609984966,-1.307850134037737,0.8579871773650602,-1.2271518805926385,-1.2520091359016077,-0.22587693451908614,1.0707105503193781,-0.9569128966920657,1.487413510833547,2.1848849312331136,1.2452395871003452,1.0493475078730903,1.292383400968968,1.4745052108346575,0.3190801799110043,0.7459788695366233,0.3328256874087879,0.7554776307829137,0.5541512941693613,-0.6523448381481901,0.42218275684930356,1.1404358889644348,1.836287573194584,0.8872189034841256,0.041838670430383675,1.4733292777593952,-0.9937583383320403,-0.5964171331709301,-0.330215995053445,-1.5362373754930672,-0.18634640019180088,-0.7636059307799044,-0.7302098570240193,-1.2448569693632223,-1.6509565522553966,-1.5895029891270256,-1.2202805692241112,-0.6988161032986456,-0.858280429576755,-0.9042528700188279,-1.063048586684715,-0.8184868850086685,-0.8885971119644166,-0.7771658700706461,1.1901155334427576,1.3808057796594941,2.167535794232727,0.7972660296154481,-0.15142639577655942,0.6055716305144715,1.719568298462875,0.4746285335279116,1.4496991657596288,-0.5855694557605409,-0.578683310198293,-1.6609014582694472,-1.5683513724281495,-1.3254643933791892,-1.4265965349505585,-0.48633509736409924,-0.7487681745419702,-1.399423329846837,1.564351022105683,1.5655122447093544,1.2975414746328169,0.3626228385920351,0.5362058331932145,0.013261853021983716,0.5240257853159069,0.04183309415171989,1.2083331580506407,0.7770178979337435,1.435016423623323,0.024742943943110978,-0.3822697721086267,-2.177988157828321,-1.1393393948024575,1.0652686019340594,-1.144979594111724,-1.9374373733490937,-1.4717067244649766,-0.9694615876168605,-0.8123953212936978,-1.3584759619577307,-1.5160505200455652,-0.059520343147535903,1.4425627280333353,1.7415743066767686,1.7323303067676288,0.4419159361523909,2.410373825080683,1.3499358529830066,1.0261899853963496,1.9347427446496346,0.3099610097450883,2.8504244580632845,-0.7923806424453246,-0.5900270538789509,-0.4848314220927897,-1.493160341148909,-0.011106264140849715
83,0.5257659967971978,-0.8843360018741582,-0.5913330163064153,-0.4075249280571591,0.16141344382084813,-0.8928456304548251,0.7125297899759152,0.5698560336931243,-0.7288751494254134,-0.7563565139219077,1.1390811399723964,1.778616316353377,1.6043772070822468,0.4497137507680469,1.3208388942696172,1.1819307147938447,0.9124566640739209,0.5698560336931243,-0.4557807319425199,0.9638065243734596,1.1390698080545114,-0.4039989727422419,-1.467722725846618,0.4042125236784536,-0.2446815261286472,1.0051760267608452,-0.48613364270546294,-1.174837915460184,0.4602757465442341,0.1413002935617577,1.3401406685472426,-0.8766078685143608,-0.9068585048349217,-0.06074016185800739,0.42675999494676325,1.005193663306611,-0.014221443871795756,0.43850131578698104,1.570144393453108,-1.4020667635547925,1.0777518029222592,0.3589531882725005,1.2714364062894385,-1.1510629389653244,1.36203935464863,0.7728169361429957,2.531080875474464,2.028718025086806,1.444807813647287,0.5871986053876425,1.5421046207200024,-0.7853125380893086,-0.7881079161456589,0.03674164213529523,2.045968921425938,-1.3037332380547166,0.041876454188273626,0.9856657586380444,-0.15140950188795188,-0.636092488564074,-0.5389455911687684,0.7903586358775145,0.7996307658862829,-1.339694047442017,0.3694366985088124,0.9853402631051297,1.0735951412250104,0.45697391471892623,0.5216960517672897,-0.1850779362147235,1.3191822363484802,2.506153730241015,2.048001009024627,1.5038281141056113,0.31976706098594554,1.9983439501056692,1.4426207563023952,2.0296996518160637,0.9439084416334048,0.41982608981521274,0.40251311776332627,0.3629813176946516,-1.2314792565148436,-0.23599239082303,-1.150124741298016,0.20987789452424846,-0.4775126504914895,-0.28823860232996384,-0.372764472466807,0.7102068607264537,-1.3680509007061243,2.1370829662425557,-1.2202805692241112,-1.2150918524374867,-0.9548494705303178,0.5495352277813381,-1.394294742790969,0.43566231137812805,-0.9086640898637823,-0.7085583404762366,0.3036347459277568,0.6159317349682245,0.7848105416902932,1.5413809905898663,1.838749091572507,1.5635380516673079,0.7952877021806221,1.1311154674281123,0.42364871499228834,0.12312308132834536,-0.9498890990998324,-0.7615736381493341,-0.2574905238314872,-0.07796849372818761,-0.7652603929204982,-0.4817500999705424,-0.5742015538813012,-0.7163792890602351,0.8593037422148159,0.10714532473295953,-0.05162631861934274,-0.14760025088419543,2.118452554091224,2.0555872184074833,0.041370456735466396,0.04183309415171989,1.079645492636031,1.2190199905560963,0.365395214520616,-0.11517798053236698,-0.30241634313935234,-1.0764045519902974,-0.1834891160168751,-1.1079569612101057,-0.3752454131962792,0.23249248480189116,0.043285491896028795,-0.9694615876168605,-0.729330179952639,0.2070874814367091,0.1959376400146926,-2.0324036976796034,0.3744163789704541,0.5702272120161188,-0.20694878284909957,2.1254052167329274,-0.38689496966253645,-0.3398400148713976,0.4808049125126465,-0.26938077950225625,2.3936155393376746,0.504266210895423,0.004048969716719816,-1.8602362144584423,-0.5561899480209803,0.00420328758885424,-0.6079628500608757
84,1.2593929690723573,-0.1711618068143531,-0.44389015895801265,0.3439394782893757,1.2188009768718588,-1.123535444115782,0.7387395037427644,1.9533215490174725,-0.987866319272007,-1.0214126139195725,0.006069704120634417,0.38670122323776,0.9195820577178733,0.4497137507680469,1.9078784028338913,0.18910891436701507,0.6709802413164112,1.9533215490174725,-1.0009158643324847,0.8441543611120381,0.006087956960768767,-0.4322224538719394,-0.8934612934777685,0.4042125236784536,-0.10135343550935581,-1.6562829566248443,-1.1658710707081081,-1.883791829962019,-0.35540279163542127,-0.42390088068527304,-1.286535041805353,-0.591066432588912,-1.2061838753313547,0.09154542787717855,-0.34987616504085983,-1.6562842709759256,0.3767763928101313,0.062620483237723,1.4136503161873755,-0.6617120534227078,0.557391371826827,0.7536137617658257,1.7881304465812278,-0.47779437304311456,0.6291972729775763,0.9347845574903302,1.1951663700402508,-0.4383440683955203,0.7300015257838381,0.34796182301063056,1.3381638722079119,0.2597070704405564,-0.08686168475888432,-0.5129806371408792,1.0257172776160313,-0.8150899141853898,-1.3880512498015496,-0.5433448364791432,0.18505605786305218,-1.4241716779354934,-0.4256917342692876,0.0820892895038802,0.019769094201802936,-1.0905958765200003,0.6048002379455986,0.8762907478207674,0.2725877271401152,0.4031217698867295,0.46241240952100676,1.5280401510620567,0.3190801799110043,1.0393413463206886,-0.5247619733991316,1.2543779529980454,-0.3833856385643014,1.516400534059513,0.4710782124081019,1.4227238932803072,-0.24957305388070314,1.3355321104059819,-0.611140353613062,1.1889855430891545,0.1354160230362752,-0.3561339716056634,-0.7717053199543679,-0.3922308192748259,-0.361046150371614,-1.1861546671798515,-1.0876552415812315,-1.524151802233176,-0.5193339460583071,-1.057133566931371,-1.7467498440819713,-0.6988161032986456,-0.11781905920371916,-1.3130509010705353,-0.45215867792748216,-0.9128967306904615,-1.2009366808918995,-0.5984655892594115,0.3880614875958521,0.8344671763085872,1.103900984584701,-0.6909638923333883,0.8869260324055623,1.0845548410908896,0.10116520122768058,0.7810864504046947,0.5496014125614207,0.2145672796623952,-0.9127685202096785,-1.3611255182294095,-0.5852057359806527,-2.157128326479857,-0.7652603929204982,-0.21261666889227357,-1.1704122950025309,-1.148045199844864,0.5374343318298548,0.7738273452935971,1.6830179869905768,0.4901786109610927,0.44830323758776947,1.3129234491763924,0.5240257853159069,-0.4086771505591091,0.7078875800341939,0.668689329810946,0.5851936813889029,0.05858521259701581,-0.7975076027488535,-0.9001511750562137,0.7723611627687074,1.744401590416611,-1.4336299119550158,-2.1544303591641922,0.5482828973496973,0.047202249584341584,-0.9617049759951938,-1.7603713886004428,0.9182352010274887,0.615993521944515,1.046952969121157,1.2309871115682802,-0.517233437187776,0.7425390219703438,2.1560766619222087,0.19915946855448033,1.5603578034473493,-0.13021051473972006,0.5872966085388928,1.5813786262882528,-1.2219628542783898,0.023813046058619957,-1.0112999445179993,-1.0386191827412203,-0.8952975799941064
85,0.22008809168254795,-0.5990663238502362,-0.7336916371945293,0.30154917844418677,0.19162451619373416,-0.16528544890872973,1.5119260598648165,0.22398965486203734,0.3070895299609607,-0.6238284639230752,-0.27718315484230605,0.2401838450150635,0.2347869083534996,0.4497137507680469,-0.4402796314232057,-0.472772285917538,0.09486188889730246,0.22398965486203734,-0.3838048428111871,-0.986854049466928,-0.2772288884319785,-0.9120216330767974,-0.528022200152137,-1.8116513109443957,0.6152870175871011,-1.3236005837016331,-0.3161992857048016,-0.8203609582092664,-1.1710813298150766,-0.42390088068527304,-1.286535041805353,-1.0862065142921278,-0.4954812984302161,-1.1432789256590825,-0.17309243935331015,-1.323597347739494,0.36648697605534375,1.1405140471657425,0.3235881228191689,-1.3123267986902973,1.0199339772449891,1.2272064499578161,0.5251005703124096,0.07666209301047001,0.6291972729775763,-0.1989887919410107,0.5272091173231447,-0.4383440683955203,0.1375401420488765,0.20569332024781353,0.06698622011676152,-0.15882792705148435,-0.599968683334573,1.1754520777787991,-0.46822262939133225,-1.1600146133872675,-0.8160801682056202,0.2211604610794506,-0.48787506163895594,-0.43907269122121917,-0.42752065873814005,-0.2751177024696733,-0.9902287200265948,-1.282355502882742,1.1343682016783676,0.05841938318805106,1.9890321858934623,1.910981825188238,1.4702343277078167,0.029061824694874037,0.9858148842026548,-0.4274710375996381,0.9045507946140675,0.5060274696753478,-0.14900140538088577,-0.8933165461712682,1.0891007308579208,-0.6417020461942712,0.6069937556645253,0.3270249842456685,-0.14545263072127654,-0.9124853266607951,-2.1823629292460565,-0.5363463427796135,-0.014866477267071559,-0.5728634334145482,-0.7686789007911781,-0.8692431148798911,-1.8025460106956561,-0.12767763788340744,-0.5193339460583071,-1.057133566931371,0.35912725534946865,-0.4406782287292251,-2.010553660578688,-0.9906474803250472,-0.39724206099993614,-0.9949743194477005,-0.5303456570952092,-0.9482701067866558,1.9499562084556155,0.14243827873077186,1.635718389408714,0.7972660296154481,-0.49754387183726667,1.0845548410908896,1.3140681999282984,-0.6352335412904603,0.8383758736079103,-0.6312915549275658,-0.9684493885449095,-0.4617976981092964,-0.5852057359806527,-0.4938004602785215,-0.9857057735971849,-0.4997295500162316,-1.2907098742624008,-0.8225867490172919,1.4570612186440295,0.02381007216287983,1.6830179869905768,0.3626228385920351,0.09669285516598959,-0.17240408928578896,1.9719917710572283,-0.859187395269938,-0.03438129418694185,-0.3136901366342511,1.3466730583460897,-0.4593361530475369,-0.9412437748935473,-0.9001511750562137,-0.1834891160168751,-0.5646505704240645,-0.3752454131962792,-1.7204443875339952,0.043285491896028795,0.047202249584341584,-1.1416828889032193,-1.2224436660281357,-0.028657460873858717,-0.8568140547738421,2.115099318184038,1.0507798662358725,0.9954042527132719,0.14129285033443795,-0.13259780650406192,0.27698792526527194,-0.44043584221426657,0.3225491856592288,-0.030766819853848375,-0.5687024744717606,-1.2052118926592952,-0.7449291280765499,-0.8300984499759766,-1.1900629645491008,-0.6371072150975654
86,1.1371218070264975,-0.3137966458263141,-1.35905272181017,0.34779314191166555,0.6901072103463536,-1.2300076658054546,0.620795791791943,1.4345219807708418,-0.7288751494254134,1.4966203360582435,0.5725754220465153,0.020407777681018698,0.5771844830356865,-1.144208403852879,1.9078784028338913,-0.14183168577526145,0.42854088286299274,1.4345219807708418,-0.44588512835489724,1.5793710508156646,0.5725259124459,-1.053139038725285,0.35947274078153957,-0.6184938615320922,-2.1079467041794353,-1.6562829566248443,-0.6560679997061242,-0.8203609582092664,0.4602757465442341,-0.42390088068527304,-1.661774428998581,-1.0107618185303948,-0.716104508201392,-0.23957717871963852,-1.2597141283799367,-1.6562842709759256,0.5414070608867322,-0.020294406295201572,0.38834429272223064,-0.15692475105992276,1.0970244114813494,0.5694388274689406,0.4389848969304448,-0.08175404014769701,0.042923607640733386,-0.03702117059367631,0.6941984305024212,0.48680421666035206,0.606084384898154,0.14438805237916388,0.7398677392970181,1.0614027361788523,-0.17237951785483244,-0.5129806371408792,-0.03097192490137222,-0.930064813919349,-0.38710185700867333,-0.5433448364791432,-0.15140950188795188,-0.8331122859069289,-0.5055063271099978,-0.844709382996279,-0.4091171353696876,-1.231285434688318,0.07523227421282966,1.9667859006643893,0.043728465973002235,0.3492696250545328,1.3516670432152509,0.6714811074236666,-0.3476545243806463,0.7459788695366233,-0.8106245270017715,-0.24232301364734973,1.4916882269030238,-0.17040142210203385,-0.07544861882220252,0.9353551918907271,-0.6104599695437686,0.5035102557529294,1.2859557768701186,1.3697291018595585,-0.8748978792406387,-0.3561339716056634,-1.33933445196984,-0.271809076515011,-1.7586441518101195,-0.7636059307799044,-1.0876552415812315,-0.12767763788340744,-0.8022395976075795,0.007605277459937894,-1.2202805692241112,-0.9569539778680661,-1.479513298017911,-0.4528655652507626,-0.5828913089517972,-1.1612827881869574,-2.0329125355777573,-0.6279162033686008,-0.1396056478297436,1.3625944928811304,1.422991427479109,-0.6909638923333883,0.2812204492993246,1.0845548410908896,0.35879324604039514,0.7886916600773886,1.137770876346454,-0.6312915549275658,-1.1540522829956792,0.03782886862409977,0.7256551126160095,-1.1175484101040223,-0.9857057735971849,-0.5569218104089466,-1.3644859708178994,-0.7757716860131016,0.8593037422148159,1.357174113284155,-0.34073370288766264,-0.6578233403604259,0.18459545077143455,0.5702596799453018,-0.9239402004254146,0.04183309415171989,0.8521143844128394,1.46322739498448,-0.8035408760931547,-0.8931856836331327,-1.1808040618013704,-0.7238977981221298,-0.06400783116867728,-0.021344179638023215,-0.8563292762684321,-1.5034514017188967,-0.46171191355763963,1.0638660867855436,-0.9105796912549429,-1.814932944956138,-1.0659961853818702,-0.6697952078313023,1.1656358967948104,0.3599854257949765,1.4220456524289522,0.20141746749802855,-0.38689496966253645,1.379324159724884,1.2893306874470745,1.548866925640854,-0.1346509774661117,-0.4168599816238738,-1.01169174218526,-1.1213989444278258,-0.12245122715878935,-1.439341349229401,-1.5297993551217153
87,0.5869015778201278,0.2567427102215299,-1.0184088789707555,0.748574158629818,-0.2615415693995562,-0.34273915172485053,1.5250309167482412,0.8580780160523636,-0.21089280973222635,-1.1539406639184049,0.2893225630835749,0.020407777681018698,-0.10761066632868721,0.4497137507680469,-1.02731913998748,0.5200495145092916,0.04424041968671042,0.8580780160523636,0.055777382011705706,-1.664016804727388,0.28934472452339094,-1.1519212226792264,-1.1022836325209864,0.4042125236784536,0.9019431988256839,-1.3236005837016331,-0.7410351782064548,-0.46588400095834875,1.2759542847238894,2.402104990549881,-1.286535041805353,-0.8682512703162228,-0.6317212316194394,0.7083964655325965,0.8187097966734762,-1.323597347739494,-1.0843207863697013,0.7480502367098995,0.39913698770607425,0.028163926473098407,0.7501174574177278,0.5431281225693856,0.4102796724697898,1.2251790584071809,0.48262885664336563,-0.03702117059367631,0.19323049096459152,-1.0551095917661018,0.10246163871601731,0.25735238997895843,0.04516326846238846,-0.09198940851711172,-1.5577684140091919,-0.23811949750279193,0.2969661034660978,-0.09649679084814448,-0.673087397806638,0.6034131098587475,-0.82434062138996,-0.43907269122121917,-1.4228809236791182,-0.23741403589989962,-0.40146233882509347,-0.09107667334797699,0.7813228925231882,0.22199365611459435,1.8746025553099057,1.480164666530664,1.410950685461534,1.0997606292428617,0.9858148842026548,-0.13410856081557276,0.04696313380614806,-0.7412233358624815,0.31976706098594554,-0.17040142210203385,0.5361769641863865,-0.2908856596018575,0.8600568800486451,-0.8651909392642364,0.22534064249562138,-0.07514141379642136,-1.1720490269691428,-1.1971250370840971,-0.5824956092825438,-1.1749721472136225,-0.30281290031167635,-1.2917918512798383,-1.0876552415812315,-0.12767763788340744,1.1780999632373272,-0.2585794336378893,-0.43057665693732133,-1.4732297270069072,-1.187803380713736,-0.28082833553612385,-0.7431084116672535,-0.46397737477147105,-0.41709623022806497,-1.2124743951727628,1.6122492417832341,1.0712139044273135,-1.3424590776057588,-0.6909638923333883,0.6273379253600319,-0.831378001214783,1.5221155548172698,0.3591872573769306,-1.170822545327271,-0.6312915549275658,-1.265414019666141,-0.06209644472257946,0.3979399004668439,-0.9096324268288554,0.3369665104629354,-0.6786505744219039,-0.9549044142115207,-0.28981274291205666,1.5796781368859194,0.23214820358807908,-0.1479954467087827,1.8932921070207267,0.09669285516598959,0.013261853021983716,-0.9239402004254146,0.4923433388625489,0.08648122801687758,0.06758984987913097,-0.8760925194145843,0.6281602410732419,-1.1488626902136607,-0.7238977981221298,-0.1834891160168751,-1.1079569612101057,-0.7601125036540015,0.23249248480189116,0.5482828973496973,-0.9694615876168605,-0.8057768841413019,-0.7930005450033054,-0.6010302846218549,-0.7452108595302941,0.8095871137738502,2.5224723697838685,0.7239051801669301,0.02104361600725679,-0.38689496966253645,-0.13979735275337418,0.5853084969806076,-0.15946197091177208,0.10632767347263894,-1.0771614802853537,-0.5538250290391773,-0.7893542362577641,-1.656335338655634,-0.7882504684574954,0.7366246973528472
88,1.0759862260035675,0.8985994857753544,-0.7031862184327905,-0.06069520205106655,-0.034958526602911,0.7042376948902623,-0.5324316139494228,-0.23716551691274537,-0.08139722480892957,0.701452036065249,-1.4101945906940678,0.4599599123491083,-0.10761066632868721,-1.144208403852879,0.7337993857053429,-1.796534686486644,-0.45658624751984295,-0.23716551691274537,0.12029485131198578,2.128434761642491,-1.410195880852342,0.17458239041655751,-0.16258310682650542,-0.6184938615320922,0.04197465510993557,0.3398112809144228,-0.48613364270546294,-0.46588400095834875,1.2759542847238894,-0.9891020549323039,-0.1608168802256692,-0.514295887610021,0.37909035809638897,-0.817689011895208,-0.6848887574201242,0.3398372684426627,1.3645604012697365,-0.9213028725529818,0.5070639375445106,-0.43175339345743907,0.19121180920411535,-0.5356107783123701,0.3528692235484799,-0.47779437304311456,-0.6899184740303204,0.4488816934483269,0.19323049096459152,1.4119525017162244,0.29708679107518193,-0.39896211148784977,0.15112885845188825,-1.0451793550676225,0.7341095129622175,-1.1019687935082088,0.5884665731260712,-0.47016521498351205,0.041876454188273626,-1.307850134037737,0.8579871773650602,-1.2271518805926385,-0.03919239471143978,-0.8727474629407324,1.0026994889776495,-0.9606183470596694,-0.6896992289567255,-0.4323034355915788,0.21537291184833693,-0.027695388770844317,-0.5454095086658033,-1.0416369798531135,-0.014287172234821033,-0.7208335143837035,1.1904133482167074,-0.24232301364734973,0.0853828278025299,-0.17040142210203385,0.007351077737846461,-0.303992704939425,-0.13325669945641488,-0.49952718039577826,-0.22210428650833894,-0.8115634385200109,-0.45888627242073293,-0.23599239082303,-0.3932858986107197,0.4507213800438782,1.560651101606331,-0.49951297052993743,-0.015319087909594756,-0.12767763788340744,-1.0851452491568518,-0.5247641447357165,0.09589261792053867,-0.4406782287292251,-0.01752049418462458,-0.8970400495569267,-1.152966690186785,-0.3752599037878215,0.4689405676086131,0.026662465472648913,-0.43509924366807723,-0.4949567585119528,0.3593566178310828,0.30118938896583597,-0.15142639577655942,0.36608002522626243,-0.269645148661509,-0.5408136044813081,0.07977394001765398,0.6260661721656194,-0.3002789685221384,-0.2619470714159379,0.3979399004668439,-0.8056744351912719,0.11652112978624868,0.566617124828411,-0.4414746786704236,-0.042807503709597114,-0.5354637027866823,-0.1845280592623194,0.044742809470097226,-0.7853791127294836,0.6241084287986594,-1.1007338008246523,0.041370456735466396,-0.4086771505591091,-0.4638423528471271,-0.23539733491010773,-0.06165031864001311,-0.43120615228176246,0.1447628590885841,-0.23920101155339948,0.5333985930723117,-0.15717077733453352,-0.3752454131962792,-0.4184864726434043,0.043285491896028795,-0.9694615876168605,-0.3185681334310926,0.10845057184172048,-0.726140083872576,-1.0098502112641474,-0.5354860665275557,-0.4209126373121233,-0.6723757643571143,0.02104361600725679,-0.13259780650406192,-0.7183821081284092,0.012625362397692096,-0.004398800458141815,-0.639526548952298,0.6505049518496951,-0.7603474910412544,0.20393379379436438,0.16055424769044566,-0.7020971552039629,0.9400374681252958
89,0.40349483475133785,0.542012388245452,-0.011730059833382956,-0.8815255535988199,-0.47301907600975834,0.38482102982124483,-0.42759275888202597,0.2816340513338852,0.5660806998075543,0.1713398360699193,0.2893225630835749,0.09366646679236697,-1.1348033903752477,1.2466748280785098,0.7337993857053429,0.5200495145092916,-0.06705327767808586,0.2816340513338852,0.389890499215547,-0.8147289944685342,0.2893298658500119,0.8237224563996007,0.25506157125993056,-2.152553439347911,-0.2446815261286472,1.0051760267608452,0.3635381422978436,0.24306991354348642,-0.35540279163542127,0.7065014678087884,0.2144225069675587,0.7755388386951442,0.0016611247329941735,-2.203077562559375,1.2745869878737133,1.0051235963991787,0.2893163503944371,-0.14190291094349095,0.28041734288379433,-1.1384556167653381,0.345392677676836,-0.43036795871415,0.12322742786324026,-1.9035395714666177,0.48262885664336563,0.4488816934483269,0.36021980414386806,-1.9802578768219743,0.39196852752627853,0.13655523144732343,0.30126384441711257,-1.9835040595072586,0.5972809800087006,0.07600751922645053,0.22409098605110447,-0.21147169058210372,-0.673087397806638,0.6034131098587475,0.8579871773650602,-0.04503309653550951,0.3697760679619285,0.38497260800357486,1.064490963738097,-0.24225312807617855,-1.2192671926894945,0.8762907478207674,-0.24234561048588893,-0.5662168370928116,-0.6639767931583691,0.5108762867414685,-0.014287172234821033,-0.13410856081557276,0.3328256874087879,-0.24232301364734973,-0.14900140538088577,0.7934854099902786,-1.116622692994018,0.9384324091656179,0.5658112906500127,-0.2786690976734773,-0.9986178755650249,0.48342129133974615,0.7891485480389842,0.7852110458293539,0.9942519796493235,-0.15138733375519614,0.8036188508271405,-0.07696423412999029,0.3421262966476175,0.43091202785649996,0.04647735704023769,-0.2585794336378893,-0.43057665693732133,1.6244247678261392,1.046324097273971,0.5400376667686915,0.9614772553919222,0.018055630646886416,-0.09953077962317282,1.469427297297152,-0.16071233324676745,-0.3310551775066808,0.6784470607254907,-0.6909638923333883,0.021632342253794203,1.5635380516673079,-0.39904665276132195,-0.1443318971634762,0.706440159014731,-0.03690426575624186,0.8690192665177108,0.6373807487041752,-0.2574905238314872,0.025989497909395868,1.4391934138463691,-0.3167758425588465,0.5558611706080681,1.523727661000447,-0.3668654402040836,0.48215396129831817,-0.7262102152454225,-0.14760025088419543,0.44830323758776947,0.1989277953297564,-0.9239402004254146,-0.859187395269938,0.19252096987735393,-0.04274464619757299,-0.9117520443796296,-0.5478288313644931,0.911355777193618,-0.28326435578692044,-1.0198581099542599,1.33692179732708,0.6831390855624574,0.4494854706169897,-0.46171191355763963,-0.9694615876168605,1.0531029670379721,0.7978189033495247,-0.3519806976564521,-0.41912110363618327,-0.021193379941724072,-0.3308090146459195,-0.3620911100184378,0.14129285033443795,-0.641192132821011,-0.2773884486436697,-0.8043603762026654,-0.10693293213042057,0.49576073884586075,-0.4454833539583561,1.5910581098211178,0.551116734897878,0.01816613958530864,0.5735867995520799,0.3791743394758117
90,-0.26899655650089177,0.1141078712095689,-1.0794197164942332,0.004817079527862131,-0.7449187273657325,-0.023322486655833065,-0.04755190926271222,-0.35245430985644105,-0.4698839795788199,1.4966203360582435,0.8558282810094558,-1.518024693657295,-0.45000824101087405,0.4497137507680469,-1.02731913998748,-0.472772285917538,-0.7515499724520347,-0.35245430985644105,-0.3528987532534935,0.07603990054233094,0.8558283205306327,-0.22054634539920792,0.6727062493463666,-0.27759173312857693,-2.2512747947987264,-1.3236005837016331,0.5334724992985048,0.597546870794404,1.2759542847238894,-0.42390088068527304,-1.286535041805353,0.08328975640621657,0.9778793101687675,-0.08192081642418553,-1.3026137941856377,-1.323597347739494,1.4725992771950058,-0.5177837434927489,-1.4086394220877336,-0.5607545929501508,0.9042983258904486,-0.5619214832119251,-1.1398024484055778,-0.39858630646403104,-0.836486890364531,-1.3327621413723516,-0.9756947012903444,-0.7467268300808111,0.4777234150714887,-0.4908915971030156,-1.0639428936701643,-0.6660303812651842,0.16969181452896,-0.23811949750279193,-1.597786949323729,-0.26895914044908337,0.041876454188273626,-0.9255974852584401,-0.82434062138996,0.34900649815020013,-0.1759771776617365,0.06962723244451201,-1.1558806158717425,-0.16750422348370864,-0.9839036532527082,0.11294414083023216,0.5586618035990063,0.8877910733765001,0.04742691379702618,-0.6133574580339186,-2.0144912851097727,-1.0141959911677687,-0.23889941979649176,-0.7412233358624815,-1.0865383381145484,-1.6162316702405026,-0.9497614118534398,-0.16553229812888653,0.6290770579957955,0.7499287697676924,-1.1809478069382568,-0.8352619466413795,-0.5183165019664338,0.36471551309013694,-0.07793638082434626,-0.33201994789491845,-0.6522124006713027,-0.18260141822997708,-0.372764472466807,0.9895016935964073,1.1780999632373272,-1.5895029891270256,0.35912725534946865,0.8500111441178776,-0.5363001842153076,0.538886948213372,0.2252433129915155,-0.6468922766696309,0.042688497474918465,-0.23973784629555656,0.2403146896766853,-0.14894230972304515,-0.17246078699293016,-0.44292557200858224,-1.4493669310042117,-1.3103612117912011,-0.4098491466484447,-0.4373132137405331,-0.056640336054665265,-0.05976531533975432,-0.3930804157475233,-0.06209644472257946,1.7088007490635062,0.025989497909395868,-0.10392425089043805,0.4684752818636723,-0.2624891604693673,-0.08731353382080267,-0.24424852196219368,0.19048057730303924,0.4302193218278571,1.0004017004373233,-1.5734564613374649,-0.729401916209107,-0.9239402004254146,-0.4086771505591091,-0.8223777445279197,0.5553641712608082,-1.0048893555866523,0.39511489088286167,-0.2864456573454975,-0.37139104425396235,-0.30297040086507293,0.6577888088445284,0.6831390855624574,-0.20149348682830578,-0.46171191355763963,0.047202249584341584,0.0009734046708092595,-0.6564887141927364,-0.5572125431298032,1.1212950195778393,0.09748954773192939,0.4200545075724457,0.37483494403591894,-1.4820718130825077,-0.13259780650406192,0.6065398988404029,0.056378338073366584,0.27039652073565745,-1.3183454013623614,-0.39068849306818193,0.2623529911555668,-0.38698137418298706,-0.7343596118130736,0.14285267738709437,-0.6874540301532389
91,0.09781692963668803,1.6117736808351595,0.46618816743385544,-0.9817208077783579,-0.8204464082979476,0.633256213763814,-0.6503753259002444,-0.4677431028001367,-1.3763530740418972,-1.1539406639184049,-0.5604360138052465,-1.005213869877857,-1.1348033903752477,-0.347247326542416,-1.02731913998748,-0.472772285917538,-0.4615908634230283,-0.4677431028001367,-1.259317237781295,-0.869898201668871,-0.5604404368378546,0.28747631493534764,-0.632433369673746,0.4042125236784536,0.4719589269678097,-0.9909182107784219,-0.5711008212057935,-1.174837915460184,-0.35540279163542127,0.7065014678087884,-0.5360562674188971,-0.4109165664923338,-1.1907863458681758,0.011707101117074067,0.5007672392560674,-0.9909104245030628,2.3111867427101913,-0.6891411818607931,-1.165803784951252,0.1515563781617792,0.1333939835268451,-0.6145428930110352,-0.9388658771809931,-0.5966064729117398,-0.5433500576961096,-0.8468592773303484,-0.9756947012903444,-1.6718751151366835,0.4422291977226336,-0.5422790729277284,-1.0006592809112367,-1.2997805715759883,1.3156307780146648,-0.5129806371408792,-1.051223568711279,0.19094045848675362,-0.1011163162107087,-0.16109218769984632,-0.48787506163895594,-0.636092488564074,0.23511784792476717,-1.1788020716218093,-0.8796494784858533,0.009030524437152286,-0.4543356895199393,-1.4137490731508384,-1.2149974704461188,-1.5355554440723527,-0.42684222417323736,0.6179461671962673,-0.014287172234821033,-1.8942834215199649,-1.668212187809691,-0.9906734969700474,-0.617769871747717,-0.41137313012511195,-0.07766052713766847,-1.3697205750682888,-0.8391726493891632,-1.187817048885796,0.1255540834330575,-0.25543431530611144,0.25427648212767684,0.12443235152487017,0.11127332984747783,0.27008876590415587,0.8618521008870781,-0.8692431148798911,-0.372764472466807,-0.9655621364932685,-1.6509565522553966,0.5399746996555924,-0.1673420195083913,-0.4406782287292251,-0.7616056677520693,-0.9657115869443789,-1.3877444568800286,-0.038066937446932916,0.3666674717235404,-0.4388857461846178,-1.1527265478468873,-0.3492664642850443,-0.5979147108521405,-0.19488725168377616,-1.276308192973858,-1.3103612117912011,-0.8184903247852711,-0.6450988175110306,-0.667109516777589,0.8775377175842566,-0.44876128408275423,-0.3618723847626172,-1.240636160278984,-0.8056744351912719,0.11652112978624868,0.7597761249904531,-0.8446720242970666,-0.5916644897037523,-0.5201365880064461,-1.2262187163883156,-0.6298410871559825,-1.1680464298366564,-0.9581382920993501,-1.286399743132425,-0.9239402004254146,-0.4086771505591091,-0.028132289564203484,-1.1059499583783496,-1.133219691769861,-1.6650105842301335,0.19267491647014873,-0.4154543884874833,0.8918424476169052,0.1144824180584871,-0.5676789584251404,-0.8524724442736012,-0.46171191355763963,0.047202249584341584,-0.49585634062304823,-1.0889384211255249,-0.09736200144686723,0.13568559755954138,-0.7332909459836449,-0.5710853417557964,-0.7111613461494489,-1.2415733444281454,-0.641192132821011,-0.5131730823076657,0.08235607510225433,-0.8335079465639699,-1.02425539782861,0.014737789497960386,-0.9538484197607312,-0.8994001131047129,0.1813826621810263,-0.3437137716039678,-0.3900269776453825
92,-0.3912677185467517,0.18542529071554942,1.8491004846326706,-0.9046475353325597,-1.198084812959023,-0.04106785693744515,-0.38827818823175214,-0.7559650851593759,-0.987866319272007,-0.3587723639254104,0.006069704120634417,-0.27262697876437436,-1.1348033903752477,-1.144208403852879,0.7337993857053429,0.5200495145092916,-0.23442815546253654,-0.7559650851593759,-0.7800929355526502,-0.4718227318617605,0.0060730982873897265,0.14635890928686,0.6727062493463666,-0.10714066892681931,1.1885993800642667,-0.32555346493199955,0.3635381422978436,2.369931657048992,-0.35540279163542127,1.2717026420558193,-1.286535041805353,-0.13907845176391576,0.9627811079896894,-0.4454509296773702,1.3059629196145728,-0.32553657803020003,-1.1769255371627894,-0.20823482256983059,-0.5614128658560088,1.8229632237630007,-1.1000529642549204,-0.5093000734128151,-0.2499404901252742,0.7499306589326799,-0.2502132250276881,-0.8468592773303484,-0.14074813539396164,0.1784214549750613,-1.0068252722152555,-0.4426558066322586,-0.3224278881133715,0.7831837803799633,-0.06975811813969471,-0.0025242349558600797,-0.6504104229288156,1.3119457308928562,1.1858186173801322,0.2211604610794506,-1.497271740891968,0.9400658901787646,-0.07053782537179788,0.32832570778400877,-0.9761174021135389,0.6414479253278244,-0.2189721500831531,-1.1956500425821142,-0.1851307951941107,-0.5123646922606149,-0.6639767931583691,-0.1850779362147235,0.6524475320568296,-1.0141959911677687,0.6186882410114277,-0.7412233358624815,-0.3833856385643014,-0.41137313012511195,0.18242437145787288,-1.0106773977580468,0.5466169117851187,-0.9311229213795839,-0.8997251117418649,0.03523482451694245,0.31370671167337766,1.2657773689598875,0.7419723654202247,-0.5126525620346407,0.2212863502277632,-0.18260141822997708,0.6995716812048297,1.8273861922062684,0.04647735704023769,0.007605277459937894,0.6223618927783987,-0.4406782287292251,-0.3213565361546915,1.9729358282876333,0.727102683911606,-0.6580948439103518,-0.42089516964071816,-0.5813704388367632,-0.41399255825105336,-0.5678019056254071,-0.3851877489225354,-0.6909638923333883,-0.324485133806913,-0.11290318535015574,-0.5722240770240435,-0.4454010561923353,-0.6098967329306514,0.23742832924590768,0.3678914515006325,-0.3618723847626172,-0.2574905238314872,0.6497374477348967,0.11652112978624868,0.20930923058710893,0.13037234282582402,-0.7894023734042246,-0.47415524366573736,-0.9762129586780766,-0.6298410871559825,1.0004017004373233,-0.2549175272557903,-0.35807003159356166,0.041370456735466396,-0.4086771505591091,-0.4925281310943072,-0.8589371464171052,0.8415205564252075,0.2584925426940944,0.11282148750087437,0.862382594284624,-0.06400783116867728,0.5219622111480181,0.10583844987587379,1.100464428062285,0.5482828973496973,1.0638660867855436,-0.26075514688725804,0.7467170839955738,0.3434953187196177,0.22228351367537552,-0.7728519218748626,0.20981272135130347,-1.2929450730344674,-0.3397040869742867,-0.38689496966253645,-0.6525877483363712,-0.5383402021567865,-1.3019379168728609,0.10625642121787297,-0.1779259502376651,0.27458286359967116,-0.7501267265460919,0.8180764288021256,0.2699778605434885,0.015167759149398847
93,-0.6358100426384715,0.542012388245452,0.9186852123996438,-0.29962234663304155,-1.077240523467479,0.3670756595396327,-0.964891891102435,-0.9288982745749194,-1.505848658965194,-0.09371626392774557,-1.4101945906940678,-0.6389204243211157,-0.7924058156930609,-0.347247326542416,-1.02731913998748,-1.4655940863443675,-1.3131004890521383,-0.9288982745749194,-1.7058835307667863,-0.487993322597152,-1.410195880852342,0.9083928997886933,1.351378851236825,-0.4480427973303346,0.9019431988256839,0.007128907991211643,0.2785709637975129,1.6609777425471568,0.4602757465442341,-0.9891020549323039,-0.5360562674188971,0.2263705642642352,1.0757296502928038,-0.7036551836229901,0.09884339276313114,0.007097235011341215,1.493178110704581,-0.6891411818607931,-1.4032430745958118,0.5273424810318524,-0.5796925331594881,-0.7987178273079203,-1.1685076728662327,0.3142862927477205,-0.836486890364531,-1.1707945200250172,-0.9756947012903444,0.7951869783456429,-1.3540258523378126,-1.2558016084251382,-1.0783904173997179,0.5204684910015361,1.7432199434944053,0.11527339631760584,-1.5249118319087356,0.1621967335532638,0.8998330765821675,-0.5433448364791432,-0.82434062138996,-0.43907269122121917,1.2088189296653389,0.0681846557926292,-1.2699401350866808,0.07554885104104964,-0.9839036532527082,-1.086600527297752,-1.0433530245707843,-0.6200689819250084,-0.723260435404652,-1.523451441899708,-1.0143892286722969,-1.0141959911677687,-0.8106245270017715,-0.7412233358624815,-0.3833856385643014,-0.8933165461712682,-1.028318914845525,-0.5727578730301117,-1.6353637143462674,-1.4027509059490297,-1.0855281222481035,-1.3680203861071276,0.848578777584685,1.3859189497425208,-0.26714609149617036,1.3538844507424896,0.8618521008870781,1.2435005671198445,0.3421262966476175,-0.12767763788340744,0.3293830085895101,0.007605277459937894,-0.43057665693732133,1.3662868932567187,0.510292537169963,0.8023707061636272,-0.1581532352958551,0.3713321895756333,0.19396559128913146,0.005216183743509664,-0.9627663790936729,-0.8773937808575877,-1.2360955966409561,-0.19488725168377616,-0.757131978882797,-1.5498528170794104,-1.3669656188428818,-1.0975986359266645,-1.4440578389206407,1.1747313621699185,0.720536950957095,0.13775418197077902,0.7256551126160095,0.3378634728221463,-0.5448150122438115,0.34390573666536867,0.2952738428573999,-0.18520637969139667,-0.6887348505890448,-1.3928892215284752,-1.3044249837820623,-1.9333810640510023,-0.34282012286123525,-1.6577316277479703,-0.4412848718449741,-1.760207884691596,-1.0696192966929725,-1.3412654749687254,-1.1705648717218975,-1.6616432855678729,0.9273264629874729,1.3030160366198336,1.1308050173133009,-0.4288239727275542,0.2020552224903044,0.4494854706169897,1.558277708257034,-0.9694615876168605,0.030132358100947818,0.5806489038245541,1.7383719283245833,-0.29928302834583015,-0.6146080183099913,-0.7813271279769386,-1.7971576363348167,-1.0611994929373738,-0.38689496966253645,-1.2737672934612683,-0.40418488640472044,-1.2383408852677,-1.876776072126431,0.20004156353353295,0.9279437232084999,0.41577472715919267,0.018673579086855102,0.1841036531706269,-1.430287499253974
94,-0.8192167857072614,0.3280601297275104,0.501777822655883,-0.2919150193884618,-1.0319239149081498,0.38482102982124483,-1.3318278838383242,-1.9088530145963327,1.343054209347335,-1.2864687139172375,-1.1269417317311274,-0.6389204243211157,-1.1348033903752477,2.0436359053889728,-0.4402796314232057,-1.1346534862020912,-0.8869757626152035,-1.9088530145963327,1.028322605211957,0.8192415082508415,-1.12693911328972,0.13224716872201123,1.9256402836056745,-0.6184938615320922,-0.8179938886058127,-0.9909182107784219,0.023669428296520974,0.24306991354348642,-0.35540279163542127,0.1413002935617577,-0.911295654612125,-0.27585959891598955,2.1999390047020633,-0.22731789064897293,-0.9579101242674091,-0.9909104245030628,0.659735353566789,-0.03687738420178648,-0.7934558080086468,0.7348661497809974,-0.772418618750389,-0.6671643028101452,-0.8527502037990282,-0.7946266393594485,0.042923607640733386,-0.8468592773303484,-0.6417160749317913,-0.7467268300808111,-0.6002475960278874,-0.4815546266230611,-0.8816112081476483,-0.3896372700372611,0.6314881132470798,0.5079321672291589,-0.6139728642213189,0.24842790835373324,0.6138475357842029,1.3679184074173414,-1.160806181140964,-0.636092488564074,0.11959425538724218,1.9038669153842063,-1.1040160911916506,-0.4594358399617838,-0.748540113815922,-0.3232539203072166,-1.9015752539474577,-1.2124425750791723,-1.6125150690988963,-1.951730963718903,-0.3476545243806463,0.4526163927525579,-0.8106245270017715,-0.9906734969700474,-0.617769871747717,-1.1342882541943462,-0.5244696823292965,-0.11161170729187869,-1.6446349173812278,-0.3219826414667032,-0.8795139550539656,-1.4582343129072146,-0.45888627242073293,0.06436156113355349,0.489692751191126,0.8721974797032302,0.33775285034763863,0.6624960545699172,-0.372764472466807,-1.2448569693632223,1.743911266335872,-0.5247641447357165,0.6223618927783987,-0.6988161032986456,-0.23677841717233256,0.23532108459441115,0.3899856238243024,0.2160312399049523,-0.38299372156988915,-0.6142602073367555,-1.0260864353447443,-1.5330001048786759,-0.7042781918169432,0.549227709290642,-1.3628375619890347,-0.3523947906383648,-0.8488688388657994,-1.314515880452615,-0.4118886442499432,-0.19693161284082908,0.5906149248415562,0.9371566887442129,-0.2574905238314872,0.12994748954697935,-0.7652603929204982,-0.2033659034965586,-0.4186324967094533,0.2437351897531779,-1.3171465565787308,-1.5178921003835946,-1.2080558556926224,-0.4027117956223107,-0.6065279096775702,-0.9150678585168797,-0.4412848718449741,-0.4086771505591091,-1.005177392040387,-1.083708630050271,-0.22460234630655773,-0.22579017838140317,0.28849903123327797,1.0826993154522289,-0.30297040086507293,-0.8363037658170851,0.3944887677191656,-0.4184864726434043,-0.46171191355763963,-1.4777935062174616,-0.19207544515985256,0.3327821354389062,-0.47947488159300683,-0.3291948636183089,-1.128900704895823,-1.9226396817488538,-0.9826604186957909,-0.8207010242830114,-1.658380785454909,-1.2987359490429813,-1.1798532455145605,-0.4709148874942951,-0.6659543545528742,-1.1762583491622363,-0.41566446862335404,0.34751196512996485,-0.03287346833466953,-0.791425297480749,4.057096901071767
95,-0.9414879477531214,0.7559646467633935,-0.16934139010236496,-0.18786610158663405,-0.5938633655013025,-0.44921137341452305,-1.3842473113720226,-0.4677431028001367,-0.7288751494254134,0.3038678860687517,0.006069704120634417,-1.2982486263232502,-0.45000824101087405,-0.347247326542416,0.14675987714106856,-0.472772285917538,-1.2706394705063688,-0.4677431028001367,-0.9978674332133036,0.5483897725078825,0.006027235994034719,0.5273759045377766,-0.16258310682650542,0.06331039527493833,0.18530274572922695,1.6705407726072676,0.2785709637975129,-1.174837915460184,2.0916328229035446,1.2717026420558193,0.9649012813540145,0.297368523509942,-1.3101984913254208,-0.25998660184233885,0.531698619502582,1.670531851193498,0.16584334933698644,-0.6615028853498182,-0.874401020387474,0.9423898185301424,-1.0615077471367402,-0.8776499420065853,-0.9675711016416481,0.5915145257745128,-0.9830553066987419,-1.1707945200250172,-0.9756947012903444,-0.7467268300808111,-1.3400706475837008,-0.9161210908639116,-0.7638496895006801,0.7781844350117368,0.34072748072085624,-1.023437039325898,-0.5410977468063256,0.9095335818239989,0.6138475357842029,-1.307850134037737,-1.160806181140964,0.7430460928359098,0.5263623810088244,-0.826844447482411,-0.7500215102089248,0.6655321886772331,-0.5131765743791359,-0.8139767390868464,-0.9289233939872278,-1.5355554440723527,-1.3160968578674814,-1.4163815614449093,-1.3477565808181222,-0.7208335143837035,-1.0964870806044114,-0.7412233358624815,-1.320922571297964,-0.41137313012511195,-0.5136124584276203,-0.8373855563317881,-0.707891257550283,-1.4144670830818002,-1.2347332948085556,-0.7690661116833978,0.3731369412190785,0.4247863034814537,0.489692751191126,0.5711431228036931,0.16305310016782545,0.39840309431995025,1.4144624503192542,-0.9655621364932685,0.8951943116880549,0.27378998855776515,-0.1673420195083913,0.8500111441178776,1.2033415238655631,-0.0135142679356564,0.8191197103923338,0.19169924292453666,-0.5488915720613431,0.20396287937150506,-1.2793666603490303,-0.8591824940792241,-0.8106416727817457,-0.9390022126581944,-0.9301907169131507,-1.0708696065029921,-1.0971409391690286,-1.0155584826009876,-0.6432646769284014,0.16884518049537028,0.3678914515006325,1.436783255477609,0.3979399004668439,0.12994748954697935,1.2187480331696823,0.25448105017496664,0.5972708793012232,-0.0854103877114744,-1.4857448191613294,-0.4762014432575984,-0.4371028309771026,-0.5302675679913683,-1.4855538657320198,-0.5437359739013343,-0.4412848718449741,0.04183309415171989,-1.3909802234040258,-0.4444054976823883,-1.173060188820935,0.1982201398946819,0.671795490285795,0.157369086548289,-0.06400783116867728,-0.5646505704240645,0.6831390855624574,0.8834714422471867,0.043285491896028795,-1.9861254248180626,0.5105277976576983,0.38199339163504603,0.14344999237157388,-1.0593549995527491,-1.0102177772221694,-1.291914323085427,-0.9050892551111217,-1.2415733444281454,-1.14978645913796,-0.7234396099109471,-0.7794491708006654,-0.592732324356295,-1.3791425664871746,-0.998021617276224,-0.6965822170943206,1.009543286826096,0.054417823976833035,0.531882736237578,0.021022933711262307
96,-1.1860302718448412,0.3280601297275104,1.457614277190359,-1.5135263876543676,-1.530406609060769,-0.07655859750066932,-1.4497715957891457,-0.7559650851593759,0.3070895299609607,0.1713398360699193,-0.27718315484230605,-1.0784725589892052,-1.1348033903752477,0.4497137507680469,1.9078784028338913,-0.14183168577526145,-1.4794415881267287,-0.7559650851593759,0.21834851105079356,1.4031888327490152,-0.27718366927523247,0.8378341969644495,0.9859397579111936,0.06331039527493833,0.6152870175871011,1.6705407726072676,0.023669428296520974,0.24306991354348642,-0.35540279163542127,0.7065014678087884,1.3401406685472426,0.49812662110911254,0.26828075711810495,-0.38330274419289617,1.2838909553320548,1.6705675097794737,0.16069864095959266,-0.7665284120915227,-0.9823279702259103,1.1611309828873493,-1.2735064412867312,-0.8776499420065853,-0.7953397548777184,0.07666209301047001,-0.9830553066987419,-0.8468592773303484,-0.8087053881110678,0.1784214549750613,-1.5010086046038884,-0.9427615347943272,-0.7357731532144535,0.07043328734320549,0.9051451791541137,-0.630778268414345,-1.051223568711279,1.7718453298286931,0.32786199498623825,-0.16109218769984632,-0.48787506163895594,0.9400658901787646,0.8312648664816423,-0.16946891516377965,-1.1766702579064998,1.4625840880618606,-1.278108077548691,-1.086600527297752,-0.7000641328201148,-0.9431818509181887,-1.1975295733749156,-1.5769863821271075,-1.3477565808181222,-0.7208335143837035,-0.5247619733991316,0.256577308567782,-1.0865383381145484,-0.6523448381481901,-1.4042474747065312,-1.3113517092058782,-0.992181485888154,-0.5891327184419299,-0.3830464498705645,-1.3670181630326026,0.7297183184932834,1.2657773689598875,0.6158325583056754,0.8721974797032302,1.6188843516662685,0.1343101340699833,1.057017065762042,0.7102068607264537,-1.0851452491568518,0.27378998855776515,0.35912725534946865,0.3337353949790365,1.0110332369943855,0.2891358953140537,0.03398955483596857,0.9566922686294905,0.6355873940369343,0.9803989733152989,-0.7939128957574823,-1.4601549577652215,-0.3851877489225354,0.0531510686410299,-1.276308192973858,-0.11290318535015574,-1.0878918681272411,-1.499270438588063,-0.2876252163826676,1.1061482134193812,0.6091752142866331,0.4375301220108167,-0.9129209481298183,0.6497374477348967,-0.10392425089043805,1.0770613549809005,0.5947375085297368,0.5014471236267761,-1.4704177043810933,-0.43453381697255855,-0.1479954467087827,-1.678269519312887,-1.13394348331024,0.013261853021983716,-0.4412848718449741,-0.4086771505591091,-1.5226621656561399,-0.21943311388681663,-0.038039366964952075,-1.4445817244068828,0.8794144056059083,1.2589526923863126,0.8918424476169052,-0.4288239727275542,-0.182811867967418,1.100464428062285,1.0532803028033657,0.047202249584341584,0.32509971616443933,1.516635489517967,1.3643293409427568,0.233687053228627,-1.2871446084606943,-1.532190650195304,-0.8663036733187872,-0.8808256414466019,-0.13259780650406192,-1.1002153643563046,-1.8590220871071859,-1.3853816270001218,-0.5897311608416508,-0.8427285249657569,0.6868060008571077,1.0038747244642174,0.10317560773176766,0.7932300986438435,0.22258950968767038
97,-1.491708176959491,0.542012388245452,-0.3625423755933764,-0.8160132720198913,-0.7449187273657325,0.8284552868615469,-1.095940459936681,-1.3324090498778542,-1.2468574891186004,0.701452036065249,-1.1269417317311274,-0.4924030460984192,-1.1348033903752477,-0.347247326542416,0.14675987714106856,-1.1346534862020912,-1.2600225195456651,-1.3324090498778542,-1.4789342739314557,0.35640103542620816,-1.126953971963099,0.5555993856674742,0.9337341731503891,1.4269189088889993,-0.53133770736723,0.3398112809144228,0.19360378529718228,2.369931657048992,1.2759542847238894,0.7065014678087884,0.2144225069675587,0.12899122421402456,1.4757203101649115,1.9027098250799939,-0.055714794479831874,0.3398372684426627,-1.1512019952758206,-1.1534645632451705,-0.1728758464376381,1.3069584257921538,-1.4084147012003618,-1.2196891057008006,-0.36476138796789404,0.03705805972092826,-1.2761921393671634,-0.8468592773303484,-0.14074813539396164,-0.1299613067102295,-2.046471608854844,-0.8808911637577881,-0.18551925927201995,-0.6561080325741613,-0.01844741828212584,-0.630778268414345,-0.21315971843885556,1.3981769056933258,0.8998330765821675,-1.307850134037737,-0.48787506163895594,0.7430460928359098,0.06403314245000756,-1.473726660828454,-0.039599512087592645,0.8579368820831309,-1.2192671926894945,-0.48682819323375986,-1.3294271010296754,-0.9431818509181887,-1.3160968578674814,-1.2022418005353117,-0.3476545243806463,-0.13410856081557276,-1.0964870806044114,-0.9906734969700474,-0.3833856385643014,-0.6523448381481901,-1.482098037813175,-0.5906960303019668,-1.0137086530080006,-1.4785643920636777,-0.8647057004161252,-1.1410467467767695,1.145729925313189,0.4247863034814537,0.9942519796493235,0.08945615176443358,0.5706858505873895,0.504040278419937,1.4144624503192542,0.15161719498654624,1.4610056147865997,0.5399746996555924,0.35912725534946865,-0.18254035415980455,1.029126965323682,-0.6427359709150693,1.2505594330686016,-0.12960570164510937,0.1735916685275946,0.5610421259683375,-0.6461660978383155,-1.441943670986858,-0.5979147108521405,-0.6909638923333883,-0.9301907169131507,-0.11290318535015574,-1.3553709468567827,-1.4812236680128246,-0.5719994566175268,-0.1283484640902917,0.9247001348529417,2.0363351355576844,0.7256551126160095,0.5457794560973133,1.4391934138463691,0.3037037143251805,0.15314336100582618,1.4139650257559004,-1.1025669496554233,-1.3095539689583955,-0.6298410871559825,-0.6578233403604259,-0.6944305052830151,-1.286399743132425,0.5240257853159069,0.04183309415171989,-1.2871580180844207,-1.0842476572660111,-0.4107349133497881,-0.9383406847238043,0.8155316624304888,1.0386359712187079,-0.30297040086507293,-1.2437835589066162,0.29827199510473495,2.1854293571377776,-0.9667093190113081,0.5555341681849426,0.4186025898366359,1.202493130953241,-1.2687098866135185,-0.31237302583206694,-0.693729970092427,-1.201810700419223,-1.5644441455808094,-0.8207010242830114,-0.8954892959794855,-1.3351260366053697,-2.038940444344972,-0.9526415301418297,-0.7582184803855645,-0.7147587418745722,-0.026698667137261066,0.4973111222707879,0.6414308900359071,0.5767648213971653,-0.4800361755444864
98,-1.2471658528677712,1.68309110034114,0.9695275770025421,-0.6156227636608154,-1.8023062604167432,0.3670756595396327,-1.4759813095559948,-0.9865426710467673,-0.3403883946555231,-0.6238284639230752,0.006069704120634417,-1.5912833827686432,-0.10761066632868721,-1.144208403852879,-1.02731913998748,0.5200495145092916,-1.3897686199650805,-0.9865426710467673,-0.9461476215424316,-1.347275407742301,0.006087956960768767,2.672360470394789,1.142556512193607,1.0860167804854841,-0.10135343550935581,0.3398112809144228,1.5530786413024726,1.6609777425471568,2.0916328229035446,-0.9891020549323039,0.2144225069675587,1.682051270965179,0.9943891230103903,0.835999995050149,-0.07823740256048407,0.3397484996617968,-1.4701739146742345,-1.4077368911461392,-0.5128457384287124,1.2340447043397516,-1.8709573066185239,-1.2459998106003556,-0.7953397548777184,-0.27977420659540575,-1.422760555701374,-1.0088268986776827,-0.47472676175251477,-1.3634923534513927,-1.6414080827230766,-1.2632623498929654,-0.7229799926466068,-0.8388572441564236,0.8538344792965449,-1.1019687935082088,0.5155914557110778,2.0305388542301017,1.1858186173801322,-0.9255974852584401,-0.82434062138996,1.9251648768930387,0.7082680824840921,-0.9127107156253098,-0.3485205705267276,1.7845978361267425,-1.1604263078302979,-1.2501748002242952,-1.2149974704461188,-1.266294719911369,-1.0196786466360668,-1.7375912028093057,-0.3476545243806463,-1.3075584679518342,-1.3823496342070511,-0.7412233358624815,-1.320922571297964,-1.1342882541943462,-1.2542543182744672,-1.2063831413174189,-0.8733791137328525,-1.141634460347192,-1.4459930536033088,-1.0123620128290534,2.5126252048643076,1.746343692090421,2.318719954352092,2.076414907301379,2.026517102085833,2.141416631969732,1.057017065762042,0.9895016935964073,0.3293830085895101,2.1370829662425557,1.4120658050651886,0.8500111441178776,1.1169612958076474,1.431265340836419,1.2652834066414127,2.117152930018102,1.0361029034932228,0.6328514224497149,-0.6672727832553393,-1.5512113916570394,-1.9806399633945744,-1.1870405329830005,-1.1032494549435043,-1.0708696065029921,-0.9726979196494161,-1.0582226211794314,-1.6168236955188442,1.7005355025907052,2.46520415879433,1.0370820020908922,1.7088007490635062,1.8972333473858982,0.11652112978624868,2.6850139338624235,1.9174121341422297,-0.013229350110989108,-1.4091092452601484,-1.0178805849631165,-1.6899014961398222,-0.4027117956223107,-1.6613590569429098,-0.35807003159356166,-1.4065955290058552,0.04183309415171989,-1.3693505790709515,-1.0677582197403765,-1.5422765150982947,-0.3061475811688486,2.7160432718992187,1.2589526923863126,1.1308050173133009,1.33692179732708,1.6453068117067633,1.3174574138773836,-0.46171191355763963,1.0638660867855436,1.9239481009985178,0.8185045136156543,-0.07077519759549465,0.5247121324097144,-1.7618763191553082,-1.2318452413079577,-0.9438748369034563,-1.4219471959189172,-0.8954892959794855,-1.4555774710706257,-1.9168154020977126,-1.2546309851186626,-0.8892507464793593,-0.4675913642304508,2.038719418762747,1.3094707972530177,1.343380556696444,1.0976589906611236,-0.2415651888924638
99,-1.1248946908219113,2.110995617377023,0.5170305320367529,-0.7042570269734838,0.14630790763440513,0.5267839920741415,-0.32275390381462904,0.2816340513338852,0.17759394503766396,-0.49130041392424284,-1.1269417317311274,-1.4447660045459467,0.5771844830356865,1.2466748280785098,-0.4402796314232057,-1.1346534862020912,-1.1575663281564992,0.2816340513338852,0.004794900750757238,-0.04445293090297606,-1.12693911328972,0.6967167913159619,0.09844481697751709,1.0860167804854841,0.4719589269678097,2.0032231455304785,1.723012998303134,1.3065007852962391,-0.35540279163542127,1.2717026420558193,1.7153800557404704,1.4200179444925656,1.9166667642762494,0.7469270872208272,1.071327987511371,2.0031479521543503,0.03722563990214201,-1.7393964492778375,-1.3222978622169848,1.3630459038324634,-0.6567829673958484,-1.2723105154999106,-1.082391999484268,1.6608234245921403,-1.2761921393671634,-1.3327621413723516,-0.8087053881110678,0.7951869783456429,-1.4145888226348913,-1.111926601215534,-0.9483998879825463,0.9488308427098918,0.9564558790116826,-0.9056394080524323,-1.5613493906162323,0.6508400574225907,2.472753550970973,-0.16109218769984632,-1.160806181140964,1.1370856875216195,2.2400216114319744,-0.7870946682693917,-1.3686838430595656,1.1320930078074458,-0.5720174592383324,-0.5413529508759409,-0.41399005636122366,-1.0508861405825822,0.6402633362598557,0.5108762867414685,-1.6811239329639476,-0.4274710375996381,-1.3823496342070511,-1.2401236580776132,-0.3833856385643014,-0.6523448381481901,-1.5841652246263414,-1.1443819178412589,-1.0976442832396045,-1.1332888896511157,-0.11555261264992879,-0.46752104444949993,1.145729925313189,0.12443235152487017,1.4357413045502463,-0.030965590995381286,0.687152350707265,0.6096774625199238,1.057017065762042,0.9895016935964073,0.8951943116880549,1.0723441218512468,2.7282389922098385,1.6244247678261392,1.582366531054976,0.4906595833909134,2.455294527862082,0.7140004497386874,2.18421035163398,1.6051500841038704,0.4724882292639474,-0.7134921998523156,-0.9170051537465483,-0.44292557200858224,-0.9301907169131507,-1.7893444223676194,-0.19430968869485726,-0.9014887296837574,-1.3233840954892788,0.5346219738315696,0.5349340565063253,1.436783255477609,0.07022468831767838,1.7932753557483148,2.7618656979064893,0.6897842844488921,1.5552228184903238,2.4700993355361964,-0.3208840958633749,-0.05952518040719987,-1.2080558556926224,1.1279574728063808,-1.4855538657320198,-0.17240408928578896,-1.4065955290058552,0.04183309415171989,-1.2141054016648598,-0.5146459563555492,-1.4427922903881591,0.2529000320355252,0.7676196050489242,0.7742559058175822,0.8918424476169052,-0.8363037658170851,1.933957129550055,2.1854293571377776,0.5482828973496973,-0.46112966901625946,1.620386346556896,2.686659767770526,1.4369270082380305,-1.000232805287353,0.018367595949493748,0.4200545075724457,-0.7499469279417835,-1.2415733444281454,-0.13259780650406192,-0.7549335514391203,-0.3535091201464906,-1.182864822696688,-1.4222159017975569,0.6134135627716553,1.1022335314589493,1.4021761042141831,0.7510534197639577,2.4907854544378023,0.10136666185151157
100,1.3205285500952872,-2.3820018114997485,-0.9065556768443812,-0.0953781746516758,0.5843684570412525,-2.3124752529837918,0.9877317845278321,0.5122116372212765,1.6020453791939284,0.9665081360629139,0.5725754220465153,0.8995120470171979,1.26197963240006,1.2466748280785098,0.7337993857053429,0.8509901146515682,0.6357103139395124,0.5122116372212765,1.646033856341547,0.04789817669716782,0.572586633412634,-1.786949548097421,-1.7287506496506404,0.9155657162837265,0.18530274572922695,-0.9909182107784219,-2.2704443912124064,-1.5293148727111014,0.4602757465442341,-0.42390088068527304,-0.911295654612125,-2.397153064716234,-1.4175692825171666,0.8189565630377302,-0.08089724782615475,-0.9909278761119771,-0.12226031979706507,1.372675737857931,1.4676137911065936,-1.6937216493644016,1.1162970200404394,1.3587599744555912,1.615899099817298,-1.0718548723862409,1.2154709383144193,1.7446226642270022,1.1951663700402508,-1.0551095917661018,0.8513357067278392,1.34346983123043,1.0189377543039955,-0.8860649502585798,-1.5064577141516229,-0.31665125168510255,0.9164046014935412,-1.5049393125891453,-1.8170295609984966,-2.454608080375628,-0.48787506163895594,-1.4241716779354934,-2.1680944647570306,-1.3728586559675622,0.1978843179938932,-1.6983880515196483,1.5462543956927435,1.0398650207473108,0.9591655106414539,0.7800867837121066,0.9959651897375532,0.6714811074236666,0.3190801799110043,0.15925391596849256,2.9055886698325466,-0.24232301364734973,0.31976706098594554,2.2393156581287474,0.8706842223890664,0.49209042511588014,1.5291903007252337,0.373474946062715,0.19448640735502368,1.095938855533017,-1.6474908633347491,-0.836700294736197,-2.2853830053289603,-1.777080861012697,-1.3510114013905554,-1.3446104433298318,-1.0876552415812315,-1.2448569693632223,-1.933862203804669,-1.5895029891270256,-2.009984481510901,-1.4732297270069072,-1.4903426193992144,-1.8492104679274672,-2.2376661961451707,-1.948829029583866,-1.9382978624644875,-1.4347570081961762,1.7177826688683533,0.28812857295768035,0.7848105416902932,1.2933426702650601,0.8869260324055623,1.0845548410908896,1.362898386803474,0.5674330600599096,0.9291560719603449,-0.242653712007854,-2.3047902285904516,-2.060602711656164,-0.2574905238314872,-2.365044309755024,-2.0879326769806186,-0.6711706204772034,-2.295528375927287,-2.026229522626065,1.0432291195776509,1.2738388607140754,0.912064962275057,-0.27515602325325306,0.9757188112204392,1.684255333791938,1.0066811138963474,-0.4086771505591091,0.7140066404143443,1.32928121400264,1.3965680907794578,-0.9169560701406199,-1.8196314935555653,-1.296721273157902,-0.1834891160168751,-1.5154367542996368,-2.299580865484891,-1.5034514017188967,-0.46171191355763963,-0.9694615876168605,-2.3854166381041204,-1.3326800625524928,-0.796823950604208,-1.9593845712086626,1.046952969121157,1.5313325204556263,0.10333587148957697,1.283660576442659,1.1388880092883107,0.3358166576994811,0.7343448224458341,-0.17076059256908035,1.38502529921074,1.108350651294357,-1.6483834347218984,-2.0254563621726884,-1.4744141284742132,-2.383847513515693,-0.07328030620582165
101,1.6262064552099371,-1.5261927774279826,-1.2675364655249544,1.8121853183818368,1.339645266363403,-1.5849150714376963,2.5210000398885115,-1.101831463990463,0.5660806998075543,-2.214165063909064,0.2893225630835749,2.1449097619101183,-0.7924058156930609,0.4497137507680469,-1.6143586485517543,0.5200495145092916,1.8665940140406414,-1.101831463990463,0.06899030100725312,-1.6695517609968165,0.28934472452339094,-1.5329382179301432,-1.5199283106074224,-1.3002981183391227,-0.9613219792251041,-0.6582358378552107,-1.1658710707081081,-1.174837915460184,-0.35540279163542127,-1.5543032291793346,-0.5360562674188971,-1.8866756932596338,-1.7585323653567817,-1.398221923872332,-1.2345997846205474,-0.6582235012666314,-0.16341798681621528,1.4777012645996357,1.6402969108480916,-2.467728846320672,1.6173848425767816,2.463809580236902,1.9316565688845024,-2.457996037520202,1.0689025219802086,1.9065902855743366,1.8631236227573573,-0.4383440683955203,1.2112003977114971,1.9366538973005536,1.558256427385074,-2.4055207194551005,-1.3354220479597267,-0.35591712877625786,0.8070919253710512,-1.8211202868575331,-1.3880512498015496,-1.307850134037737,1.1944527371160643,-1.4241716779354934,-1.7664965177188279,-1.665726283431986,0.16389965090900638,-1.68379432997662,1.6050952805519398,1.9667859006643893,1.4168840329756798,1.9648339700204347,0.8181142629987045,1.2603654499250598,1.9859169406401307,0.4526163927525579,1.4762759018193472,1.2543779529980454,0.7885355273527769,1.2754288260364348,0.8603788532373613,1.0696864972010396,0.9821936803998536,1.9591836098103974,0.05088765556192672,1.1711018504608708,-1.2314792565148436,-1.7377621506059475,-1.2131946448552908,-0.9341286616939928,-1.5839444016303061,-2.2425265081797194,0.3421262966476175,-1.524151802233176,-0.5193339460583071,-1.3233182780291983,-1.2202805692241112,-1.4732297270069072,-0.7630883047590744,-1.7513560558652252,-1.1602616807094563,-1.677267347797185,-1.905573727542984,-2.2158376116847136,1.8233160959534724,1.3808057796594941,-0.06609730602812756,1.7894193109146723,1.3195728774814464,0.8450632358026806,2.0859817277607053,1.3905268728046887,-0.05910979288764803,-0.5855694557605409,-1.9521447291339888,-2.1605280250028436,-0.5852057359806527,-0.9096324268288554,-2.0879326769806186,-0.8364263630460308,-1.6660047365517654,-2.3403955737530646,2.805847319304819,-1.2678863426733555,0.4302193218278571,0.6177343833301504,2.4700629365130036,-0.5437359739013343,0.5240257853159069,0.04183309415171989,2.1494132091325864,-0.7591248079487002,0.5184433491820901,0.26460654214828366,-1.4043936629153386,-2.001734780894237,-1.3783019644988532,-1.2437835589066162,-0.9525460488828628,-1.7204443875339952,-1.4717067244649766,-0.46112966901625946,-1.7404444939823764,-1.9279149065562604,-1.5512100771663022,-1.4406316581500611,2.0359773664016023,1.8917470111204415,0.8014763437515992,1.584283662260612,0.1216993566544126,1.3255995549637591,1.3135653710607826,0.3368764323997813,1.2751105274010088,-0.5999759590024893,-2.0268335691448693,-1.636240909826674,-1.7034788587020735,-1.6761213987111927,-1.1436012803747888
102,1.8096131982787271,-0.8843360018741582,-1.1556832633985796,0.771696140363557,1.430278483482061,-1.5849150714376963,0.8959977863438597,0.5122116372212765,1.2135586244240382,0.3038678860687517,-0.8436888727681869,1.778616316353377,0.2347869083534996,2.8405969826994357,1.3208388942696172,-0.472772285917538,1.1325366849059715,0.5122116372212765,1.9977530933995467,0.16683389139323082,-0.8436823457270978,-0.4463341944367882,-1.0500780477601819,-0.4480427973303346,-1.3913062510829783,0.3398112809144228,-0.8260023567067855,-0.8203609582092664,0.4602757465442341,-0.9891020549323039,0.2144225069675587,-0.866618526775866,-0.6264061268901571,-0.5589036199097384,-0.5771692377944967,0.3398372684426627,-0.05023440251355219,1.1515693657701322,1.7806019456380588,-1.4637629893991329,0.788662674535908,1.3324492695560362,1.615899099817298,-0.6758145394908234,1.508607770982841,2.2305255282690055,1.3621556832195276,0.48680421666035206,0.5860304660502866,1.3103759495160758,1.2941090825074912,-0.9718371176704195,-1.0446614154335032,1.0183885694141779,2.4103445085009048,-1.5336830375226351,-1.2450584794025672,0.6034131098587475,3.213246095622089,-1.818211272621203,-1.7192555087946215,1.221968914199694,3.3671945468477142,-1.3299957641803402,0.7813228925231882,0.7672412325364053,1.7601729247263493,0.5108260595511229,0.7588306207524215,0.29673652583187093,1.9859169406401307,1.3327038231047539,0.3328256874087879,1.0049277918904795,0.7885355273527769,2.4802873661518254,0.6252742281967946,0.6338614182888698,1.533191037304913,0.47551021410791083,0.412093192392382,0.233279899414858,-0.6371769610578354,-1.1370542466927804,-1.5285441626416643,-0.15138733375519614,-0.41927940043155176,0.0286729499699965,-1.8025460106956561,-0.9655621364932685,-0.2364282945090347,0.27378998855776515,-1.7467498440819713,0.591873269548457,-1.3451485175880837,-1.5183447045882958,-1.318124338669127,-0.07232934976628956,-0.9288915408379811,0.9375256682845652,0.7257684542682333,1.1440590515407678,-1.0233686347113509,2.5335342718890907,1.7522197225573304,0.12658841993805334,0.968744682619178,1.2319111770847226,-0.33780824188791736,0.30601147799644507,-1.3767757563366028,-0.3618723847626172,-0.5852057359806527,-0.9096324268288554,-0.7652603929204982,-0.027773404801718575,-1.3171632310923373,-0.08242248896416603,0.9972477752369421,0.7321597190085573,-0.05162631861934274,0.4901786109610927,1.942647362880334,0.9415915645608471,-0.4412848718449741,1.393363828284207,1.3607317770633125,-0.40490681798052686,-0.560718538058563,0.6659443558710844,-0.3662990863147718,-1.384847961624944,-0.900376825106062,-0.15717077733453352,-0.663895731039571,-0.6354794584585027,-0.9667093190113081,-0.46112966901625946,-0.6752594322762886,-0.40260372859308935,-0.8361879390190391,-1.2690117322554024,0.6909041861001967,0.8405380800147303,0.21969261686658068,1.7646575137513838,1.3931851724467852,-0.23126877519003902,0.8432725559287813,0.4577069132036193,1.0806547400280548,1.1392754036343669,-0.27377999239278195,-1.1518361449995633,-1.5160653039586902,-0.4548423705491626,0.29555096748802556
103,-0.20786097547796178,-1.0982882603920996,-0.6116699621475749,-0.14547580174144442,0.2218355885666202,-0.7153919276387043,0.07039180268810928,1.2615887913552983,0.3070895299609607,-0.6238284639230752,-1.1269417317311274,0.020407777681018698,0.2347869083534996,-0.347247326542416,-0.4402796314232057,-1.1346534862020912,0.16147848359735248,1.2615887913552983,0.20529075005450645,0.1670350794816555,-1.1269690524077225,-0.6015633406501246,0.1506504017383216,1.0860167804854841,0.7586151082063924,-0.32555346493199955,-1.1658710707081081,-0.11140704370743117,-1.1710813298150766,0.1413002935617577,-0.1608168802256692,-0.7499688376308982,0.03597061887327454,1.3759330870191606,0.3373566272997849,-0.32553657803020003,0.3819211011875251,1.0797097948415977,-0.1782721939295599,-0.8299744875436361,1.443931365544971,0.25371036867428043,-0.2499404901252742,-1.230271005544408,0.6291972729775763,-0.3609564132883451,-0.14074813539396164,-1.3634923534513927,0.9370720296293689,0.13813561443688976,-0.23951649359402585,-0.9063657053470391,-0.052654551520505084,1.528844971599197,-0.2860348358538489,-0.9875522637863287,-1.1020657090035848,-0.5433448364791432,-0.48787506163895594,-0.43907269122121917,-0.08520456731975809,0.45498005469600666,-0.5860875621032261,-0.7145953942780202,-0.27781303494234966,0.8217659901785864,1.3596692176839016,-0.3508082577640247,-0.1897076551881056,-0.1850779362147235,-1.0143892286722969,1.0393413463206886,-0.5247619733991316,0.5060274696753478,-0.3833856385643014,-0.6523448381481901,-0.9684996835782476,0.7305239032885565,0.6746244491824313,0.4184535556597885,0.30738222855203357,-0.5582868520410105,0.3731369412190785,0.004290770742236785,-0.960915030626192,-0.030965590995381286,-1.001611901030929,-0.12978282617998368,0.3421262966476175,-1.2448569693632223,-1.0851452491568518,-1.3233182780291983,-1.2202805692241112,0.3337353949790365,-0.6357019666725793,-0.40437419500283184,-0.9820661826711192,-0.4337437158551545,-0.8220780479223714,0.36879101507268364,0.7468751396852572,-0.29463260394995366,0.2529931368662802,-0.6909638923333883,-0.49754387183726667,1.3240464463790989,0.4936213600129878,-0.30531119095995934,1.1268741479613775,-0.1283484640902917,-0.35595983685736937,-0.3618723847626172,-1.5683513724281495,-1.1175484101040223,0.11652112978624868,-0.528531826208436,-0.551881463864119,-0.31855853942494927,0.15425646232394866,0.6488244664384776,-0.4371028309771026,-0.020044478515137784,0.008790259560544621,-0.729401916209107,-0.9239402004254146,0.9428535835733779,0.17422049095297465,-0.027758873178801474,-0.6100166292935727,0.6698674093627611,-0.5739180016348852,0.5980025288834985,-1.0198581099542599,0.2503090157549974,-1.144979594111724,-0.4184864726434043,-0.9667093190113081,0.047202249584341584,-0.6476270790546749,0.07461478399203636,-0.836443386792449,-0.6166961441199375,0.018367595949493748,0.08967455779636503,0.9178330891286028,-0.21945485264710554,-0.641192132821011,-0.5481570473455641,0.2416783555726728,0.16631856775784232,0.298753482937007,0.6760701132374407,0.08912119558214318,-0.972012812273948,-0.5597845528488834,-0.40898896021415504,-0.9014507192758588
104,0.40349483475133785,-0.8130185823681776,-1.903066023061175,0.4402810688466238,-0.3068581779588852,-1.5849150714376963,0.9615220707609828,-0.4100987063282889,1.861036549040522,-0.226244313926578,0.5725754220465153,0.4599599123491083,-0.45000824101087405,0.4497137507680469,-1.02731913998748,0.8509901146515682,0.19527115651709928,-0.4100987063282889,1.6812936771139122,-0.8278407925427053,0.5726014920860131,-1.6176086613192358,-1.1544892172817909,-0.9593959899356075,-0.3880096167479386,-1.9889653295480554,-0.48613364270546294,0.24306991354348642,-1.1710813298150766,-0.42390088068527304,-1.661774428998581,-1.0634692724037027,-0.9009427002054905,-0.7090441791819856,0.2360264057084339,-1.9890063579019603,-0.39492986379893524,0.9194076750779435,0.8848082619790376,-0.9309319480161932,1.0777518029222592,0.5168174176698306,0.8695632638402692,-0.5173984063326563,0.48262885664336563,0.9347845574903302,0.19323049096459152,-1.0551095917661018,0.06117790112396692,0.9358254557125064,0.20314699057334432,-0.9859801409925424,-1.4038363144364852,-0.7093100225966557,0.4062787795885878,-1.1600146133872675,-1.1020657090035848,-0.16109218769984632,0.5215216176140562,-0.24205289387836434,-1.3323131174756608,-1.1054494771469192,0.5465945606421199,-0.9174574795781987,1.6050952805519398,0.4946174443254998,0.38701735772367163,0.6185303492155164,0.16599419828959208,1.2603654499250598,0.9858148842026548,1.0393413463206886,0.3328256874087879,0.0071271474602161424,-0.8521541049311327,0.5525137019672005,1.2116947827360889,0.5823019689064004,-0.19345601617136884,-0.22045868001295332,-0.9175205927862194,0.37613396141756233,-2.5389443065202615,-1.5575497794319972,-1.6546839697562137,-0.271809076515011,-1.816877401870057,-1.0805174830798647,-0.372764472466807,-0.9655621364932685,0.04647735704023769,-1.5895029891270256,-0.9570459317951813,0.591873269548457,-2.135856658007378,-1.031921346039925,-0.9777491249134719,-0.007494605434613069,-1.550655729729948,-0.7086811316456907,2.2876631751279968,-0.4949567585119528,-0.06609730602812756,1.0453043499402541,0.021632342253794203,0.36608002522626243,2.5223689571794097,-0.17735321941038623,-0.2501950109567245,-1.3628451415999645,-1.3767757563366028,-1.560976144922768,-0.5852057359806527,-0.28588447700335456,-1.2061511542738717,-1.359276797523806,-1.0068913876751904,-1.2618243677880652,0.675378364851981,0.31548345615815876,2.0684944993483367,1.0004017004373233,0.5362058331932145,0.013261853021983716,-0.4412848718449741,0.4923433388625489,-0.045668902011257034,-0.06708424077691234,-0.07934067537519386,1.4928821173128357,-1.5800712066477423,-1.6051646827925488,-0.900376825106062,-1.1079569612101057,-0.5676789584251404,-1.2864584159037982,0.043285491896028795,0.047202249584341584,-0.9859439274263705,-1.6643583135398574,-0.9739488713133386,-0.6857837251832041,0.29529442718801846,1.020745325347138,1.1505465798826102,0.3817913189888003,0.8845908461298362,-0.3436222216916226,-0.21507324774328715,0.24123195209152823,0.3713032050410886,1.013871987163873,-0.8984148347932327,-0.9924526848596706,-1.549792467914963,-1.3035386765146133,-0.06127214797548249
105,-0.26899655650089177,-0.9556534213801386,-1.3997266134924882,-0.9894281350229379,-0.3219637141453282,-0.7331372979203163,0.044182088921260056,-0.8712538781030715,0.17759394503766396,0.3038678860687517,0.006069704120634417,-0.3458856678757226,0.2347869083534996,0.4497137507680469,0.14675987714106856,-0.472772285917538,-0.42131104292921906,-0.8712538781030715,0.19096631108710502,0.009177197781361321,0.006087956960768767,-0.29110504822345173,-0.528022200152137,-0.10714066892681931,1.4752555613028493,-0.6582358378552107,-0.8260023567067855,-0.11140704370743117,-1.1710813298150766,0.1413002935617577,-0.911295654612125,-0.7743861423765468,-0.6897240630553704,-0.003278118665925646,0.8442974532015628,-0.6582409528755457,1.652664070403788,0.06814814253991797,-0.34016261868721437,-0.02792355156721104,0.9813887601268089,-0.009396680321269757,-0.5656979591924787,0.1954741928790953,0.18949202397494413,-0.1989887919410107,-0.8087053881110678,1.4119525017162244,0.6109803260266004,-0.2975511317689032,-0.5751764776491943,-0.19107995879511983,0.7854202128197864,-0.19885362041163662,-0.723285540343809,-0.09649679084814448,-0.1011163162107087,-0.16109218769984632,-0.15140950188795188,-1.2271518805926385,-0.08366019292054913,-0.7802820934595834,-0.37810549161036033,-0.16067935186630292,-0.8662218835343152,0.05841938318805106,-0.3567752410694454,0.08000890089354915,-0.13042401294182265,0.6714811074236666,-0.014287172234821033,0.4526163927525579,1.4762759018193472,-0.7412233358624815,-0.8521541049311327,-1.1342882541943462,-0.4091332283371853,-0.5393436293851327,0.6760212209607394,-1.2850129804652026,-0.4880894433201334,0.05252461428478932,0.01655556394487358,0.30464472269882026,-0.14100628438162094,-0.7534960475542705,-0.2445796502517386,-0.49951297052993743,0.3421262966476175,-0.12767763788340744,0.3293830085895101,-1.5895029891270256,-1.7467498440819713,-0.6988161032986456,0.030805828275538166,0.10629151285195623,0.2990057603458261,-1.4984082600923523,-0.9686943666248442,-1.2680372749547772,0.767981825102281,-0.658858339517225,-0.8106416727817457,0.7972660296154481,-0.41101450282208984,-0.5918863959265739,0.46721590977665556,-0.31350426145814925,-0.7049712314752802,0.3288725275799575,-0.5230024418630621,-0.8614989514960133,0.3979399004668439,-1.0135904184664388,-0.9857057735971849,-0.04602680038500848,-0.6186813136551043,-0.9256809590695027,0.3075276101263111,-0.4762014432575984,-0.9189484714243025,-0.9129348850985411,-0.1670149316503453,0.013261853021983716,-0.9239402004254146,-0.4086771505591091,-0.1589283484070164,-0.24379824227240154,-0.7958154755197276,-1.0715696749886239,-0.3183870289332072,-0.10701097885283667,-0.1834891160168751,0.1144824180584871,-0.3752454131962792,-0.8524724442736012,-1.4717067244649766,-1.4777935062174616,-0.5946820875601477,-0.49741396111224523,-1.280625252729445,-0.6626327590234901,-0.3772421629626844,-0.030463605758573407,0.452406107620588,-0.27957946981069615,-1.14978645913796,-0.05604833016074639,-0.8644667016634513,-0.044668358500128964,-0.39830266751504756,-0.20127299998332857,-0.4646807015381939,0.22215980503872793,-0.8335541153743746,-1.103502285551791,-1.2036596815757186
106,-0.26899655650089177,-0.7417011628621971,-1.445484741635096,-0.6695740543728745,0.010358081956418028,-0.8573548898916009,0.14902094398865695,0.22398965486203734,2.508514473657006,2.2917886360512383,0.006069704120634417,-0.4924030460984192,0.9195820577178733,0.4497137507680469,-1.02731913998748,0.18910891436701507,-0.14261543108437472,0.22398965486203734,2.5783791291561404,1.6441296496940145,0.006087956960768767,-0.4745576755664857,-0.6846389544345505,0.9155657162837265,0.3286308363485183,-0.6582358378552107,-1.1658710707081081,-0.11140704370743117,3.7229898992628554,0.1413002935617577,-0.5360562674188971,-0.7356010168746027,-0.8091351873102814,0.8170187242224889,-0.8313979616289401,-0.658258664956235,0.8192213132659961,0.4827225902045408,-0.11891237151841995,-0.5495370973420889,1.3668409313086105,0.43788530297116557,-0.04900391890068949,-0.5570024396221981,0.3360604403091549,-0.1989887919410107,-0.14074813539396164,-1.0551095917661018,0.9839815583166508,-0.04429423205523012,-0.18153318438641367,-1.2400468571358096,0.2381060810057185,-0.27738537459394724,-0.1767221597313589,-0.5563963897839814,-0.9590729386046026,0.6034131098587475,0.5215216176140562,-0.8331122859069289,-0.8453594334854152,-0.3900746227145694,-0.04554865618518284,-0.5447948380906142,0.19291404393122275,0.4946174443254998,0.21537291184833693,0.7800867837121066,0.8773979052449874,0.35027146605927034,0.6524475320568296,-0.7208335143837035,0.04696313380614806,0.0071271474602161424,-0.617769871747717,-0.41137313012511195,0.40122538750004927,-0.3951310119213894,-0.3188746025802207,0.9780186465877733,-0.27604727097281045,-0.033497643710454265,0.0759857934905744,-1.4374081986493639,0.11127332984747783,-0.6330743047944556,0.2795196002877009,-0.7636059307799044,-0.7302098570240193,-0.6862673036233148,-0.5193339460583071,0.007605277459937894,-0.43057665693732133,-0.6988161032986456,-0.8571360711671635,-1.1591427568824657,-1.1001555895059647,-0.638711514525942,0.05363693788355262,-0.628075781289706,1.1056887917746623,0.05138184483895404,-0.17246078699293016,-1.1870405329830005,0.2812204492993246,-0.3523947906383648,0.8159034902373988,0.13350299609618188,-0.08280787905476285,0.42031672591400737,-0.8014067835392167,-1.560976144922768,0.7256551126160095,-0.9096324268288554,-0.7652603929204982,-0.20593049290802418,-0.7420316281500479,-1.0257690456494708,0.21556492144489364,1.6905151235644738,-0.7262102152454225,0.6177343833301504,-0.7823331008884601,0.3845937376375291,0.041370456735466396,0.9428535835733779,-0.007045474377678506,0.5152497655655349,-1.1308968468504237,0.17924170828141422,-0.41421114369633644,-0.32732770002044137,-1.617264534195249,0.7936154065410387,-1.2411963667261545,0.6664784564320881,0.043285491896028795,-0.46112966901625946,-0.8629884927497757,-1.0411201873095637,-0.3861926261959235,0.30574467684458595,0.3348554030792363,0.930641702680934,0.6075484347899263,-0.27957946981069615,0.3759965198128871,0.17778959046534734,0.006623849585743357,-0.17171141705446427,0.08283183489525975,-0.11342309816083478,-0.7032116285344259,-0.8122363026611839,-0.7522191887001414,-0.713690343376594,-0.7575810794398463
107,-0.08558981343210187,-0.0998443873083726,-1.4912428697777038,-0.35357363734510067,-0.004747454230024983,-1.1590261846790064,-0.1392859074466845,1.6074551701863855,0.9545674545774446,-1.1539406639184049,1.1390811399723964,-0.27262697876437436,-0.10761066632868721,0.4497137507680469,-1.02731913998748,1.1819307147938447,-0.09770809211159878,1.6074551701863855,1.1358231049948206,-1.6362819761884673,1.1390551489752523,-0.9261333736416462,-1.9375729886938584,3.1314295509065757,2.048567923780015,0.3398112809144228,-0.40116646420513224,-0.46588400095834875,2.0916328229035446,1.83690381630285,-0.5360562674188971,-0.8669113098682195,-1.538168298850595,2.476672260725935,2.179302892575138,0.3398372684426627,-1.1512019952758206,-0.31878800861373,0.2264538679645762,0.31981881228270753,-0.40623905612767736,-0.16726090971859986,0.2093431012452051,0.4330983926163458,-0.39678164136189886,0.7728169361429957,0.026241177785314946,-1.3634923534513927,-0.5918646494098225,0.27414128628023904,0.08186185405353426,0.12099798433507854,-1.0446614154335032,-1.023437039325898,0.1876534273436078,0.07596555875279438,-0.673087397806638,-1.307850134037737,0.18505605786305218,0.5460262954930549,-0.5821096415774699,-2.1281232359490434,0.04297223160457594,0.022610828553691144,-0.04244949550556344,-0.10515488973849223,-0.12791597990233247,-0.29695611293182794,1.410950685461534,0.35027146605927034,0.6524475320568296,-1.6009209447358994,-0.5247619733991316,-2.2379243025078766,1.4916882269030238,1.516400534059513,0.6823520737899256,-1.2084020983675037,-0.019876686089215737,-1.8309134945944578,1.4481384189357573,1.1792477637591465,-0.45888627242073293,-0.3561339716056634,-0.8978451270689173,-0.7534960475542705,-0.8269121508511158,-0.7636059307799044,1.4144624503192542,-0.12767763788340744,0.3293830085895101,-1.057133566931371,-0.43057665693732133,-0.18254035415980455,0.41134971824963085,-0.2570490461842148,0.1659251485504571,-1.1141993921703923,-0.43299399408228373,-1.3108705683111261,0.514701600097995,-0.09430844938795446,0.2529931368662802,-0.44292557200858224,0.36774981831450143,-0.5918863959265739,0.06484723839218862,0.22898842432507513,0.30448825278459557,-0.014043216172729397,-1.0241302568801403,-1.3611255182294095,2.364231173361837,-0.8056744351912719,-0.3243696315671248,1.1159013662667456,-0.8945414017600953,-0.4566112620295367,0.031639544082058706,1.2738388607140754,-0.7262102152454225,-0.6578233403604259,0.09669285516598959,0.3845937376375291,-1.4065955290058552,-0.859187395269938,0.15720208795512533,0.6772312273777095,-1.282839656340151,-0.22615053322230844,-0.8773610317181278,-0.1510743230863576,-0.900376825106062,-0.4288239727275542,-0.47146218581070976,0.6664784564320881,-0.46171191355763963,0.5555341681849426,-0.9613829217177353,0.28437587522912455,0.018438825367410053,-0.4298879688653352,-0.9310958254397339,1.080814407124607,0.37483494403591894,-0.09920561831992437,-0.13259780650406192,-0.8023203775803356,0.5765422808416879,0.8062652472647033,0.29264589262467355,-0.9121109086335779,-0.5518783585029964,-1.0769190622225373,-0.8721787881943596,-0.12256493438520226,0.4025485082339923
108,-0.6358100426384715,-0.5990663238502362,-0.7591128194959776,-0.6040617727939451,-1.0017128425352637,0.420311770384469,-0.729004467200792,-1.101831463990463,0.17759394503766396,0.3038678860687517,0.2893225630835749,-0.712179113432464,-0.45000824101087405,1.2466748280785098,-0.4402796314232057,-0.14183168577526145,-1.0147729895783886,-1.101831463990463,-0.2158243446973966,-0.3629123611652409,0.28931500717663283,1.2047394516505174,0.5682950798247576,0.5746635878802112,0.18530274572922695,-0.9909182107784219,-0.23123210720447096,-0.46588400095834875,-1.1710813298150766,0.1413002935617577,-1.286535041805353,0.1836908777954654,-0.4217600161249255,0.9899216292331672,0.27876556318308077,-0.9909104245030628,0.844944855152965,-0.501200765586164,-0.5290347809044779,0.577821211268131,-0.059332102064055786,-0.9039606469061403,-0.6518136325744436,0.15587015958955353,-0.39678164136189886,-0.6848916559830139,-0.3077374485732382,0.1784214549750613,-0.32543094024542496,-0.8808260915367905,-0.6604645983716902,-0.590179382982263,1.1788022450611477,0.3116027817733824,-0.6139728642213189,1.1107396563584275,0.041876454188273626,-0.5433448364791432,-1.160806181140964,-0.43907269122121917,-0.20624145016056541,0.4293121890042417,-0.5876872571995585,0.644697839365211,-0.5131765743791359,-0.05063013209631113,-1.2722122857378972,-0.5123646922606149,-0.6046931509120862,-0.9881020396257142,0.6524475320568296,-1.0141959911677687,-0.8106245270017715,-0.4917731747549156,-0.3833856385643014,-0.6523448381481901,-0.9751310785479375,-0.039736740285360596,-1.2561119354402668,-0.9827519955864479,-0.5948209308256406,-0.572415004816584,0.7297183184932834,1.3258481593512041,1.4357413045502463,0.5109322514237856,0.8036188508271405,0.9794076068698776,0.3421262966476175,-0.4069724707533611,0.04647735704023769,-0.5247641447357165,-0.6938112943662513,-0.9569539778680661,-0.31156687256365423,-0.11890081846025753,1.1963752361044886,0.07895789463241583,-0.44513814306833976,-0.4127314896663375,-0.26624576033188657,-1.023084075084496,-0.06609730602812756,1.0453043499402541,-1.3628375619890347,0.36608002522626243,-0.5859456068417385,-1.0376715490153767,-0.12974548467336774,1.83770180009178,0.47925318817109436,-0.8614989514960133,-0.2574905238314872,-0.9096324268288554,0.11652112978624868,1.2409666637063708,-0.13682769759538307,-0.32322632857723316,-0.5814450471273911,-0.6012043221127179,-0.6298410871559825,-1.4231579745747718,-0.6944305052830151,-0.17240408928578896,0.041370456735466396,-0.859187395269938,-0.9607986847952765,-0.2510177735086083,-0.2924142946057679,-1.167235902399002,1.1988281214830059,0.5539391846499775,1.011323732465103,0.2503090157549974,-0.182811867967418,-1.2864584159037982,0.043285491896028795,-0.46112966901625946,0.10308822199047647,-0.6309342832458726,0.5141278857701079,0.1739034612607695,-1.0102177772221694,-0.18063631020224646,-0.8663036733187872,-0.6403271727922396,-1.4040836222964346,-0.8650504144596315,-0.5405122712137909,-0.8069541358947804,-0.7399930312274282,-1.2268193865001897,-0.4805006905948522,0.15673717238785637,0.15324742421472426,-0.2142808011504495,1.8055458953921781
109,-0.5135388805926117,-0.38511406533229464,-1.3132945936675622,-1.143574679914535,-0.45791353982331534,0.15413121616028774,-0.23101990563065677,-0.5830318957438324,0.3070895299609607,0.3038678860687517,-0.8436888727681869,-0.1993682896530261,-1.1348033903752477,-0.347247326542416,-0.4402796314232057,-0.472772285917538,-0.4913689376377871,-0.5830318957438324,0.3979485488122792,0.7997386547712272,-0.8436823457270978,0.13224716872201123,-0.05817193730489642,1.5973699730907571,1.0452712894449752,-1.6562829566248443,-0.3161992857048016,-0.11140704370743117,1.2759542847238894,0.7065014678087884,-1.661774428998581,0.04132031546381357,-0.014399565245812204,1.7516419499896703,0.42549579559895906,-1.6562842709759256,0.7677742294920583,0.012871549517968255,-0.7340959855975069,0.07864265670937691,0.114121374967755,0.2010889588751704,-0.36476138796789404,-0.715418572780365,-0.2502132250276881,-0.8468592773303484,-0.14074813539396164,-0.1299613067102295,-0.7562376899993913,-0.14633489855831608,-0.548195318316202,-0.0764961460614121,0.8538344792965449,0.5864639214114695,-0.832598216466299,-0.12524051578163428,0.4708547653852206,-0.16109218769984632,-1.497271740891968,-0.04503309653550951,0.5192595522685541,0.4281042300080242,-1.1044336029406878,-0.06858351671064941,-0.5720174592383324,-0.3232539203072166,0.7303062494743411,-0.40466040259622144,-0.3675585819269544,-0.5062875775791198,0.3190801799110043,-1.0141959911677687,-1.3823496342070511,-0.7412233358624815,0.7885355273527769,-0.41137313012511195,-0.8761059166993469,-0.6509447798878978,-0.614051531550241,-0.2150987194829307,0.2371957981730728,-0.822658781769026,0.31370671167337766,-0.3561339716056634,-0.26714609149617036,0.7517757369434154,-0.593979150611365,1.1906819750698512,-0.372764472466807,-1.2448569693632223,0.3293830085895101,0.8061594107534196,-1.7467498440819713,0.591873269548457,-0.59608233604517,-1.2449397019377098,0.4540365509464921,0.6769029447580533,-1.3962596348080918,1.151446860788363,0.13478126259156614,-0.4949567585119528,-0.49155122988733796,-0.44292557200858224,-0.49754387183726667,-0.11290318535015574,-0.03959548167302878,-0.8509344644369747,0.20444064501114492,0.648927221749132,-0.2817186790770615,0.537455435357496,-0.5852057359806527,-0.8056744351912719,0.5574118911396221,0.535803109129965,-0.4755421564950208,-0.012781541919583313,-0.1063044889400675,-0.3511985644024788,-0.24436457479822268,-1.0404906574675987,0.09669285516598959,-1.1007338008246523,-1.4065955290058552,-0.4086771505591091,-0.28473894188670673,-0.637103232114414,-1.2227876804262543,-0.49073913988539397,0.0968508017070195,0.4658124961829356,-0.42245168571327074,0.929442004237549,-0.182811867967418,-0.4184864726434043,0.043285491896028795,-0.9694615876168605,0.078990457884588,-0.666022409227553,0.2669813685855742,-0.4363652016284951,-0.2981202111802488,0.05964001690763042,-0.2845199464337687,-0.5200779384650585,-1.14978645913796,-0.812353115748039,-0.24473472025191417,-0.40093321250985803,-0.39105433486881797,-1.4613437102007751,-0.46198534275767134,-0.03973730913184671,0.07915920280134824,-0.31964752578880606,1.5705563259121402
110,-0.8192167857072614,-0.3137966458263141,-1.0489142977324943,-0.8545499082427904,-0.35217478651821427,-0.7686280384835406,0.08349665957153389,-1.6782754287089412,0.5660806998075543,1.0990361860617464,-1.4101945906940678,-0.6389204243211157,-1.1348033903752477,0.4497137507680469,1.3208388942696172,-1.4655940863443675,-0.79591582002616,-1.6782754287089412,0.31550468627194356,0.7946356680692063,-1.410195880852342,0.6967167913159619,-0.11037752206570092,0.06331039527493833,-0.8179938886058127,-1.6562829566248443,-0.061297750203809676,-0.11140704370743117,1.2759542847238894,-0.9891020549323039,-1.286535041805353,0.06674418352874886,-0.4323621383374795,0.9650330729397966,-1.2659072571042382,-1.6562842709759256,0.5208282273771571,-0.18612418536105071,-0.9013827578470831,0.9984772965704518,0.44175572047228645,-0.43036795871415,-0.9388658771809931,1.027158891959472,-0.2502132250276881,-0.8468592773303484,-0.8087053881110678,0.1784214549750613,-0.9795869551263716,-0.6743638035257001,-0.8821528912745725,0.49128180201972954,0.9393523123924931,0.8613250610495568,-1.051223568711279,-0.01026561604767505,0.32786199498623825,0.2211604610794506,-0.82434062138996,-0.43907269122121917,0.34051351310309336,-0.1351445005668623,-1.0158268493667622,-0.24392618360703103,0.19291404393122275,0.16746889847241325,0.043728465973002235,-0.1892518232674345,-0.6046931509120862,-0.4527526373517204,-1.0143892286722969,-0.13410856081557276,-0.23889941979649176,0.7554776307829137,-1.5553068044813798,-1.3752599622174244,-1.2735574055180687,-0.39644717194111245,-0.49309925871535926,-0.5928741906434158,-0.7083969255828136,-1.718579581679463,0.9080090071303858,-0.23599239082303,1.2465315938784223,0.02924528038452615,-0.18634640019180088,0.45122168636994364,-0.015319087909594756,-0.9655621364932685,1.1780999632373272,1.0723441218512468,-0.6938112943662513,-1.7313676015763277,0.47512885326642473,-0.9141920629670494,0.4770736799489839,-0.4706677271886038,-0.8870381353341743,-0.39282798674159725,1.1479021626087098,-0.9502389279710419,-1.767913001464969,0.0531510686410299,-0.49754387183726667,-1.7893444223676194,0.46568505957255385,-0.9013239694431505,-1.6815715834861196,1.3118976596709933,-0.2631583896319845,-0.5617230114559756,0.3979399004668439,-0.28588447700335456,-0.5448150122438115,1.2112343333650772,-0.534288724099108,-0.3793580322074253,0.3075276101263111,-0.8928777061079969,-0.05162631861934274,-1.678269519312887,-0.34282012286123525,-0.9150678585168797,-1.4065955290058552,-0.859187395269938,-0.4789759207924929,-1.4885607184091965,-1.0615706842560328,-1.5327975354151597,0.9432971487813278,-0.5476444211880461,-1.2588206796506554,0.1144824180584871,0.10583844987587379,-0.8524724442736012,-0.46171191355763963,-0.46112966901625946,0.3439148507391824,-1.5395502666984358,-0.6292407855254634,-0.935021393894936,-0.21899825939781317,-0.00042906486983879756,0.2972637804512498,-0.8207010242830114,-0.8954892959794855,-0.6264133487531357,-0.8723556341796858,-0.3164126171594157,-1.4470551111118066,-0.520101566993642,-0.12785081545033214,0.005509022014615638,-0.9090245252487735,-0.5009757889792424,-0.11491254826096312
111,-0.08558981343210187,0.1141078712095689,0.20689210795907764,-0.38825660994570993,-0.2917526417724422,-0.875100260173213,0.00486751827098622,-0.2948099133845932,-1.2468574891186004,-1.6840528639137347,1.1390811399723964,-0.27262697876437436,0.5771844830356865,-1.144208403852879,-1.02731913998748,1.1819307147938447,-0.1504674286830502,-0.2948099133845932,-0.7442897850812815,-2.0166778575692255,1.1391150272112573,-0.5733398595204271,-1.572133895368227,1.7678210372925147,1.6185836519221408,0.007128907991211643,-0.5711008212057935,-0.11140704370743117,2.0916328229035446,2.402104990549881,0.5896618941607866,-1.0819027335453,-0.665854235065448,1.2714996169376318,1.8041426561762723,0.007150345206231327,0.5928541446606699,-0.7278347969761578,-0.1404977614861072,1.082608513630916,-0.25205818765495663,-0.11463949991948982,-0.33605616350723905,1.383595191565348,-0.39678164136189886,0.12494645075365811,-0.6417160749317913,1.4119525017162244,0.2391670366011932,-0.2478607381865553,-0.6485643452651193,1.1779207597168357,-0.34341518404672866,-0.7093100225966557,0.11477830992861446,0.24842790835373324,1.0428258469811498,-0.16109218769984632,0.18505605786305218,-0.43907269122121917,-0.2459047063139598,-0.838947395651327,-0.00388685043007736,-0.4814772151873284,0.3694366985088124,-0.3777786779493977,-0.757278948111893,0.08000890089354915,-0.13042401294182265,-0.4527526373517204,-0.3476545243806463,-0.4274710375996381,0.3328256874087879,-0.24232301364734973,0.5541512941693613,-0.41137313012511195,-0.18991679717335935,0.2778281500893601,-0.09239059976413799,-0.28267820486101275,-0.20407593552650014,-0.07548647082463061,-0.5777467315121345,-0.6564879235622468,-0.7717053199543679,-0.5126525620346407,0.5124526005274518,-0.8692431148798911,-0.015319087909594756,-0.4069724707533611,0.3293830085895101,-1.057133566931371,1.4120658050651886,0.07559752040961597,-0.3744999388151256,-0.7685219762023544,-0.89943671095455,-0.8911054300682703,0.5510448333821482,-1.154457395502972,-0.16071233324676745,-0.1671535965014087,-0.8106416727817457,-0.6909638923333883,0.19469108028414783,-0.5918863959265739,-0.30253066508061555,-0.04466475427757296,-0.5087221835611936,0.19170623007888274,-0.8942082307646015,-1.0613495781893718,1.0533703247651751,0.12994748954697935,-0.9857057735971849,0.4026657187022012,-0.7394046595123579,-1.271296448252495,-0.18294006284124872,-0.9762129586780766,0.044742809470097226,1.5106247899135539,-0.34282012286123525,0.3845937376375291,0.041370456735466396,0.04183309415171989,-0.3527511625673201,0.013250617302467557,0.23184768069402595,0.6251323488965767,-0.41421114369633644,-0.37139104425396235,-0.6614142554096664,-1.2437835589066162,-0.663895731039571,1.7514433855075806,-0.46171191355763963,0.5555341681849426,-1.0248234752296244,0.3455790150904286,-0.10531370511722898,-1.4370943969023753,0.45353833075288974,-0.48098171908959253,-0.6723757643571143,-0.09920561831992437,0.1216993566544126,0.1797569651884351,-0.46185732209406327,-0.7256563000117492,0.17082817127836702,-0.3130349992997097,-1.5890568132863283,-0.6585239951783254,-1.2355061363230393,0.22977790745900195,-1.2439661097080073
112,-0.7580812046843315,-0.4564314848382751,-1.1607674998588693,-0.9046475353325597,-0.8355519444843906,-0.14754007862711763,-0.36206847446490287,-0.6983206886875281,-0.7288751494254134,0.701452036065249,0.2893225630835749,-0.8586964916551605,0.2347869083534996,-0.347247326542416,0.14675987714106856,-0.472772285917538,-0.18734690827509656,-0.6983206886875281,-0.8310672279944423,-1.007018666099407,0.2893298658500119,-0.37577549161254437,-0.632433369673746,0.4042125236784536,1.0452712894449752,0.672493653837634,-0.40116646420513224,-0.46588400095834875,-0.35540279163542127,0.1413002935617577,-0.1608168802256692,-0.48806460730808426,0.06370981847013084,0.5924489560046318,1.0459343663714138,0.672524191679094,1.6938217374229383,-0.4790901283773842,-0.5290347809044779,-0.4654058802816247,0.6730270231813675,-0.43036795871415,-0.5369927347318237,-1.4282911719921167,-0.5433500576961096,-0.6848916559830139,-0.6417160749317913,-0.7467268300808111,0.5952545156739772,-0.42289150740101933,-0.44400092037289174,-0.7773661844494792,0.22100251438652888,-0.630778268414345,-0.46822262939133225,-0.26895914044908337,-0.24410908660969102,-0.16109218769984632,-1.160806181140964,0.5460262954930549,0.4682370331574408,-0.3828728049484637,-0.9361444590173699,-0.04396422377054055,-0.16013126522395654,0.4946174443254998,-0.013486349318775997,-0.5662168370928116,-0.6046931509120862,-1.3093116809901106,-1.0143892286722969,-0.13410856081557276,0.04696313380614806,-0.9906734969700474,-1.0865383381145484,-0.17040142210203385,0.4608766298514588,0.6350847739798762,-0.5178107091634758,-0.9717927291949673,-0.4679427984594232,-0.6385891274079332,0.01655556394487358,-0.6564879235622468,-0.5824956092825438,-0.09117646237528872,0.04658660004795001,-0.34105719437995724,-0.372764472466807,-0.12767763788340744,-0.8022395976075795,-0.7909488558335438,-0.9570459317951813,1.108149018687298,0.5583501602909412,-0.5892474684207759,-0.7601850746559021,-0.5107034115455342,-0.002911439775173028,0.502245276522374,0.07146120634049467,-0.5860131924037706,-1.2360955966409561,-0.44292557200858224,-0.6706026098676203,-1.0708696065029921,-0.42638144315917786,-0.21952846711036772,-0.8209470490141686,0.12312308132834536,-0.59724359964337,0.03782886862409977,-0.5852057359806527,-0.4938004602785215,0.11652112978624868,-0.10620390016583317,-0.07236962589952708,-0.10123638912282941,-0.39751966976455616,-0.4762014432575984,0.3338501937384171,-0.6578233403604259,-1.13394348331024,-0.17240408928578896,1.0066811138963474,-0.4086771505591091,-0.400799830845188,-0.609612928165584,1.3310979436485153,-0.34969954386274843,-0.2864456573454975,-0.01888429038579478,-1.1393393948024575,0.1144824180584871,-0.3752454131962792,-0.4184864726434043,-0.9667093190113081,0.5555341681849426,-0.5635399747626524,0.8325470640367287,-0.5883419567076291,0.47505441969996604,-0.5354860665275557,0.20981272135130347,-0.517233437187776,-0.7605764071194208,-1.658380785454909,0.5522474635096255,-0.3169426528738518,-1.129648266066139,-0.327243314389001,-1.3320362329013038,-0.12876717570982618,0.8671755971656361,-1.2663101124269407,-0.2860895726346721,-0.3927561456837169
113,-1.2471658528677712,-0.5990663238502362,-0.01681429629367261,-0.6849887088620339,-0.8204464082979476,-0.7153919276387043,-1.1090453168201058,-1.1594758604623108,-0.08139722480892957,-0.226244313926578,-1.1269417317311274,-1.1517312481005535,-0.7924058156930609,0.4497137507680469,0.14675987714106856,-1.1346534862020912,-1.4536376614320903,-1.1594758604623108,-0.020081121946002704,0.8863042564906645,-1.12693911328972,-0.17821112370466163,-0.9456668782385729,0.4042125236784536,-0.10135343550935581,0.672493653837634,-0.3161992857048016,-1.174837915460184,-1.1710813298150766,-1.5543032291793346,0.9649012813540145,-0.13384773022445937,-0.07262818506141017,0.4105506282837925,-1.4373555362776123,0.6725067400701796,2.234016117049285,-1.1368815853385856,0.07535613819076539,-0.639277062206584,0.2875748519995658,-1.2459998106003556,-0.4221718368892039,-1.4282911719921167,-0.9830553066987419,-0.5229240346356795,-0.6417160749317913,-1.3634923534513927,-0.5996005031360689,-1.0391093773884907,-0.5044384012948445,-1.2346000188035038,0.6827988131046486,-1.1805005476905193,-0.24959727714635224,-0.326446590316063,-0.1011163162107087,-1.307850134037737,-0.15140950188795188,-0.43907269122121917,0.8560376395236108,-0.7168766053976118,-0.41708380096772263,-0.424000268354962,-0.4543356895199393,-1.141125284939933,-1.729930808072123,-1.7509640234011397,-0.6046931509120862,-0.5062875775791198,0.3190801799110043,-0.7208335143837035,-1.3823496342070511,-1.489573819185179,-1.5553068044813798,-0.41137313012511195,-0.9790939167632734,-0.8623716334255432,-1.3440061188608792,-1.432897031638781,-1.256152347236324,-0.7654978348082481,-0.6371769610578354,0.4848570938727704,0.3004830405193019,-0.3922308192748259,-0.8269121508511158,-0.44669437847994403,-2.1599913952528684,-0.6862673036233148,-0.5193339460583071,-0.5247641447357165,-0.1673420195083913,1.108149018687298,-1.3733509386420462,0.2247544650968168,0.6422692780069729,-0.41082702655357894,-0.2565453329051126,0.37986571676021663,-0.22403238949783894,-1.4965775313219487,-1.767913001464969,-0.44292557200858224,-0.9301907169131507,-1.5498528170794104,-0.5736956081227366,-1.000673671442716,-1.6450893907757138,-0.17407056325731662,-0.3373995474122924,0.03782886862409977,-1.896066584577315,-0.07796849372818761,-0.10392425089043805,-0.48537944189437493,-0.026352322566392965,0.18825500436946765,-0.9799500314135334,-1.1012158375331962,-0.8225793433348625,-1.5507137469438295,-1.046040887704795,-0.9150678585168797,-1.4065955290058552,-0.4086771505591091,-1.369442332491009,-0.6544633247250314,-1.1274091214271502,-1.069317844701002,-0.07882674202538412,-0.635771109655088,-0.42245168571327074,-0.5646505704240645,-0.0865950953529874,-1.0694654300886997,0.043285491896028795,-1.4777935062174616,0.027314023105249323,-0.08480489899678802,-0.4226191512463541,-0.6804722721189077,-1.326705584351912,-1.1717761595304885,-0.5560190189801106,-1.2415733444281454,-0.8954892959794855,-1.3076420095447172,-0.6095920724666382,-0.4593436682308811,-1.6418248921601912,-1.035559142457551,0.09936865530426325,-0.15408116409479858,-0.21124321186039172,-0.012172592471347615,-1.2216079646632763
114,-0.3301321375238217,0.542012388245452,-0.5303221787829386,-0.6734277179951644,-0.7751297997386185,0.5800201029189778,-0.6241656121333952,-1.0441870675186151,1.343054209347335,-0.226244313926578,-1.1269417317311274,0.09366646679236697,-1.4772009650574345,1.2466748280785098,-1.02731913998748,-0.8037128860598145,-0.38599922032388406,-1.0441870675186151,1.8607663779635264,-0.30617782937156773,-1.12693911328972,1.0918455271317273,1.351378851236825,0.7451146520819688,-0.8179938886058127,1.0051760267608452,0.5334724992985048,0.9520238280453216,-1.1710813298150766,-0.42390088068527304,0.2144225069675587,0.8943095268605746,1.534437746961318,0.37864327239869744,-0.7230973791055607,1.0052111149155254,-0.538981698365961,-1.7725624050910074,0.09154518066653083,0.7348661497809974,-0.5796925331594881,-1.2723105154999106,-0.3073509390465841,-0.3193782398849475,-1.1296237230329527,-0.3609564132883451,0.19323049096459152,-0.7467268300808111,-0.6352360791585933,-1.1743017528167439,-0.10714538445904924,-0.7630119359943588,0.6999023797238383,-1.9658180895136255,0.9164046014935412,0.9382773067574888,0.18486922458725594,-1.307850134037737,0.18505605786305218,1.3341054848644742,0.810704880387708,-1.7998153420028695,1.0088718997499107,1.2177403093463686,0.25175492879041933,-0.6504024661603032,-0.41399005636122366,-0.9431818509181887,-1.0196786466360668,-0.6133574580339186,-0.6810218765264716,-0.7208335143837035,0.3328256874087879,0.0071271474602161424,-0.617769871747717,0.07057028592104427,-0.32852508131137026,-1.033470988130125,-0.6391624753048343,-0.3600310979145767,-0.8232261063026518,-0.2809051728478266,1.3240206139502915,0.7251402554380372,0.8050422689774994,0.5109322514237856,1.6188843516662685,1.1378633830198577,1.4144624503192542,0.9895016935964073,0.3293830085895101,-0.2585794336378893,-0.43057665693732133,0.3337353949790365,1.8100234879698573,1.061424783930559,1.106002609537774,-0.5408851716400975,0.8915230701198847,0.8468009553214311,0.1769946334256138,-1.0048727883061326,-1.6615495205001665,0.30118938896583597,-0.15142639577655942,-1.5498528170794104,0.1994669006207687,-0.5325138752378703,-1.637737541055188,1.0604261142523563,1.0360618715234036,0.23767949531745824,-0.9129209481298183,0.3378634728221463,1.4391934138463691,1.2191178318821887,1.0579349833735998,0.7040544075406459,-0.6274263914680998,-0.5595366958276781,-0.7262102152454225,0.10751129385391985,0.18459545077143455,-1.286399743132425,0.041370456735466396,-0.4086771505591091,-0.7321252991634285,-1.3028176475907818,0.14195254932827023,1.1515213758474452,1.2627108646584253,1.2148893481527916,0.2944360233759162,-0.5646505704240645,0.49070554033359615,0.23249248480189116,1.0532803028033657,-0.46112966901625946,1.0207547262700905,1.2566791671337216,0.5056739164981621,-0.24039779961416305,-0.21899825939781317,-0.7212580461994694,-0.9826604186957909,-0.3397040869742867,-0.13259780650406192,-0.4693452317035563,-0.5851246130194073,-1.1457723037546141,-0.5750836542300739,-0.3228531143332364,1.4046695453632936,1.0623027304078134,0.14989394795692326,0.9220456536568469,-0.26546699077424146
115,-1.1248946908219113,0.4706949687394714,0.16621821627675948,-1.0626477438464466,-1.0017128425352637,0.18962195672351193,-0.7421093240842166,-0.4100987063282889,0.4365851148842575,1.629148386057076,-0.8436888727681869,-0.9319551807665087,-0.7924058156930609,0.4497137507680469,-0.4402796314232057,-1.1346534862020912,-0.49249048280657215,-0.4100987063282889,0.4063228625242821,0.9172674938388339,-0.8436823457270978,0.2733645743704989,-0.528022200152137,1.9382721014942723,0.7586151082063924,0.3398112809144228,0.44850532079817423,-0.46588400095834875,0.4602757465442341,0.1413002935617577,0.5896618941607866,0.05571252469791185,-1.2428677213526689,2.023586912286992,-0.6597843415669805,0.33981981683374834,-0.492679322969417,0.20633962509479223,-1.0093097076855193,0.21886135181015054,-0.8687816615458394,-0.29881443421637494,-0.9388658771809931,0.4330983926163458,-0.39678164136189886,-1.1707945200250172,-0.9756947012903444,-1.9802578768219743,-0.36097028158071676,-0.1588707309347188,-0.9057571867682471,-0.031990917027683016,0.11838111467139115,0.5471980443203143,-0.9783484512962857,0.07596555875279438,-0.24410908660969102,0.6034131098587475,-1.160806181140964,0.9400658901787646,-0.19231006013065202,0.37348815050390216,-1.1250872700474692,0.17253650717493269,-0.8073809986751186,-0.3232539203072166,-0.9289233939872278,-0.6739211267572051,-0.9011113621435008,0.6714811074236666,-0.6810218765264716,-0.7208335143837035,-0.5247619733991316,-0.24232301364734973,-2.024075270848211,-0.6523448381481901,-0.6743422525885634,0.5391687835565518,-0.9247039051058,-0.37649228646524574,-1.3355407807737394,0.7947989732017194,-0.6966071906035362,1.566131320916471,0.11127332984747783,0.02924528038452615,0.5124526005274518,0.0814915420199899,0.6995716812048297,0.7102068607264537,0.04647735704023769,-0.5247641447357165,0.8855965302073286,0.07559752040961597,-0.6959789684016416,0.9263126197927513,0.132686244157906,-0.24456582283441614,0.6214178766177978,-1.136192131824677,-0.6883794686723631,-0.42211161139849857,0.572083579760688,-1.4350788533078065,-1.189778823958681,0.36608002522626243,-0.8661759178107964,-0.6351447296433809,0.81486764285897,0.603205122582107,-0.021874626845983874,0.23767949531745824,0.3979399004668439,0.44182146445972975,0.3369665104629354,0.4354782482735514,-0.2723019119329059,0.22934124330708974,-0.765370424490226,0.23214820358807908,-0.9189484714243025,0.3626228385920351,-0.8702356964939051,-1.1007338008246523,-0.9239402004254146,-0.4086771505591091,-0.4940573607422592,0.07821872375653127,-0.04643289318757844,-0.5142772751817674,0.4641765749656816,0.3336224634823728,-0.6614142554096664,-0.5646505704240645,0.7793558581768879,0.23249248480189116,-0.9667093190113081,-0.46112966901625946,0.14161863997379082,-0.5315264529436636,-0.36750028207425517,-0.08186346768955703,-0.06075435583294189,0.39001996668371114,-1.680800890957813,-1.1213241101009643,-0.13259780650406192,0.13326548340092054,0.6478438019597758,-1.0762387898357644,-0.770662626622341,-0.29079539406896965,-0.4875638442656552,-0.1547448971145975,0.530096222300169,0.12474255228167333,-1.2883977797557034
116,-0.9414879477531214,0.827282066269374,0.33399801946632174,-1.536648369388107,-1.18297927677258,0.9881636193960556,-0.8469481791516135,-0.9865426710467673,-0.08139722480892957,0.5689239860664166,-1.6934474496570084,-0.712179113432464,-0.45000824101087405,-1.144208403852879,0.7337993857053429,-1.4655940863443675,-0.9455384690513134,-0.9865426710467673,-0.14632359581520704,0.7027954545592298,-1.6934526484149643,1.472862522382644,0.5160894950639531,0.06331039527493833,0.6152870175871011,-0.32555346493199955,0.7883740347994969,-0.11140704370743117,1.2759542847238894,0.1413002935617577,0.2144225069675587,0.8690899840996646,0.5080878114241167,-0.07300785105667366,1.3310162764332967,-0.32553657803020003,-0.9968607439540071,-0.0921539772237362,-0.9013827578470831,0.678778671740688,-1.4084147012003618,-0.6934750077097002,-0.7666345304170634,0.07666209301047001,-0.9830553066987419,-0.6848916559830139,-0.47472676175251477,-0.7467268300808111,-1.6239839598457086,-0.6946496869693513,-0.586861038811927,-0.46564064782212033,0.6314881132470798,0.9791226923230226,-0.7961606577588023,1.196970831158897,0.32786199498623825,-0.9255974852584401,-0.48787506163895594,1.5311252822073291,0.9619128801318313,1.229489655633985,-0.7418916717252175,0.41161782399395364,-1.395789847267084,-0.3777786779493977,-1.50107154690501,-0.5662168370928116,-0.1897076551881056,-0.7204273384887173,-0.6810218765264716,0.15925391596849256,-1.3823496342070511,-0.9906734969700474,-0.8521541049311327,-0.41137313012511195,-0.9510095944436396,-0.5845790080347203,-1.7534755374337405,-1.9918007170297551,-0.48061526103756613,-0.27742288702382584,1.20516015485889,1.4459897401338375,1.6880209187793451,0.8721974797032302,0.5124526005274518,1.2435005671198445,1.057017065762042,0.9895016935964073,-0.2364282945090347,0.5399746996555924,0.8855965302073286,0.07559752040961597,1.3347939880312458,2.5952858957591123,0.35651446337459153,0.32469365640879805,-0.06973957046053934,-0.23377716138691804,-0.3717791874170057,-1.2234082296464954,0.14662965590147764,-1.1870405329830005,-1.189778823958681,0.8450632358026806,-0.7039392262265282,-1.445450174611609,-0.11771252440501276,1.4719250067555805,0.8133383981824799,0.8372313753975337,0.3979399004668439,1.169527405922814,-0.5448150122438115,1.181246373753777,0.7478137989033107,0.3917081959177094,-0.6580806210285722,-0.8095424535379172,-1.4971632399609422,-0.7853791127294836,-0.5186253140721252,-1.1007338008246523,-0.9239402004254146,-0.859187395269938,-0.8780107842898264,-1.3623491010200415,-0.8815966843822046,-0.6257331459589804,1.4064470368031192,0.5980025288834985,0.2944360233759162,1.8802281881131213,0.6831390855624574,0.4494854706169897,0.5482828973496973,0.5555341681849426,0.6092305906219306,0.5324004288642217,2.041293718184619,0.49331585159549074,-1.1684616807870407,-0.48098171908959253,-0.8663036733187872,-0.9409502586101925,-0.13259780650406192,-1.4280208905969227,-1.57584525355074,-0.6663177513404158,-0.6895151829525228,-0.6717418672448177,0.16669666139413977,2.2554409176886,-0.023862646555046378,0.5546182825319665,-1.0687859814569518
117,-1.0026235287760514,0.2567427102215299,-0.17442562656265462,-1.694648577901994,-1.2131903491454659,0.10089510531545151,-0.8207384653847642,-0.4100987063282889,0.0480983601143672,0.701452036065249,0.5725754220465153,-0.6389204243211157,-2.1619961144218083,-0.347247326542416,-0.4402796314232057,-0.14183168577526145,-0.6845840788639241,-0.4100987063282889,0.38228046239162716,0.19913850817367668,0.572586633412634,-0.31932852935314926,0.6727062493463666,1.0860167804854841,1.7619117425414321,0.007128907991211643,0.10863660679685162,0.24306991354348642,0.4602757465442341,0.1413002935617577,0.2144225069675587,-0.2704633103299274,0.5554482191190225,1.2130870721954694,-0.049520523403694325,0.007150345206231327,1.3439815677601614,-1.639898581838328,-0.9175718003228486,0.48808124640363587,-0.6375103588367583,-1.2459998106003556,-0.9101606527203382,0.03705805972092826,-1.2761921393671634,-1.0088268986776827,-0.8087053881110678,0.48680421666035206,-0.8272410999569516,-1.208415829380971,-0.7997135932236455,1.1763550864311543,1.572184277302509,-1.651691072784383,-1.1240986861262723,-0.2977028653825732,0.7568403061831852,-1.307850134037737,-0.48787506163895594,-0.04503309653550951,1.0193233082359319,-1.6399133306065412,-0.7093655459221233,-0.3678753304753622,-1.1015854229711013,-0.8685014967290275,-0.41399005636122366,-0.29695611293182794,-1.0789622888823498,0.18966664537707217,-2.0144912851097727,-0.7208335143837035,-0.8106245270017715,-0.4917731747549156,-0.3833856385643014,-0.41137313012511195,-0.7809947808601393,-0.9215837476571533,-0.015960754841807704,-0.004504507849456915,-0.5244084893373451,-0.039009073713463766,0.0759857934905744,0.9053526266119872,1.1203917867638729,-1.114761275833715,-0.41927940043155176,0.0286729499699965,0.3421262966476175,0.43091202785649996,1.1780999632373272,-0.5247641447357165,-0.1673420195083913,-0.18254035415980455,-0.6084591021940154,0.913408295938173,0.44791842426806655,-0.9321396790553456,-0.5601024282017502,0.25239175563905386,-0.6039527270042678,-0.4767454717335893,-1.0233686347113509,-1.4350788533078065,-0.9301907169131507,-0.5918863959265739,-0.7988846229260279,-0.5041892433438165,-0.6340189407647091,0.35173357716347,-0.05899520573613782,-0.1620217580692587,-0.5852057359806527,0.12994748954697935,1.2187480331696823,-0.12003832961094994,0.05464179357852201,0.0324378063840113,-0.9339686870728247,0.02381007216287983,-1.4007941118715024,1.6381805622826113,-0.8702356964939051,-1.4720656854401977,1.0066811138963474,-0.4086771505591091,-1.0060216849424866,0.25428286048531923,1.2270428059237437,-0.2884775643423565,-0.14270948520080362,1.3911427250868753,-0.1834891160168751,-1.651263351996147,0.49070554033359615,0.4494854706169897,-0.9667093190113081,-0.9694615876168605,0.036042101964663835,0.4205063398265566,-1.2918000984915297,-0.8339177296656669,-0.45636411474512006,-0.36084355553465414,-0.788732509734118,-1.001074875773783,-0.38689496966253645,0.13018161987332796,-0.2533802001832686,-1.0534949092694628,-0.5366968917848748,-0.35888169711114287,-0.154706246426868,-0.824693666749688,0.15123050016741443,0.3882121002611938,-0.3278851508872612
118,-1.1248946908219113,1.6117736808351595,-0.881134494542932,-1.7986974957038218,-1.5153010728743261,1.4317978764363577,-0.19170533498038295,-1.2747646534060064,0.3070895299609607,4.147181336034892,-1.1269417317311274,-1.2249899372119017,-0.45000824101087405,-0.347247326542416,1.3208388942696172,-0.8037128860598145,-1.5034482606137611,-1.2747646534060064,0.0578328259293253,1.788894902717124,-1.12693911328972,3.3215005363778323,1.87343469884487,0.9155657162837265,0.04197465510993557,0.672493653837634,1.6380458198028034,0.597546870794404,0.4602757465442341,-0.42390088068527304,0.5896618941607866,1.841143922676879,0.7735568486159508,1.4789888461055944,-0.7300981994025086,0.6724892884612653,-0.19943094545797171,-0.5288390620971389,-0.6477544257267578,0.7180399063689046,-0.11714992774132604,-0.6671643028101452,-0.5656979591924787,1.1855750251176391,-0.836486890364531,-0.6848916559830139,-0.8087053881110678,-1.3634923534513927,-1.137765318177428,-1.0661297727765466,-0.7778100251285675,-0.7864006720181719,2.393155475023611,0.9791226923230226,-0.46822262939133225,2.116770029030571,0.6138475357842029,0.2211604610794506,-0.15140950188795188,1.9251648768930387,1.4032415028442198,0.818432848870934,-0.487993442734633,1.4431372708146686,0.13407315907202622,-0.4323034355915788,0.6158766188907846,-0.13539967843523779,-0.5454095086658033,-0.024473115532525347,-0.3476545243806463,-0.7208335143837035,-0.8106245270017715,-0.7412233358624815,-1.320922571297964,-0.8933165461712682,-1.2693210983397802,-1.4524430924775766,-0.7646866499526301,-0.9652430644668103,-1.0013203820825347,-1.1867746540680584,2.69091589350141,3.188042661482022,2.6340694721384654,2.317258392821009,2.3176833523855214,3.1977884729696,-1.4451006261384438,1.268796526466361,0.04647735704023769,1.8708982551447286,1.9385350799230485,1.8825626423955597,0.7494181922155388,1.174846183409039,1.1020363060300191,1.3637045419257796,0.8118647728179134,2.4239522224565686,1.2112222188597814,-0.8773937808575877,-1.6615495205001665,-0.6909638923333883,-0.6706026098676203,-1.7893444223676194,0.3902634843899122,-1.207809751547753,-1.859832736326478,3.735168915523314,1.9640763437772522,1.0370820020908922,1.3810855369143407,1.2734853975603975,1.4391934138463691,3.4598901317917505,1.446548680566216,1.2831033164895267,-0.30555698108313867,0.31548345615815876,-0.5334719590665425,1.3830690175444962,-1.046040887704795,-0.35807003159356166,-1.4065955290058552,-0.859187395269938,-1.479595721925353,-0.5893977862639527,-1.2996786312229076,-0.6714445661469263,3.227105217302575,1.9199028558891267,1.72821144155429,2.5593611765956727,1.8377403569356245,0.6664784564320881,-0.46171191355763963,0.5555341681849426,1.7854083401556187,0.7334603531965136,0.5282158696762003,1.8609959419213886,-0.8519738736572983,1.020745325347138,-0.12937761926443042,-1.1213241101009643,0.6302936829713617,-1.5577480457074673,-0.8597306381603056,-0.8553757148954347,-1.382860122865095,-0.2561031390934517,1.0847890425767748,1.3418041811574297,3.255803911832679,1.1697680141523519,0.027400965524502042
119,-1.1860302718448412,0.6846472272574129,0.05436501415038437,-1.0510867529795767,-0.7902353359250616,0.6155108434822019,-0.5586413277162721,-0.1218767239690497,-0.08139722480892957,0.43639593606758414,0.006069704120634417,-2.0308355174367327,0.5771844830356865,1.2466748280785098,2.4949179113981654,0.18910891436701507,-1.3554957826916572,-0.1218767239690497,0.1173425111094644,1.968674586169654,0.0060730982873897265,0.24514109324080136,0.04623923221671258,0.5746635878802112,0.6152870175871011,-0.32555346493199955,0.7883740347994969,-0.8203609582092664,1.2759542847238894,0.1413002935617577,0.2144225069675587,0.912904876843415,-0.25797398822563417,0.30875345486129635,1.1686995234416797,-0.3255717417198036,1.076456732135685,-1.827838998112957,-1.1496147424754866,0.7292574019769665,-0.040059493504965696,-1.4827961546963508,-0.9962763261023031,1.4231992248548897,-1.7158973883697957,-1.0088268986776827,-0.9756947012903444,0.7951869783456429,-0.2791908695282863,-1.408593382303109,-0.9640296063025717,0.7170584706975217,1.3327343446338544,-1.8087545811490042,-1.051223568711279,0.30591535822071286,1.1858186173801322,-0.9255974852584401,-0.48787506163895594,0.5460262954930549,0.9439280674076661,-1.4125905613043412,-0.6418906030402719,0.7883663641389953,-1.0427445381119047,-0.4323034355915788,-0.013486349318775997,-0.40466040259622144,-0.24899129743438853,-0.23861287644212287,-1.6811239329639476,-2.18764589830403,-0.23889941979649176,-0.4917731747549156,-0.14900140538088577,-0.8933165461712682,-1.2362475412035334,-0.7582755323685619,0.5047094636235813,-0.8404579793462804,-0.6966178469103274,-1.3532767788376956,0.1354160230362752,0.36471551309013694,0.8050422689774994,-0.15138733375519614,0.5124526005274518,-0.12978282617998368,0.3421262966476175,0.43091202785649996,0.3293830085895101,1.0723441218512468,0.6223618927783987,-0.18254035415980455,0.10656856520087624,0.5498497602869266,0.00862137025414103,0.6463057860043607,1.5108214356486531,0.5467878721039301,-0.43509924366807723,-0.3492664642850443,-0.06609730602812756,-0.6909638923333883,-1.189778823958681,-0.3523947906383648,-0.44591954308436166,-0.8323830760561673,-0.6499584178749038,0.603205122582107,-0.021874626845983874,-0.06209644472257946,0.07022468831767838,0.9616114226476471,-0.10392425089043805,-0.046712291951023936,0.8886117690498141,0.4125939286981715,-0.39751966976455616,0.02381007216287983,-1.4007941118715024,-0.27515602325325306,-1.8371642481537998,1.498589391484165,-1.4065955290058552,-1.760207884691596,-1.1238063851706188,0.4150411734861345,-1.433198597632247,-1.4154571543437775,0.3044697170271329,0.3336224634823728,-0.5419329705614685,0.38613561345150776,1.1642229486346103,0.015499498986792693,-1.4717067244649766,0.047202249584341584,0.9867294578871915,0.0798909281406907,-1.496369233195124,2.0496285906420892,-0.21899825939781317,-0.18063631020224646,-0.32330552822610326,-1.1814487272645549,-0.641192132821011,-0.1959754595284671,-1.0878325899432593,-0.7243170346722431,-1.0655114102502523,-0.6940302362290935,0.5478473475568424,1.050422620357533,-0.0797620575325407,0.7594789111035473,-0.27098645711972014
120,1.1371218070264975,-2.0967321334758267,-1.201441391541187,0.37476878726769514,1.5511227729736052,-1.4074613686215756,1.1318852102455028,0.5698560336931243,0.9545674545774446,0.1713398360699193,0.5725754220465153,1.0460294252398945,0.5771844830356865,1.2466748280785098,0.14675987714106856,0.18910891436701507,0.24160783223432666,0.5698560336931243,1.0796852164116815,0.08998587306799416,0.572571774739255,-0.9825803359010412,-0.841255708716964,-1.3002981183391227,0.18530274572922695,-0.6582358378552107,-2.185477212712076,-0.8203609582092664,-0.35540279163542127,1.2717026420558193,-1.286535041805353,-1.8042531286335237,-1.5479327520395982,-1.519918232054922,-0.2789606977707231,-0.6582235012666314,0.20700101635613666,2.4947905762035103,1.0574913817205356,-2.4957725853408266,2.1762904907903944,1.7797312528484714,1.1279102839861637,-2.656016203967911,2.2414498526538944,0.9347845574903302,0.8611877436816978,-1.0551095917661018,1.243004301137176,1.0271910960246589,0.3468264292603533,-1.7216570465900498,-0.7196936496689004,1.5681108486903523,0.6977792492485612,-2.0223263613919618,-2.103015101796461,1.3679184074173414,-0.82434062138996,-2.0152310699640577,-1.534121079126908,0.9094729242341126,-0.6347042064344317,-1.9506661349454542,2.370026783721495,1.0943897783894918,2.0462470011852405,-0.1892518232674345,0.3438451250284409,0.4573413465140691,1.3191822363484802,1.0393413463206886,1.762138455421987,-0.24232301364734973,1.2573039937196082,0.07057028592104427,1.6627706006861778,0.2888195467610161,1.918225541476384,-0.8714193320748896,0.0830649639256907,-0.4930903093787387,-0.9343281087863394,-1.1370542466927804,-1.5916140661989389,-1.3556047613533448,-0.30281290031167635,-0.34105719437995724,-1.8025460106956561,-1.2448569693632223,-1.0851452491568518,-1.3233182780291983,-1.4835152066530413,-1.4732297270069072,-1.6763584948617691,-1.7615105851731243,-1.6487829812201698,-1.330907911666967,-1.6381305405414928,-0.930368588534891,1.4433957584470436,0.7434107424167694,-0.17246078699293016,3.525687553188315,0.45427918732967826,-0.11290318535015574,1.6727724714351866,0.5441135716509201,-0.37859729569574363,0.23742832924590768,-1.5623786507873725,-1.8607520849628056,-1.240636160278984,-1.8452543515671065,-1.4265965349505585,-0.8297724530165811,-1.5488267795535593,-1.9878124943773248,1.4417341038637932,0.8571625978636769,-0.34073370288766264,-0.5302675679913683,1.3273291936422191,0.7559256222530745,-0.4412848718449741,0.04183309415171989,0.6182687373990848,0.7527353552679422,-1.0861163007864827,-0.6199125548329918,-1.1488626902136607,-1.0764045519902974,0.2944360233759162,-0.021344179638023215,-2.10714732025603,-0.8524724442736012,-1.4717067244649766,-0.46112966901625946,-1.7898582742289155,-1.5034686048065093,-1.4062728863553389,-0.7175080223288968,0.611782234317761,1.411194356900688,0.7626907619592646,1.1032867249518872,1.6474823356052597,0.24066508410936616,0.9962700764414865,0.4012015739404375,0.0950199640473447,0.6217484968449533,-1.356891463772491,-1.3269402166847146,-1.3597527075409026,-1.910724676704354,-1.3599547896695596
121,0.03668134861375807,-1.5975101969339631,-1.3997266134924882,0.9797939759672133,0.5239463122954804,-0.9993178521444975,0.2276500852892046,0.22398965486203734,0.9545674545774446,0.1713398360699193,0.006069704120634417,0.09366646679236697,-1.4772009650574345,0.4497137507680469,1.3208388942696172,0.18910891436701507,0.018082330168606456,0.22398965486203734,0.5565807397386014,-0.2847555938900484,0.006087956960768767,-0.9402451142064949,-1.3633115563250089,-0.10714066892681931,-1.2479781604636868,-0.6582358378552107,-1.675674141710092,0.24306991354348642,-0.35540279163542127,-1.5543032291793346,-0.1608168802256692,-1.1582248797113182,-0.9427560543319131,-0.7766801709088689,-1.2039465480188696,-0.65825840448446,0.8243660216433899,0.7259395995011195,0.059167095714999944,-0.8916707133879765,1.4246587569858808,0.4115745980716105,-0.2499404901252742,-1.3490831054130332,0.48262885664336563,-0.03702117059367631,-0.47472676175251477,0.48680421666035206,0.7219489692972261,0.11146880195049433,-0.4391099468138714,-1.342809957339414,-0.5828651167153833,-0.19885362041163662,-0.10384704231636556,-0.8438336391188795,-0.9590729386046026,-0.5433448364791432,-1.160806181140964,-1.0301320832497836,-0.8309402114036143,-0.6482410610787595,-0.766060534497092,-0.727747339032444,0.25175492879041933,1.0943897783894918,0.1581580965565587,-0.29695611293182794,-0.1897076551881056,0.6179461671962673,-0.014287172234821033,0.4526163927525579,0.6186882410114277,-0.4917731747549156,-0.617769871747717,0.3115419939441224,-0.6993571392736576,0.18342017639836825,0.8946061675576834,-0.5715080921007222,-0.4976299441849169,-0.06470759247725424,-1.2909094860605443,-0.6564879235622468,-0.8347752235116426,-1.2953938899734374,-0.6522124006713027,-1.3446104433298318,-0.7302098570240193,-0.4069724707533611,-0.8022395976075795,-1.3233182780291983,-2.009984481510901,-0.9569539778680661,-1.2562923257258682,-0.24088127512122134,-0.8206634304893062,-1.3311721441410254,-0.9784244285295907,-1.548000005550774,1.1056887917746623,-0.3492664642850443,-0.27882426795773274,0.0531510686410299,0.021632342253794203,0.12658841993805334,0.23397744832957565,-0.20111986137120919,-0.01818170533650289,-0.7227357532616157,-1.0426905463252174,-1.4610508315760888,-1.240636160278984,-1.3254643933791892,-0.9857057735971849,-1.413287283874931,-1.0056998657239906,-1.2313018239377582,0.23089203622512988,0.5238215875833581,0.815695834185617,-0.7853791127294836,0.18459545077143455,-0.17240408928578896,-0.4412848718449741,0.04183309415171989,0.20910480284530308,-0.5644856269556444,-0.1426443035019126,-0.8008819185806095,-0.8613903459242729,-1.6492280270260697,-0.6614142554096664,-0.9721303635135955,-1.4336299119550158,-0.6354794584585027,-1.4717067244649766,-0.9694615876168605,-1.0419417856364503,-1.3940699497841367,-1.1695848515169343,-0.8270836777017877,0.29529442718801846,0.11970909868509964,0.6851195983745955,0.02104361600725679,0.1216993566544126,-0.15603608057127002,-0.3905468854403068,0.19635257324617594,-0.20495377290971656,0.4357027895833982,-1.4608212681460517,-0.9824441484240771,-0.5558676530872299,-1.2312065513123778,-0.6209584551377381
122,1.0759862260035675,-1.0982882603920996,-1.7962970573950898,-0.1339148108745749,-0.2615415693995562,-1.0348085927077217,0.5945860780250937,-0.006587931025354015,1.4725497942706316,0.1713398360699193,-0.5604360138052465,1.0460294252398945,0.5771844830356865,0.4497137507680469,1.9078784028338913,-0.8037128860598145,1.1290569572842066,-0.006587931025354015,1.286266492244621,-0.3016759760773595,-0.5604404368378546,-1.5752734396246895,-1.8331618191722494,1.5973699730907571,1.7619117425414321,-0.32555346493199955,-1.0809038922077774,-0.46588400095834875,-0.35540279163542127,0.1413002935617577,-0.5360562674188971,-1.2784876104119858,-1.3917320747763293,1.462308374394866,0.016665318625888645,-0.32553657803020003,-0.7653488669712872,1.5440331762259751,1.165418331558972,-1.250630572845957,0.01775833217230456,1.4113813842547012,0.8408580393796141,-0.9134387392280738,0.7757656893117871,1.7446226642270022,1.1951663700402508,-1.3634923534513927,-0.21617896225641506,1.837310962343972,0.884417522578443,-1.1703433987486398,-1.2499042148637787,0.2330710275910718,0.6613416905410645,-1.389964412855186,-1.1020657090035848,-0.5433448364791432,0.8579871773650602,-1.0301320832497836,-1.2701627272647713,-0.5941920067971224,0.7523224055082677,-1.1241447120692716,0.6048002379455986,0.4946174443254998,0.38701735772367163,0.026156756061352412,0.8773979052449874,0.7785509878784654,1.3191822363484802,0.15925391596849256,1.4762759018193472,0.256577308567782,-0.14900140538088577,1.757372242082591,0.37677544308058003,0.10757653012719146,-0.07492290263066145,0.6197370895264881,1.4219285234547638,0.6634917670149046,-1.4097699451519459,-0.9568418755188304,-2.41152281244351,-0.271809076515011,-1.176311651210742,-1.238973259229845,-1.8025460106956561,0.15161719498654624,-1.933862203804669,0.5399746996555924,-0.43057665693732133,-1.2150918524374867,-1.7826767600109297,-0.6991461896803359,-2.3972827744853635,0.4249379442008049,-0.27201614871655044,-1.3387918283199165,1.2112222188597814,-0.09430844938795446,0.46572009879588544,1.2933426702650601,0.19469108028414783,2.521504472820144,0.7455644387351535,0.41152656163129275,1.2584732767553442,-0.8599020507626904,-1.339655177446449,-1.6609014582694472,-0.9129209481298183,-1.0135904184664388,-0.7652603929204982,-0.4887517446949915,-1.1274928638922668,-1.5243430354878347,0.5221072170496185,0.44048633501327833,0.044742809470097226,1.3830690175444962,1.3273291936422191,0.5702596799453018,-0.9239402004254146,0.4923433388625489,1.0031942948370904,-0.6413088010466781,0.15388411635024637,1.7800443733708178,-1.6758953214108714,-0.635771109655088,-0.7808955402578641,-0.021344179638023215,-1.4336299119550158,-0.6354794584585027,-0.46171191355763963,1.5721980053861446,-1.6710795723212373,-0.8349608859588504,0.5575868835032887,0.33202407185280847,0.9678310173387213,0.02960547601889581,0.5687628529975918,1.0431621077882967,-0.38689496966253645,1.0653786603839288,-0.20827987462907036,0.17273150386969346,1.0774471955529468,-0.9566710082643141,-1.3217260043091752,-1.1073842307087107,-0.8394115462162849,-0.9537628018342601,-0.8417802059979096
123,0.46463041577426784,-0.5277489043442556,-1.4759901603968344,0.38632977813456465,1.17348436831253,-1.088044703552558,1.4070872047974197,0.1663452583901895,1.6020453791939284,-0.3587723639254104,0.006069704120634417,0.16692515590371523,1.9467747817644336,0.4497137507680469,1.3208388942696172,-1.1346534862020912,0.4670411168924877,0.1663452583901895,1.5334653172805728,0.021533884460810223,0.006087956960768767,-0.07942893975072027,-0.528022200152137,-0.6184938615320922,-1.5346343417022696,-1.3236005837016331,-0.14626492870414032,-0.46588400095834875,-1.1710813298150766,-0.42390088068527304,-0.911295654612125,0.31850355258122964,-0.8662651901695787,-1.0758886188281582,-1.0316485450437605,-1.3236147993484084,0.4385128933388566,-0.23034545977861048,0.4207223776737615,0.18520886498596487,2.0221096223176733,0.6220602372680507,0.6686266926156844,0.07666209301047001,0.9223341056459978,0.4488816934483269,0.5272091173231447,-1.0551095917661018,1.0148431631013486,0.08953853024431578,0.7176494528601791,0.009596557823295354,-0.25789735095078054,-0.6700441455055004,0.9892797189085345,-0.03900934098116486,-1.1020657090035848,0.9856657586380444,0.5215216176140562,-0.24205289387836434,-0.21390565362380157,0.041022962918200456,0.702416237321287,-0.3884385736053472,0.9578455471007778,1.803211627737846,1.702958109434571,1.6417211010272543,0.6402633362598557,-0.024473115532525347,-0.6810218765264716,0.15925391596849256,0.3328256874087879,0.5060274696753478,1.0229197605361926,0.3115419939441224,0.10216029709787948,0.6143575192134576,1.3151693421731308,0.31667503079036674,0.836848499940902,-0.5266444380659632,0.0759857934905744,-0.6564879235622468,-0.7717053199543679,-0.09117646237528872,0.04658660004795001,-0.6051501546299242,-0.372764472466807,-0.6862673036233148,-0.8022395976075795,-0.2585794336378893,-0.1673420195083913,0.07559752040961597,0.33156452055811303,-0.5933512264707169,-1.487769020995072,-0.2682056587624567,0.22189198116709613,0.3827959893153086,1.971062893872639,0.43381886718458884,0.46572009879588544,1.2933426702650601,-0.0648970267613826,1.0845548410908896,1.6629747627130087,0.2801811559715021,0.8186781241334384,0.12312308132834536,-0.6714847574236779,-0.3618723847626172,-0.9129209481298183,-0.9096324268288554,0.7778572718163088,-0.10714436406729372,-0.40769257394146763,0.004100501958772175,1.564351022105683,0.5238215875833581,0.719326706096177,-0.27515602325325306,0.5362058331932145,0.9415915645608471,-0.9239402004254146,-0.859187395269938,0.7625231380647641,0.44805233770211833,-0.7022694538155728,-0.3032442822675795,-0.14270948520080362,-1.252657928924381,-0.900376825106062,1.4727483950235902,-0.182811867967418,-1.2864584159037982,-0.46171191355763963,0.5555341681849426,0.21905619339122998,-1.7110592649798742,-0.033847792184221286,0.9712928168364938,0.8887090655562857,1.2910561933457494,1.7323303067676288,0.4419159361523909,0.6302936829713617,1.0000148759183214,0.5438057342035583,1.323549600438036,-0.23651974665934442,0.537246680855273,-0.21792230687225395,-0.790507069574413,-0.09544500863450388,0.08270959425800598,-0.048757373370069614
124,1.0148506449806376,0.0427904517035884,-0.9370610956061192,0.7254521768960783,0.7505293550921256,-1.6736419228457566,1.6560794855824872,0.68514482663682,-0.21089280973222635,-0.7563565139219077,0.5725754220465153,1.485581559907984,-0.7924058156930609,-1.144208403852879,0.7337993857053429,-0.472772285917538,1.5226265047810696,0.68514482663682,-0.3589922138037465,-0.5546991519709303,0.5726014920860131,-1.0954742604198313,-1.572133895368227,-0.4480427973303346,1.0452712894449752,-1.6562829566248443,0.19360378529718228,-0.46588400095834875,-1.1710813298150766,2.402104990549881,-1.286535041805353,-1.0479149222850863,-1.096379102740476,-0.8583235957019232,1.241191257461337,-1.6562842709759256,-0.8682430345191627,0.49377790880893074,0.3289844703110907,0.5105162376197596,1.0199339772449891,0.2273996637747254,0.5538057947730646,2.33409199051435,0.9223341056459978,0.6108493147956613,0.36021980414386806,1.1035697400309337,0.6611361699360013,0.5159570964512502,0.7832760296341428,2.0169276288795155,-1.1643863817678306,0.5079321672291589,-0.4317850706838356,-0.5276526648504917,0.041876454188273626,0.9856657586380444,0.5215216176140562,-0.24205289387836434,-1.573916616268467,0.23368465645738198,-0.7639596641300289,-0.32477852708184124,1.3697317411151537,1.6941621124534838,0.6158766188907846,0.7800867837121066,1.9445034656780804,1.0997606292428617,-0.014287172234821033,1.6260662998888193,-0.8106245270017715,0.256577308567782,2.4292251596366863,0.5525137019672005,0.32386631906222446,1.4148096659044316,-0.13309257031424046,1.1148311843804533,1.8406327241654454,0.8519173653352133,-0.756037420149237,-0.7165587139535636,-0.330215995053445,-1.3556047613533448,-1.467477901510431,-1.6087034035797987,1.057017065762042,-0.4069724707533611,0.04647735704023769,0.007605277459937894,-0.1673420195083913,-0.18254035415980455,-0.4669765519885374,-1.0822898023597947,-0.7995362036694375,-0.9663364276712532,-1.33793114509169,-0.9413084317468876,1.7177826688683533,0.8891010366436779,-0.06609730602812756,-0.9390022126581944,1.3195728774814464,0.36608002522626243,1.1002257808577829,1.188274733246908,-0.10215014653237385,-0.6541526045110783,-1.246853730221064,-1.4610508315760888,1.0533703247651751,-0.28588447700335456,-0.5448150122438115,-0.9492155406799069,-1.3941362651489082,-1.1179157147069554,1.4110798743033206,0.2738158298731189,1.0084340903644968,3.0412940583422454,1.415231789247664,-0.729401916209107,-0.4412848718449741,2.294384317705865,1.080283831522682,-0.08097306518389721,0.5165991416354405,3.478166716741961,-0.8933317175119827,-1.340784617391423,-1.2588206796506554,-1.5154367542996368,0.29827199510473495,-0.4184864726434043,-0.46171191355763963,0.047202249584341584,-0.9837580274658603,-1.2626496863358223,-0.278812994764034,-1.270821073988484,1.9964163905103847,0.9006071617921995,1.266903325259614,0.9830374906247061,0.8845908461298362,1.541012317937482,0.7326489384586974,1.1746413718813773,0.8849091934524722,0.4804600647895248,-1.64176052236788,-1.597034902372008,-1.5071465572680984,-0.15713407080821293,-0.6165089442610683
125,0.5257659967971978,-0.4564314848382751,-1.3336315395087213,-1.2514772613386527,0.28225773331239223,-0.5734289653858076,0.07039180268810928,-0.35245430985644105,-0.7288751494254134,0.43639593606758414,0.006069704120634417,0.6064772905718049,0.5771844830356865,-0.347247326542416,-0.4402796314232057,-0.14183168577526145,0.5216847527427422,-0.35245430985644105,-0.5142008475204906,0.6423671908458768,0.006087956960768767,-0.37577549161254437,0.30726715602073507,1.4269189088889993,2.048567923780015,0.3398112809144228,-0.5711008212057935,0.9520238280453216,0.4602757465442341,-0.42390088068527304,-0.911295654612125,0.1459322817237173,1.0517690385863079,1.6500321962119198,1.0803206597863493,0.3398372684426627,0.21729043311092422,0.15106303207284252,0.06456344320692176,-0.07840228180348954,-0.0015142763867855243,0.016914024578285263,0.0945222034025853,-0.08175404014769701,0.3360604403091549,0.4488816934483269,0.026241177785314946,1.1035697400309337,1.0757163612991767,0.15679437483877973,-0.06563620577673414,-0.15493518084965355,0.2381060810057185,-0.35591712877625786,0.26052854475860115,0.1621967335532638,0.041876454188273626,0.2211604610794506,0.18505605786305218,-0.636092488564074,1.346713429267503,-0.05144350830762291,0.3647717580351362,-0.0022043255949931555,-0.10129038036475999,0.8762907478207674,-0.3567752410694454,-0.1892518232674345,-0.6046931509120862,0.1361317051496728,-0.014287172234821033,1.0393413463206886,0.3328256874087879,1.2543779529980454,-0.8521541049311327,0.5525137019672005,1.521972122537938,1.0053729315950841,-0.23959415676775647,0.38960928380576954,-0.6253476541126428,0.7217487825345074,0.19484625258197602,0.4247863034814537,0.17434323340475252,-2.0179243465323267,0.687152350707265,0.6096774625199238,0.3421262966476175,0.15161719498654624,-0.2364282945090347,-0.5247641447357165,0.35912725534946865,-1.7313676015763277,0.953455867317225,1.6007909350869516,-0.8984101437232086,-1.495882822555702,2.0561589753524245,0.033217119067992254,0.029247835506447013,-0.14894230972304515,0.14662965590147764,0.549227709290642,-0.0648970267613826,1.0845548410908896,0.4709937079798351,-0.12968509908444642,1.421911940067802,-0.15120951367380417,0.07092682037940098,0.7373060620508544,-0.5852057359806527,-0.9096324268288554,1.2187480331696823,-0.28376217103156753,0.4548080058032194,1.1132538767573696,0.10827511798323992,-0.3511985644024788,-0.5334719590665425,0.4901786109610927,0.3604006419823245,0.013261853021983716,0.5240257853159069,1.393363828284207,0.34666188347169263,0.3983598314680226,0.9179969483673006,0.6422719164220558,-0.41421114369633644,1.3030160366198336,-1.1393393948024575,1.2010951996305697,-0.7601125036540015,0.015499498986792693,-0.9667093190113081,1.5721980053861446,0.06585613863310673,1.3132792667631008,-1.2275945324031665,1.8344850264941774,0.09748954773192939,-0.18063631020224646,-0.32330552822610326,0.5020405533159814,0.1216993566544126,0.14326001294228052,0.36432665816164667,-0.3339814345471026,1.0569207175169706,-0.19229333747213886,1.5690073818104158,0.463254461573751,-0.22038968636937245,-0.28510613716334127,2.112187602637536
126,-0.3301321375238217,-0.8130185823681776,-1.1200936081765513,-0.9200621898217194,-0.3370692503317712,0.26060343784996026,0.057286945804684665,-0.1218767239690497,1.4725497942706316,0.03881178607108685,-1.4101945906940678,-0.3458856678757226,0.5771844830356865,1.2466748280785098,-0.4402796314232057,-1.1346534862020912,-0.126640032290207,-0.1218767239690497,1.6044007658547228,-0.15374833300251908,-1.410195880852342,0.4285937205838353,0.2028559864991261,-0.6184938615320922,-1.1046500698443955,0.007128907991211643,-1.0809038922077774,0.597546870794404,-1.1710813298150766,0.1413002935617577,0.2144225069675587,-0.5495167970731467,-0.2227032589521248,-0.611056130472851,0.7032865836778012,0.007150345206231327,1.5240463609689436,-0.031349724899591515,-0.6315653832509923,-0.7290170270710792,1.0970244114813494,0.3589531882725005,-0.6231084081137886,-0.9926468058071574,0.042923607640733386,-0.03702117059367631,-0.6417160749317913,-0.1299613067102295,0.5254340747130095,0.26192870373804905,-0.24939252425818798,-1.5736890164604402,1.2301129449187167,-0.31665125168510255,-0.504660188098829,-0.7001150144514305,-0.9590729386046026,0.6034131098587475,-0.15140950188795188,-1.0301320832497836,0.23929781099870975,-0.7819922562106716,-0.23817413012941194,-0.941155615973924,-0.16013126522395654,-0.2687291626650355,0.10094328126478047,0.29541748022233605,0.40312876727472385,0.1361317051496728,-1.0143892286722969,-1.0141959911677687,-0.23889941979649176,0.0071271474602161424,-0.3833856385643014,0.7934854099902786,-0.9987557009698537,-0.5434838235251339,-0.6921522445848788,0.10536431095533462,0.3209912872668132,0.18057994847660808,0.4919974003104801,0.12443235152487017,0.04820342629020313,0.3302996372840633,-0.41927940043155176,0.7153146466199106,-0.015319087909594756,-1.2448569693632223,0.04647735704023769,-0.7909488558335438,-0.43057665693732133,-0.6988161032986456,-0.4613584838508627,-0.44776175161767207,-0.446123925162266,-0.1655290650656678,-0.4181813036096632,-0.10453596989902963,0.9157286230214478,-0.5860131924037706,-0.27882426795773274,0.30118938896583597,-0.6706026098676203,0.12658841993805334,0.7003239460175894,-0.4825798126382413,-0.15748806369988627,0.3288725275799575,0.2565297148301707,-0.3618723847626172,-0.5852057359806527,-0.7017164435536885,-0.3243696315671248,-0.18674068840315047,-0.2608728076372235,-0.32270652757285817,0.016312429301822463,0.19048057730303924,-0.9189484714243025,1.6381805622826113,-0.6944305052830151,-0.17240408928578896,0.041370456735466396,1.393363828284207,-0.3357956325967417,-0.5483792097231148,-0.19782016394909888,1.0728195992857752,0.5440300039349559,-0.32732770002044137,-0.900376825106062,0.5219622111480181,-0.8563292762684321,0.23249248480189116,-1.4717067244649766,-0.46112966901625946,-0.33488628718122015,0.05154037471382739,-1.3433269164087756,-0.5555232415544993,-0.3376811870714666,0.11970909868509964,0.7239051801669301,-0.3397040869742867,0.1216993566544126,-0.6987031833365849,-0.18771475621071643,0.2700903975757388,-0.3107128531463415,0.7653560904928806,-0.16994551624351956,0.16011169254445015,-0.4610551231776744,-0.7960827461145098,0.16202122871093458
127,0.34235925372840786,-0.38511406533229464,-2.0962670085521857,0.733159504140658,0.9922179340752137,-1.0702993332709458,1.4988212029813919,1.2039443948834505,-0.987866319272007,-1.0214126139195725,0.006069704120634417,0.16692515590371523,0.9195820577178733,0.4497137507680469,0.14675987714106856,-0.14183168577526145,0.4806293099531128,1.2039443948834505,-0.5524276485250881,-0.8185597834916877,0.006087956960768767,-0.23465808596405668,-0.7890501239561595,-0.4480427973303346,-0.53133770736723,-0.32555346493199955,0.023669428296520974,-1.174837915460184,0.4602757465442341,0.1413002935617577,-1.286535041805353,-0.3890706568626093,-1.3034476363329692,-0.9013405480040145,-0.3282882355509029,-0.3255540296391144,0.7266165624729082,-0.10320929582812614,-0.010985421679983651,-0.5214933583219342,2.0413822308767635,0.4641960078707206,0.4389848969304448,-0.7550226060699068,0.042923607640733386,0.12494645075365811,0.36021980414386806,1.1035697400309337,1.6244095142950945,-0.4638182510608625,0.10131289126052827,-0.6056017073895352,0.10127754805220152,-0.04179011204701539,0.11477830992861446,-1.0162959887198184,0.041876454188273626,0.2211604610794506,-0.15140950188795188,-0.43907269122121917,-0.37284001633112734,-0.36720510312079824,0.26078097913244286,-0.9495235779396557,1.0166864319599744,-0.05063013209631113,1.5313136635592364,0.8339389285443033,1.5295179699540997,1.9027847326538525,-0.014287172234821033,0.15925391596849256,0.04696313380614806,0.256577308567782,0.31976706098594554,0.5525137019672005,0.8026225086041253,0.21427653747220266,-0.7621953464809135,0.06276725388147911,-0.013542512873598951,1.0929472303431693,-0.45888627242073293,-0.7766295043448803,-0.960915030626192,0.3302996372840633,0.45421935046751405,-0.8692431148798911,0.3421262966476175,0.15161719498654624,-0.5193339460583071,-0.7909488558335438,-0.43057665693732133,-0.18254035415980455,-0.35059417025957584,-0.9219556285340347,-0.4766766774442882,-0.4085478433201821,0.03711763508321777,-0.8572059213953774,2.0765963209577585,0.43381886718458884,-0.17246078699293016,1.2933426702650601,-0.0648970267613826,0.36608002522626243,1.3308039514494194,0.41407397273020996,-0.2827428898677685,-0.03690426575624186,-0.5230024418630621,-0.8614989514960133,0.07022468831767838,-0.28588447700335456,-0.5448150122438115,-0.7282055897306808,-0.5852160660968468,-0.40550620265131965,1.4417341038637932,0.23214820358807908,0.912064962275057,1.3830690175444962,0.09669285516598959,0.5702596799453018,-0.4412848718449741,0.9428535835733779,0.35335519008897276,-0.17657848890699382,-0.16254236281514717,1.3291809108332069,-0.014943998849964618,-0.9882778635232555,-1.2588206796506554,-0.7004771681205748,0.3944887677191656,-1.2864584159037982,-0.46171191355763963,-1.4777935062174616,-0.15066313310556279,-1.1268369546186825,-0.4837759450754751,-1.3580016384866234,0.4139773548616719,1.921781552009176,1.266903325259614,0.3216667018252097,1.9017794987637342,0.5506332850568832,0.6406538582686713,0.09164756604954882,0.024056783211994774,0.2555522803538781,-0.05589482257349136,-0.6312360861750043,-0.28133917939369824,-0.835888469765335,-0.5106592854109313
128,-0.3301321375238217,-0.5990663238502362,1.284750237540507,-0.4422079006577684,-0.12559174372156906,-0.2540123003167901,0.5421666504913952,0.45456724074942867,-0.08139722480892957,0.3038678860687517,-0.27718315484230605,-0.5656617352097675,1.26197963240006,0.4497137507680469,0.14675987714106856,-0.8037128860598145,-0.22713422004500905,0.45456724074942867,0.12311491654344695,0.4729636218748572,-0.2771688106018534,0.18869413098140628,-0.5802277849129415,1.9382721014942723,2.048567923780015,0.3398112809144228,-0.8260023567067855,-0.8203609582092664,2.0916328229035446,-0.42390088068527304,0.5896618941607866,-1.0423603629841294,-0.2295524797330239,2.9191904996791664,0.22054131534920368,0.3398372684426627,1.1381932326644102,-0.5398943807015288,-0.11351602402649813,0.09546890012146975,0.8850257173313585,-0.29881443421637494,0.008406530020620426,1.383595191565348,-0.836486890364531,-0.3609564132883451,0.026241177785314946,1.7203352634015152,-0.010769305122159114,-0.23977784195557483,-0.010040952658086211,1.0541502662572217,1.213009378299527,0.15453927340876117,-0.504660188098829,-0.26895914044908337,0.4708547653852206,-2.072355431596331,-0.15140950188795188,-0.8331122859069289,0.21834336977818983,0.11754260062779216,-0.7859622081176336,-1.0030829822395853,0.07523227421282966,0.6581917172520431,-0.3567752410694454,1.480164666530664,0.3438451250284409,0.5108762867414685,-0.014287172234821033,0.15925391596849256,-0.8106245270017715,-0.24232301364734973,0.5541512941693613,-1.1342882541943462,0.009476431881178835,0.26287292053278133,-1.3012994948611323,0.9057866497061755,0.024528139915700277,-0.40279023755346816,0.5514276298561809,0.06436156113355349,0.6789024618629501,0.02924528038452615,0.04658660004795001,0.34558450226995685,0.3421262966476175,-0.6862673036233148,-0.2364282945090347,-1.057133566931371,-0.9570459317951813,0.3337353949790365,0.11733950400560994,-0.021808115563019558,-0.5932754051655481,-0.9834028682109773,-0.34269897824845197,-1.277684643510835,0.7890885105193048,0.34276243329277106,-0.49155122988733796,-0.9390022126581944,-0.324485133806913,0.8450632358026806,0.4654102773300976,-0.02082935906864342,-0.08108344055996612,1.8605628496752924,-0.8014067835392167,-0.9614242648426926,1.0533703247651751,-0.7017164435536885,-1.2061511542738717,2.061571055414034,-0.7720964611670555,-1.323055725311447,0.736686823972926,0.35715108244319865,-0.1479954467087827,-0.6578233403604259,-0.34282012286123525,0.3845937376375291,-0.9239402004254146,-0.859187395269938,0.01601668688190034,0.2525927376729988,-1.0049718855402492,-0.5656322783750299,0.04893874432545488,0.6861292173505403,1.3697675870096966,-0.15717077733453352,-0.7601125036540015,0.23249248480189116,-0.9667093190113081,0.047202249584341584,-0.9910840357787657,0.4224285123879004,-1.2022781432621559,-0.28469921900043893,0.25573345129680064,1.4412288977894225,0.21969261686658068,-0.3397040869742867,-1.14978645913796,0.02488081761254975,1.0893429399982,-0.3649681634916539,-0.5158924004941517,-0.9434980554760319,-1.3349998504361518,0.058770592908601975,-0.060709621708474826,-0.8234579566409039,0.17949136705546684
129,0.158952510659618,-0.2424792263203336,-0.4235532131168531,-0.3574273009673905,-1.0168183787217067,0.5622747326373656,-0.40138304511517675,-1.101831463990463,0.17759394503766396,0.03881178607108685,1.1390811399723964,-0.1993682896530261,0.9195820577178733,-0.347247326542416,-1.6143586485517543,1.8438119150783978,-0.395089602625438,-1.101831463990463,-0.28281277469829025,-1.1088148192538605,1.1390702294198758,0.6120463479268693,0.5682950798247576,1.0860167804854841,0.4719589269678097,-0.32555346493199955,-0.3161992857048016,1.3065007852962391,-1.1710813298150766,-0.42390088068527304,-0.5360562674188971,0.035656324127972885,0.7662778601437435,2.1059414385474815,1.0436100523136498,-0.3255540296391144,0.6443012284346077,0.8475481041494088,-0.03257081164767091,-0.9814106782524716,0.114121374967755,0.17477825397561536,-0.16382481674330931,-1.3490831054130332,0.3360604403091549,0.6108493147956613,-0.47472676175251477,-0.1299613067102295,-0.276784465866488,0.26207765700540375,0.35273404243405193,-1.5601462028882855,0.6143845466278902,1.2932497090522652,0.9892797189085345,-0.3839340401830426,-0.38710185700867333,1.3679184074173414,0.5215216176140562,-0.24205289387836434,0.09253464462108242,0.6982100307410821,1.7805830059359926,-0.14438876026656108,-0.6896992289567255,-0.5413529508759409,0.6158766188907846,-0.40466040259622144,-0.3675585819269544,-1.0416369798531135,-0.3476545243806463,0.7459788695366233,0.9045507946140675,0.5060274696753478,-0.14900140538088577,-0.8933165461712682,-0.846730441373599,-0.5794654303482002,0.5583959748642245,-0.19187334967860822,-0.121619271793431,-0.4809642304165406,0.5514276298561809,1.3258481593512041,-0.14100628438162094,0.14966702314434102,0.45421935046751405,1.2435005671198445,-1.0876552415812315,0.7102068607264537,-1.0851452491568518,-0.2585794336378893,0.8855965302073286,-0.4406782287292251,-0.2038777666190633,1.7126565274661303,-1.2365041888793564,-0.7000096819586502,0.6544341215849914,0.7100761516515471,0.15588794800859,-0.7499147734090427,-1.1297321156761535,0.0531510686410299,0.36774981831450143,-0.5918863959265739,-0.10763615614794206,-0.3563451931645125,-0.3942714460426125,1.8834238992588048,-0.2817186790770615,-0.5617230114559756,-1.240636160278984,-0.18192648536577108,0.11652112978624868,1.8793333565500372,0.225000704285146,-0.5649612027983429,-0.3668654402040836,-0.5595366958276781,-0.34073370288766264,-0.4027117956223107,-0.34282012286123525,0.9415915645608471,-0.4412848718449741,0.9428535835733779,-0.5212448284010146,-0.11699352650019137,-0.09081058689167708,0.25660395082665144,0.416264517584117,0.862382594284624,1.1308050173133009,1.0652686019340594,-0.3752454131962792,0.015499498986792693,-0.46171191355763963,0.5555341681849426,-0.17455430635074112,0.7940444769687769,0.47255930018448433,0.8098345874098883,-0.8124128977660805,-0.6912235053107348,0.025764707904907834,0.14129285033443795,-0.8954892959794855,-0.7634137351869877,-0.9845952886539828,-0.3318344768690371,0.39289783764221053,-1.0594904142653594,0.10137865388824875,-0.21197803780042238,0.675903238298953,0.2819944684638881,1.0450817879654457
130,-0.0244542324091719,0.1141078712095689,-0.4489743954183023,-0.8468425809982106,-0.8959740892301626,-0.2717576705984022,0.08349665957153389,-1.3324090498778542,-0.3403883946555231,0.43639593606758414,0.006069704120634417,-0.12610960054167783,0.5771844830356865,0.4497137507680469,-0.4402796314232057,-0.14183168577526145,0.22767341956208384,-1.3324090498778542,-0.33241853589327075,-0.5475038758508531,0.006058239614010687,0.24514109324080136,-0.7890501239561595,-0.10714066892681931,0.18530274572922695,-0.6582358378552107,-0.23123210720447096,1.3065007852962391,-1.1710813298150766,1.83690381630285,-0.5360562674188971,-0.4802472844807079,-0.8407903411478072,-0.354319217642493,0.40677025660187205,-0.6582235012666314,-0.16341798681621528,0.4827225902045408,0.2966063853595598,-0.07279353399945859,0.037030940731394645,-0.035707385220824776,0.037111754481275384,-0.002545973568613495,0.48262885664336563,-0.5229240346356795,-0.14074813539396164,-0.1299613067102295,0.017977174623970704,0.047419595575838414,-0.034884122287957994,0.31940447069849476,-0.2921044841891598,0.6649956755937801,-0.06740948360886889,0.27717163328722305,-0.24410908660969102,2.132423704975935,0.18505605786305218,-0.24205289387836434,-0.9984260877762021,0.29472536285471257,-0.14828391126365767,0.17205762998712565,-0.27781303494234966,-0.1596796473806733,-0.07070116461055423,-0.9431818509181887,0.8181142629987045,-0.1850779362147235,2.6526516449317814,0.7459788695366233,0.3328256874087879,-1.489573819185179,-0.617769871747717,-0.8933165461712682,0.027502143594513702,0.42463742507879687,1.0795636226348408,-0.9837522437657661,1.3773264558224152,-1.0941897768189714,-0.10230489514652805,-0.055780019649079915,0.2374131369620272,-0.15138733375519614,0.9783186010069536,-0.7636059307799044,0.6995716812048297,-0.9655621364932685,1.4610056147865997,-0.7909488558335438,-0.1673420195083913,0.3337353949790365,-0.5302524686390306,-0.3909547936111306,-0.17524637043827695,-0.5214463497104048,0.0720266709807708,-1.1836124931413845,0.09256789175751849,-0.6042244791821342,1.422991427479109,0.7972660296154481,-0.49754387183726667,0.6055716305144715,-0.24720712940071146,-0.3680169923007662,1.690903855408891,0.9232598167512814,-0.6900450468687549,-0.2619470714159379,-0.2574905238314872,0.12994748954697935,0.11652112978624868,0.4544720386679752,-0.7254487745058714,-0.612781086128064,0.3075276101263111,-0.9345453323930367,-1.0153175995137425,-0.4027117956223107,0.18459545077143455,0.1989277953297564,-1.4065955290058552,-0.4086771505591091,0.4576389605208543,-0.10733091375957839,-0.6131760542444183,-0.3315996984136526,0.12879217329472925,-0.7238977981221298,-0.5419329705614685,1.8802281881131213,-0.3752454131962792,0.8834714422471867,0.5482828973496973,0.047202249584341584,-0.5840353515149137,-0.7620075162207504,-0.5289593108294093,0.5916649879587741,-0.6541689942012092,0.11970909868509964,-0.3620911100184378,-0.03908100115633379,1.6474823356052597,-0.17072801687255612,1.2234888991828103,-0.3641221353026913,-0.1565083154932957,0.7670848869186611,-0.2284153449642589,-0.6487212365111056,-0.6312172024778568,-0.47003969249380423,-0.9456701943876439
131,-0.26899655650089177,0.2567427102215299,-0.8913029674635113,-1.0241111076235472,-0.6240744378741885,0.10089510531545151,-0.4406976157654506,-1.5053422392933977,1.9905321339638187,-0.3587723639254104,0.5725754220465153,-0.1993682896530261,-0.45000824101087405,-1.144208403852879,-0.4402796314232057,0.5200495145092916,-0.7120839163725828,-1.5053422392933977,1.315368715746564,-0.6372992567216573,0.572586633412634,0.13224716872201123,0.09844481697751709,-1.3002981183391227,0.6152870175871011,-0.6582358378552107,0.5334724992985048,0.597546870794404,-1.1710813298150766,-0.9891020549323039,-0.5360562674188971,0.43547745650463726,-0.4113412796042195,-0.7969764081943128,-0.4765419754372888,-0.6582235012666314,1.4365863185532493,-1.4022092318439443,0.16169769806151443,-0.5158846105179032,0.17193920064502524,-1.1670676959016906,-0.2499404901252742,-0.5173984063326563,0.042923607640733386,-0.3609564132883451,-0.47472676175251477,-0.1299613067102295,-0.023372119287701852,-0.7560870799680597,-0.5227246520468957,-0.48178104671147753,0.6485916798662694,-1.3768299331462959,0.6249041318335679,-0.3551903152495528,-0.24410908660969102,0.9856657586380444,0.18505605786305218,-0.04503309653550951,0.41449841045769753,-0.9282167939854831,0.6821204551498122,-0.20160224856033646,-0.8073809986751186,0.22199365611459435,-0.07070116461055423,0.026156756061352412,-0.3082749396806715,-1.5769863821271075,-0.3476545243806463,1.0393413463206886,-0.8106245270017715,0.256577308567782,-0.14900140538088577,-1.1342882541943462,-0.5895700854377245,0.13316855466344457,-0.9842136403696558,-0.05110920995811914,-0.1837500026038101,-1.1852780321293723,0.3731369412190785,-0.055780019649079915,0.9311820760920488,-0.7534960475542705,-0.4775126504914895,0.34558450226995685,0.3421262966476175,1.5480913593363148,0.3293830085895101,-0.7909488558335438,-0.1673420195083913,-0.18254035415980455,0.4218881145305014,-0.12271567778385237,0.1278813717839514,-0.8901043173509248,0.4043677693803183,0.4028578157258932,0.6835550834341857,-1.2234082296464954,-1.2360955966409561,0.0531510686410299,-0.324485133806913,-0.5918863959265739,0.3414589059136402,-0.6208877900285795,-1.0739646067730064,-0.10548741450677925,0.23796942538509372,-0.06209644472257946,0.07022468831767838,0.44182146445972975,0.11652112978624868,-0.20335791456021826,0.20109105853967826,0.3231978307641104,-0.4588281288855011,-0.4762014432575984,-0.5334719590665425,0.2350670662229775,-0.4307227184666802,-0.35807003159356166,0.041370456735466396,0.9428535835733779,-0.817375422501141,-0.1244519275666742,-0.17518189375385276,-0.1341899609046007,0.25655765964556826,-0.1510743230863576,-0.6614142554096664,-0.15717077733453352,0.8755726307913185,-0.6354794584585027,-1.4717067244649766,0.047202249584341584,0.43986311035953324,-0.8530074601137143,-1.0441482774297342,1.482064757187378,-0.3376811870714666,-0.3308090146459195,-0.6335901825647797,-0.27957946981069615,-1.14978645913796,-0.95774487989981,-0.9793314839856638,-1.1261211932492527,0.17449496546114637,-0.6645966584382553,0.5645858112891134,0.494482334046787,-0.8508904714782674,-0.04612977604243479,-0.6500377760637792
132,-0.26899655650089177,0.827282066269374,0.6746418623057359,-1.0549404166018665,-0.6240744378741885,1.4672886169995818,-0.41448790199860136,-0.2948099133845932,-1.3763530740418972,1.894204486054741,-0.27718315484230605,-0.12610960054167783,-0.7924058156930609,-1.144208403852879,1.3208388942696172,-0.472772285917538,-0.32024969584004237,-0.2948099133845932,-1.4086811908341115,1.103579855897045,-0.2771688106018534,1.7550973336796192,0.2028559864991261,1.9382721014942723,-1.3913062510829783,0.3398112809144228,1.2981771058014806,-1.5293148727111014,2.9073113610831998,-1.5543032291793346,-0.1608168802256692,1.5049638207891574,-0.34568365681901664,1.710191164285658,-1.1139375436265042,0.33981981683374834,0.5568411860189135,-0.9213028725529818,-0.7394923330894286,0.37029754251898606,-0.21351297053677648,-0.9039606469061403,-0.8527502037990282,0.8687427588013051,-0.5433500576961096,-0.8468592773303484,-0.8087053881110678,2.3371007867720968,-0.1834175006915017,-0.7103176361049837,-0.8538837720857736,1.0274121455965262,1.845841343209543,0.07600751922645053,-0.3224723945613456,0.24842790835373324,1.0428258469811498,-0.16109218769984632,-0.15140950188795188,0.7430460928359098,1.9142703362510547,-0.06942479670749173,-0.7463316422104561,0.1883608121925464,-0.2189721500831531,-0.7049272238024843,-0.47120487165300184,-0.6200689819250084,-0.3082749396806715,0.4038064062866697,-0.014287172234821033,-0.4274710375996381,0.04696313380614806,-0.9906734969700474,0.0853828278025299,0.07057028592104427,-0.5709021252309855,-0.1836860242383338,-0.6583714104909719,-0.6574539278478793,-0.2341115026911316,-0.038522848721122355,1.4428810730416932,1.145635788177254,1.8141607258938945,1.1732518366027673,0.9783186010069536,1.1906819750698512,0.6995716812048297,0.7102068607264537,0.3293830085895101,0.27378998855776515,0.6223618927783987,0.591873269548457,1.3007429219333095,0.029826794512906405,0.6234556280235346,1.6278483930943155,0.41929771157561024,1.3173131121704622,-0.5406326707531963,-0.13073102294468159,-0.06609730602812756,-0.19488725168377616,0.021632342253794203,-0.831378001214783,-0.5485995766327401,-0.236349241365224,-0.6101936422458564,2.294922791762029,0.3678914515006325,0.7373060620508544,1.7088007490635062,-0.07796849372818761,0.7778572718163088,1.667730193128768,0.60249344076713,0.9654981218942867,-0.5661179323471548,-0.10119280669223972,-0.9189484714243025,1.8932921070207267,-0.34282012286123525,-0.5437359739013343,-0.4412848718449741,1.393363828284207,-0.5543569373790518,-0.6257340979166528,-0.5624232059600552,1.3029910991799303,1.8376555532372008,0.2895591192488518,0.7723611627687074,0.38613561345150776,0.8755726307913185,-0.8524724442736012,1.0532803028033657,2.080529923986746,1.425429855605751,-0.20203133317691263,1.587015001400844,0.5890775593791485,-0.2981202111802488,-0.12056722842477724,-0.6723757643571143,-0.27957946981069615,-0.13259780650406192,-0.12033378483396845,-0.1581261629777601,-0.3154129822443302,-0.7210122996389504,-0.05871476715572202,0.5110164471396994,0.8658231697403931,0.56212114233349,1.4065055894144252,0.6143584277908481
133,-1.552843757982421,-0.8843360018741582,-0.5659118340049671,-1.5597703511218464,-0.8808685530437197,0.2783488081315723,-0.2703344762809306,-0.9865426710467673,-1.1173619041953038,1.894204486054741,-1.4101945906940678,-1.3715073154345985,-1.4772009650574345,0.4497137507680469,0.7337993857053429,-1.4655940863443675,-1.3466491995567296,-0.9865426710467673,-1.3361947698498762,0.20651461774977173,-1.410195880852342,0.9083928997886933,0.5682950798247576,1.0860167804854841,1.0452712894449752,-0.9909182107784219,-0.9959367137074469,1.3065007852962391,-0.35540279163542127,-0.42390088068527304,-1.286535041805353,-0.2174288197877709,1.1153388813636076,1.0838144363628734,-0.2856130978856549,-0.9909104245030628,1.488033402327187,-0.8052220272068875,-0.5991872982994615,-0.03353229937124198,0.8272078916540881,-0.5882321881114801,-0.7379293059564085,-0.6362105062012816,-1.1296237230329527,-1.1707945200250172,-0.9756947012903444,-0.7467268300808111,-0.7848207372238906,-0.9211289920947715,-0.8759225623698129,-1.3369479429615299,1.6063914105408883,-0.3951830058674132,-0.7597230990513056,0.6508400574225907,-0.24410908660969102,-1.307850134037737,-1.160806181140964,-0.24205289387836434,0.8881345069360358,-1.370210146590907,-0.9940827245822859,0.0893384837315262,-0.04244949550556344,-0.6504024661603032,-0.1851307951941107,-0.5123646922606149,-0.13042401294182265,-0.5062875775791198,-0.3476545243806463,-2.18764589830403,-0.8106245270017715,-1.2401236580776132,-1.320922571297964,-0.8933165461712682,-0.44326179121696585,-1.643811186152707,-0.712986168316945,-2.028190803637665,-1.366400539744763,-0.758114703064531,1.3834508434959922,0.4848570938727704,1.2465315938784223,0.39051050866397075,0.8618521008870781,0.7153146466199106,-1.4451006261384438,-0.4069724707533611,-0.5193339460583071,-1.057133566931371,0.09589261792053867,-0.4406782287292251,0.24651586223489033,0.3686984923529857,0.3881811159667754,-1.1032252487018015,0.44387434184509983,-0.887602845021832,0.5569149709320427,-0.8956050676359512,-1.4488225585705614,-0.9390022126581944,-1.276308192973858,-1.5498528170794104,-0.42152798622590426,-1.2809688857635861,-1.5888307042740901,1.5176471059226055,0.20084884649493978,0.7373060620508544,-0.2574905238314872,-1.4294223850167727,0.11652112978624868,1.1680211928632456,-0.5916502938770544,0.06637235672500713,-0.3208840958633749,-0.6845395746827976,-0.5334719590665425,0.745290155699208,-1.4855538657320198,-1.286399743132425,-0.4412848718449741,-0.4086771505591091,-1.3187085575337993,-1.208362411555238,-0.7228453401133881,-1.0307985650908165,0.799560976636634,0.950509282751666,0.5333985930723117,1.33692179732708,-0.9525460488828628,-0.20149348682830578,-0.9667093190113081,0.047202249584341584,-0.26268612245269224,0.06513994389080609,-0.16551642936009106,0.18527536737896866,-0.10031533172415971,0.39001996668371114,-0.7499469279417835,-1.5421964302460984,-0.641192132821011,-1.1175561184324485,-0.9213468415223396,-0.8667353738024236,-1.709694744296471,-0.5585721917658136,-0.37817610418729564,0.612760240226462,1.327779565002563,-0.832578769720593,-0.7614216531741284
134,-0.45240329956968167,-0.0998443873083726,-0.754028583035688,-0.45762255514692846,0.07078022670219007,0.02991362418900318,0.2014403715223554,-0.006587931025354015,1.2135586244240382,0.3038678860687517,-1.1269417317311274,-0.6389204243211157,1.26197963240006,-1.144208403852879,0.7337993857053429,-0.8037128860598145,-0.10179262455060159,-0.006587931025354015,1.7613640398334232,0.4023569139517999,-1.12693911328972,0.6402698290565668,-0.05817193730489642,-0.6184938615320922,-1.2479781604636868,-1.6562829566248443,0.2785709637975129,-0.46588400095834875,0.4602757465442341,0.1413002935617577,-1.661774428998581,-0.013116204797141113,-0.6365484826519329,0.32770359267732274,-1.557106284617785,-1.6562842709759256,0.7369059792276956,-0.5233114027949439,0.042978053239234495,-0.10083727301961332,0.9042983258904486,-0.009396680321269757,-0.22123526566461924,-0.3589822731744893,-0.836486890364531,-0.1989887919410107,-0.3077374485732382,0.48680421666035206,-0.02654580445394787,-0.017126068389204295,-0.07145423128951295,-0.19159379844302601,0.6999023797238383,-0.4737147600497238,0.26052854475860115,-0.01026561604767505,-0.1011163162107087,0.2211604610794506,0.18505605786305218,-0.04503309653550951,0.158872556296937,-1.1678989359693677,-0.09912207419494411,-0.6556077385828258,0.4871184682272055,0.33104317139895656,0.44423217301544987,0.4031217698867295,0.6995469785061386,-0.9881020396257142,-0.6810218765264716,-0.7208335143837035,0.9045507946140675,0.7554776307829137,-0.8521541049311327,-1.3752599622174244,-0.3604266400421963,-0.38707420662236297,0.7281105395524196,0.5144735773336185,0.3464038041387339,-1.1279042262721044,0.31370671167337766,0.4848570938727704,-0.07793638082434626,0.20987789452424846,0.8618521008870781,-0.18260141822997708,-1.4451006261384438,-0.12767763788340744,0.6122886601387825,1.338528832949074,0.35912725534946865,-1.4732297270069072,-0.43848832454777,-1.0682872751053378,-0.1326646362144886,0.41029628775834914,0.42843093173566515,-1.5607080638218933,0.5569149709320427,0.014959271282226917,-0.5979147108521405,-1.6831171736326125,-0.0648970267613826,-0.3523947906383648,0.39370511123344565,-0.15954898954850105,-0.4902001859369567,1.0604261142523563,-0.2074775212967536,-0.9614242648426926,1.7088007490635062,-0.597758451916105,-0.5448150122438115,1.235633392112395,-1.0121816934285113,-0.3137662582475093,0.1695835771041849,0.31548345615815876,-0.8225793433348625,1.6381805622826113,-0.5186253140721252,0.1989277953297564,-0.9239402004254146,-0.4086771505591091,-0.005426857386194432,-0.08220374294543716,-1.3421328702962918,0.6107949176299907,1.0071798919567474,-0.8120244865891718,-1.7367458190434466,-0.4288239727275542,0.5869223129480268,-1.0694654300886997,-0.46171191355763963,-0.9694615876168605,0.27383400606652686,-1.8134969025984584,-0.29741970559121206,-1.4063258244709256,0.45353833075288974,0.23984726224003808,0.6075484347899263,-0.4599533213014679,-1.14978645913796,0.05205887309486049,-0.2536655682764915,0.21735826784372392,-0.02472219593273273,-1.4773652485029791,-0.2604371528501741,-0.3072975013842124,-0.4374171058864964,-0.9668143728507284,1.7270087052918335
135,-0.6358100426384715,0.18542529071554942,0.5373674778779115,-0.9894281350229379,-0.9110796254166057,1.289834914183461,-0.5062219001825736,-0.9288982745749194,-0.8583707343487101,-0.09371626392774557,-1.6934474496570084,-0.27262697876437436,-0.45000824101087405,-1.144208403852879,0.14675987714106856,-1.4655940863443675,-0.9270995843444931,-0.9288982745749194,-0.87409120644276,-0.09248468079033656,-1.6934526484149643,1.0071750837426348,0.46388391030314857,0.4042125236784536,0.7586151082063924,0.672493653837634,0.10863660679685162,-0.8203609582092664,-0.35540279163542127,0.7065014678087884,0.9649012813540145,0.17869450946059154,-0.4549083509386943,0.12506508503390662,0.2873692108072472,0.6724715763805761,0.49510468549018816,-0.28009439349836524,-0.761077723057116,0.8246061146454926,-0.3869664475685872,-0.5619214832119251,-0.7953397548777184,0.47270242590588757,-0.39678164136189886,-0.8468592773303484,-0.9756947012903444,0.48680421666035206,-0.9571805363778069,-0.8535657432553418,-0.8914955674843215,-0.1755891361000732,1.213009378299527,0.8613250610495568,-0.9054733338812923,0.8807898568905091,0.6138475357842029,0.6034131098587475,-0.82434062138996,0.1519867008073453,0.5254151453056494,0.38338614889321077,-1.12671649975464,0.41026472454264123,-0.2189721500831531,-0.7594519814446653,-0.5284196869447801,-1.1585904302469756,-0.782544077650935,-0.34568275689692163,-1.0143892286722969,0.4526163927525579,-0.5247619733991316,-0.24232301364734973,-0.14900140538088577,-1.3752599622174244,-1.2094474305473901,-0.3542761717481316,-2.1227412421441483,-1.1721560118223604,0.07319856182025723,-1.5109959580913561,-0.8154676496949378,1.926556063264371,1.75109082233662,0.6313539941836005,1.735350851786144,0.1871287261199767,-0.015319087909594756,0.43091202785649996,0.3293830085895101,-0.7909488558335438,1.1488311676362586,-0.4406782287292251,-1.270025624370649,0.6214058386584295,1.3097510163770631,0.33114283211184803,0.2461105042028506,-0.20735621105003138,-0.1396056478297436,-0.8591824940792241,-1.5551860395353638,-0.19488725168377616,-0.5840732408524435,-0.831378001214783,-0.2600667885902959,-1.1441906379812936,-1.5907005534640533,1.5176471059226055,0.3864517409457095,0.23767949531745824,1.0533703247651751,-0.07796849372818761,-0.10392425089043805,0.8396749967305472,0.23716830722966373,-0.18022023138287407,-0.39751966976455616,-1.2262187163883156,-0.7262102152454225,-0.6578233403604259,0.008790259560544621,-1.286399743132425,-0.4412848718449741,-1.3096976399807672,-0.8888710882309394,-1.6667026107549505,-0.23262805134709538,-1.0423181291806616,1.2147988072768607,0.8183192500511032,0.055473453679520536,-0.7004771681205748,0.3944887677191656,0.23249248480189116,0.043285491896028795,-1.4777935062174616,0.4404366890445676,0.24142342441760514,-0.2824356341373646,-1.0594373112889444,-1.4058275361343477,0.5702272120161188,-1.5256585637884748,-0.6403271727922396,-0.38689496966253645,-1.6783653740390971,-0.6426527547101831,-1.4723321366588424,-0.9067228862744086,-0.6488155766754822,-0.03956491492058937,-0.08747959611855938,0.7228784178467924,0.27303334717771455,0.2289829427372301
136,-0.9414879477531214,0.2567427102215299,-0.4591428683388816,-1.0742087347133162,-0.6391799740606314,0.8107099165799347,-0.257229619397506,-1.2171202569341586,0.0480983601143672,1.0990361860617464,-0.5604360138052465,-1.1517312481005535,-0.10761066632868721,-1.144208403852879,1.9078784028338913,-0.472772285917538,-1.0017858247649953,-1.2171202569341586,0.1274640076852601,0.8521677326606953,-0.5604255781644756,1.0212868243074835,0.04623923221671258,0.23376145947669597,-0.3880096167479386,0.672493653837634,0.2785709637975129,-0.46588400095834875,1.2759542847238894,-0.42390088068527304,0.2144225069675587,0.2820461577217247,0.7110429303064707,-0.1586693928048682,-0.40106121932101746,0.672524191679094,1.606361695007244,-0.18059652605885573,-1.1550110899674084,-0.2130122291002322,0.3839378947950162,-0.5356107783123701,-1.053686775023613,0.2746822594581788,-0.2502132250276881,-1.0088268986776827,-0.9756947012903444,-0.4383440683955203,-0.41676480755691153,-0.6853356421021055,-1.0001693605202857,0.04186033233383443,1.7261163768752157,0.19380515049991648,-0.9783484512962857,0.018478108885814762,-0.1011163162107087,2.132423704975935,-0.15140950188795188,0.1519867008073453,0.704655872925689,1.6619102878611862,0.4445708744336424,-0.4406262453024097,-0.10129038036475999,-0.3777786779493977,-0.07070116461055423,-0.5662168370928116,-0.5454095086658033,-0.23861287644212287,-0.6810218765264716,-0.4274710375996381,-0.5247619733991316,-0.24232301364734973,-0.8521541049311327,-1.3752599622174244,-0.601517504958785,-0.22727185496037808,-1.078764163632601,-0.38484619941097414,-0.7174819022011196,-1.205254507392008,0.6108578594018818,0.6049986746554038,1.0573218832065983,1.2334627079826748,0.33775285034763863,0.5568588704699304,-0.7302098570240193,-0.9655621364932685,2.309722569434417,0.007605277459937894,-0.1673420195083913,0.3337353949790365,-0.598723684617807,-0.5396755525569668,1.4922241440330462,0.8655097961520752,-0.0800022658225975,0.7570342326926355,0.1769946334256138,-0.7134921998523156,-0.27882426795773274,-1.4350788533078065,-0.41101450282208984,-1.0708696065029921,0.07400281204751169,-0.8921968527032822,-0.7968793152333075,1.9291459984258297,-0.24459810018690753,0.4375301220108167,1.3810855369143407,-0.18192648536577108,0.5574118911396221,1.0568999807752442,-0.02244604700236466,1.4082387372261986,-0.1063044889400675,-0.6012043221127179,-0.6298410871559825,-0.7853791127294836,-0.8702356964939051,0.013261853021983716,-1.4065955290058552,-1.3096976399807672,-0.7853699143418033,-0.3089023048826605,-1.3509961926088874,-1.008477102182753,1.039121263544457,0.0692423980812471,-0.1834891160168751,1.2010951996305697,0.3944887677191656,0.015499498986792693,-0.46171191355763963,0.047202249584341584,0.28677849557544294,0.6490376680848796,-0.2896295192165516,0.5701468147494646,-0.7332909459836449,0.3299508849062419,-0.4008766918107724,-0.9409502586101925,-0.13259780650406192,-1.0942448795717656,-0.4121526767432093,-0.7966557502058192,-0.8501824506511051,-0.026625212151696564,1.0090954227485953,0.9832429181531203,0.008539321763929044,-0.1902955428031033,-0.511502611972769
137,-0.3301321375238217,1.0412343247873155,-0.20493104532439346,-0.9200621898217194,0.4182075589903793,0.15413121616028774,-0.19170533498038295,-0.17952112044089752,1.0840630395007413,1.4966203360582435,0.006069704120634417,-0.4191443569870709,-0.45000824101087405,1.2466748280785098,0.7337993857053429,-0.472772285917538,-0.0009651812816652644,-0.17952112044089752,0.7685977583714566,2.0132588003864114,0.006087956960768767,0.2310293526759526,-0.528022200152137,-0.10714066892681931,0.4719589269678097,-0.9909182107784219,0.8733412132998275,0.24306991354348642,-0.35540279163542127,3.532507339043942,-0.911295654612125,0.4603738676881693,0.02407398261125015,-0.8780918692039584,0.8720547338398307,-0.9909104245030628,-1.8097246675822238,-1.4132645504483343,0.14011230809382716,1.4696121121090513,-1.1771433984912807,-0.9828927616048054,0.12322742786324026,1.6608234245921403,-1.1296237230329527,-0.1989887919410107,-0.14074813539396164,-0.1299613067102295,-0.8915724843023416,-0.8184045135022154,0.2157252783703835,1.7972601057998987,-0.48024371700024565,-1.651691072784383,0.6249041318335679,0.7658149571565499,0.7568403061831852,-0.5433448364791432,0.18505605786305218,1.5311252822073291,-0.39514258169115235,-1.63551440636093,0.08269660203701097,0.908475974074636,-0.04244949550556344,-0.05063013209631113,-0.47120487165300184,-0.5123646922606149,0.6402633362598557,0.5644112269688679,0.3190801799110043,-0.4274710375996381,0.6186882410114277,-0.7412233358624815,-1.320922571297964,0.3115419939441224,0.8216998046589389,-0.585695487809338,0.6104822520105081,-0.019317483372721468,-0.05289376129283466,0.6617482642717057,0.3731369412190785,0.18450314191618689,0.6789024618629501,-0.15138733375519614,-0.18634640019180088,-0.44669437847994403,2.486798603990891,0.9895016935964073,0.6122886601387825,0.5399746996555924,-0.1673420195083913,0.07559752040961597,0.600845285401736,0.3828953534164206,-0.016199359851576296,0.5416318375928046,0.702462703306434,-0.7799691079337725,-0.18181901866379127,0.12422699195240829,0.2529931368662802,-0.6909638923333883,-0.23795576479173622,-0.3523947906383648,-0.23703416637272373,0.311739875092592,-0.014204625430084153,0.2602893788294201,-0.0775554951812148,-0.2619470714159379,2.0365159612126718,0.6497374477348967,0.11652112978624868,0.17217474105527322,0.08365243463102522,0.2569389257812639,-0.04499602981912251,0.6904920927235174,-0.9189484714243025,-0.27515602325325306,-0.34282012286123525,0.013261853021983716,0.041370456735466396,-0.859187395269938,-0.09772570699162839,0.8988150022894079,1.0641927376323577,-0.4766218390747191,0.3044697170271329,-0.4595177327210042,-0.5419329705614685,0.2503090157549974,0.49070554033359615,0.8834714422471867,1.0532803028033657,1.5721980053861446,0.2739992229159228,-0.3610616972868226,0.4145451029253847,1.2000711990722508,0.5722212584265433,-0.6912235053107348,0.6075484347899263,-0.3397040869742867,0.1216993566544126,1.1944094175808369,-0.7805933133123804,1.0316772364857236,-0.06756168485504739,0.37158717281825815,0.569221298820736,0.10054291193755852,0.03506745832793551,0.2393753518062713,-0.4968383299044978
138,-1.2471658528677712,1.540456261329179,0.8170004831938489,-0.6387447453945552,-0.2917526417724422,0.6687469543270381,-0.4800121864157244,-1.44769784282155,-0.21089280973222635,-1.0214126139195725,-1.4101945906940678,-1.0784725589892052,-0.45000824101087405,-0.347247326542416,-0.4402796314232057,-1.1346534862020912,-1.2787346456845072,-1.44769784282155,0.3266920102922876,-0.6586605482898281,-1.410195880852342,0.49915242340807914,-0.5802277849129415,0.9155657162837265,0.7586151082063924,-0.32555346493199955,1.3831442843018114,-0.11140704370743117,1.2759542847238894,2.402104990549881,-0.1608168802256692,0.6644418446673535,0.04148422994714438,1.334627878113328,0.39554508168213676,-0.32553657803020003,-0.14798386168403396,-1.0871326516188309,-1.2683343872977666,0.98725980096239,-1.1964160070503709,-1.1407569910021356,-1.082391999484268,0.8687427588013051,-1.7158973883697957,-1.1707945200250172,-0.9756947012903444,1.4119525017162244,-1.6918258892564422,-1.3139989870763937,-1.0380639222606352,0.26311524056997365,0.528866713531942,-0.9841711622347429,-1.488474273201239,1.053252206491448,2.043775239774026,-1.307850134037737,-0.82434062138996,1.3341054848644742,-0.2351291367284083,-0.4264966725029842,-1.1377655536076898,2.0903524397468716,-1.0427445381119047,-0.4323034355915788,-0.8717085786954495,-0.8893297060859919,-0.13042401294182265,-0.8810321591709155,-1.3477565808181222,-0.4274710375996381,-0.8106245270017715,-1.489573819185179,0.0853828278025299,-1.6162316702405026,-0.9798523272979779,-0.46141124844427417,-1.7632186431230494,-1.5691557954528377,-0.7061930928701937,-1.6893497052018465,0.3731369412190785,0.7251402554380372,0.3004830405193019,-0.030965590995381286,0.5706858505873895,0.0814915420199899,0.6995716812048297,2.106681025076222,1.4610056147865997,1.0723441218512468,0.35912725534946865,0.3337353949790365,-0.13767306009128202,1.2027752887699505,1.2709447188446223,-0.3137668014312884,0.036570509062425406,0.5505088348729926,0.008141150089423186,-1.2051969428681317,-1.1297321156761535,-0.44292557200858224,-1.4493669310042117,-0.5918863959265739,-0.3056519210239528,-1.6747828840573036,-1.0290499334347598,0.30601147799644507,0.29365029372032464,0.6373807487041752,0.7256551126160095,2.0011913390234817,0.3369665104629354,0.7847744586415939,0.689414023587368,0.43506283271356805,-0.22892140718195744,-1.6428949792387142,-1.0153175995137425,-1.4231579745747718,-1.13394348331024,-1.1007338008246523,-0.4412848718449741,-0.4086771505591091,-1.2518105858313344,-1.4783857975671644,-0.2670511253405606,-1.357721189968563,0.7037368618735047,-0.06294763461931573,-1.2588206796506554,0.2503090157549974,1.5490900390923328,1.100464428062285,-1.4717067244649766,1.5721980053861446,0.6928992401161993,0.09303606139605995,-0.6735027994885281,1.2330061301425908,-1.4453885120255656,-0.6611889644220003,0.14212145328191153,-1.2415733444281454,-0.13259780650406192,-1.527927214037676,-1.7330038375770493,-0.7997629193580698,-1.2753932821046976,0.2005101778149185,0.14055932388069184,0.39262410520649604,0.3060969324592553,0.7901543019985424,0.07688383246036627
139,-1.0637591097989814,1.397821422317218,0.03402806830922484,-0.977867144156068,-0.9563962339759347,0.633256213763814,-1.3056181700714748,-1.44769784282155,-0.987866319272007,-0.09371626392774557,-0.27718315484230605,-0.8586964916551605,-1.8195985397396213,-0.347247326542416,0.14675987714106856,-0.14183168577526145,-1.2737457901967666,-1.44769784282155,-0.9143410559939196,0.2835809218652066,-0.2771688106018534,1.0636220460020298,0.09844481697751709,0.4042125236784536,1.1885993800642667,1.0051760267608452,0.9583083918001581,2.0154546997980742,-1.1710813298150766,1.2717026420558193,0.5896618941607866,0.6894666817483487,1.1117185501440274,0.19509481613111704,1.2557752986031863,1.0052111149155254,0.37163168443273753,-1.6177879446295482,-1.1604074374593303,0.9536073141382043,-1.2156886156094608,-1.3775533350981306,-1.1110972239449228,-0.47779437304311456,-1.2761921393671634,-1.0088268986776827,-0.9756947012903444,-0.1299613067102295,-1.379444868849815,-1.207082837330295,-1.0371558420282987,-0.11530392834998962,1.0077665788692516,-1.2197664247816746,-1.2334113622487624,1.1682271062254073,1.0428258469811498,0.6034131098587475,-0.15140950188795188,0.9400658901787646,0.9459074389218335,-0.5541623703924184,-0.9775067263859463,0.8454669235286322,-0.9839036532527082,-1.3046995578664764,-1.729930808072123,-1.3739990095757626,-0.9011113621435008,-1.2022418005353117,-1.3477565808181222,-0.4274710375996381,-1.0964870806044114,-0.7412233358624815,-0.8521541049311327,-0.41137313012511195,-1.171130621744124,-1.1964161662157893,-2.034800256524679,-0.4488360478395003,-1.3332215102345366,-0.1968907412656676,1.502311302587394,0.7852110458293539,0.8681121725347741,0.5711431228036931,0.5706858505873895,1.0322261989198709,-0.015319087909594756,1.8273861922062684,0.6122886601387825,1.6047135440469014,0.09589261792053867,1.108149018687298,2.4219632232443042,0.3906342200069656,0.4638946970552091,1.264439840638238,-0.1428152455185455,0.7315865645053986,-0.6250594124212917,-1.660479112327221,-1.4488225585705614,0.549227709290642,-1.3628375619890347,-1.0708696065029921,-1.012917496709884,-1.2285577966974104,-1.0959891476708319,1.2890366100874808,0.5163737670612483,0.4375301220108167,-0.5852057359806527,1.2734853975603975,1.4391934138463691,1.4361073509659026,0.7034050999737533,0.763401268483941,-1.3018194417984945,-1.434556847813515,-1.3044249837820623,-0.14760025088419543,-0.9581382920993501,-1.1007338008246523,-0.4412848718449741,0.04183309415171989,-1.3257379593958167,-0.829764742898082,-0.28650186182358867,-0.9421345338506675,1.1828574356891508,0.6861292173505403,-1.2588206796506554,1.6085749927201005,1.1642229486346103,1.7514433855075806,0.043285491896028795,-0.46112966901625946,0.7572422537125633,1.6539187860890106,0.46809287774805214,-0.08772709089473736,-1.2475836325694765,-0.8413962097544079,-1.952299963504155,-1.0611994929373738,-1.658380785454909,-1.2910938327983692,-0.9354229078331073,-1.4809461580799284,-1.0576629047518253,-0.14876152007693613,0.12286694095610773,0.988543751751475,-0.11613800968239492,1.7970348344976914,-1.032087388931461
